{
"type": "FeatureCollection",
"name": "approval_zipcode",
"crs": { "type": "name", "properties": { "name": "urn:ogc:def:crs:OGC:1.3:CRS84" } },
"features": [
{ "type": "Feature", "properties": { "zipcode": "97123", "approval_t": "Average bus approval score", "calculation": 3.746031746031746 }, "geometry": { "type": "MultiPolygon", "coordinates": [ [ [ [ -123.032043, 45.523884 ], [ -123.029519, 45.524067 ], [ -123.029514, 45.520514 ], [ -123.030567, 45.52053 ], [ -123.031445, 45.521495 ], [ -123.032043, 45.523884 ] ] ], [ [ [ -123.103125, 45.404421 ], [ -123.083758, 45.404517 ], [ -123.072998, 45.405082 ], [ -123.062894, 45.404898 ], [ -123.063513, 45.436289 ], [ -123.057998, 45.436818 ], [ -123.055313, 45.436565 ], [ -123.052977, 45.437373 ], [ -123.052894, 45.43362 ], [ -123.04636, 45.430759 ], [ -123.045628, 45.431981 ], [ -123.041245, 45.431683 ], [ -123.03699, 45.433237 ], [ -123.03449, 45.433579 ], [ -123.034296, 45.434352 ], [ -123.036644, 45.434577 ], [ -123.033547, 45.436048 ], [ -123.0325, 45.439716 ], [ -123.03013, 45.44046 ], [ -123.022054, 45.44041 ], [ -123.022113, 45.436536 ], [ -123.021208, 45.437644 ], [ -123.01727, 45.440147 ], [ -123.015796, 45.439931 ], [ -123.011925, 45.43751 ], [ -123.00756, 45.437533 ], [ -123.002529, 45.435904 ], [ -122.994875, 45.435285 ], [ -122.9912, 45.436828 ], [ -122.985481, 45.440762 ], [ -122.985123, 45.442638 ], [ -122.988079, 45.44314 ], [ -122.988404, 45.441723 ], [ -122.990547, 45.44076 ], [ -122.991694, 45.441849 ], [ -122.994244, 45.442763 ], [ -122.996085, 45.444091 ], [ -122.99815, 45.444127 ], [ -122.999647, 45.445361 ], [ -123.004202, 45.447389 ], [ -123.004136, 45.4485 ], [ -122.994381, 45.449065 ], [ -122.990936, 45.449862 ], [ -122.991296, 45.456569 ], [ -122.992576, 45.462379 ], [ -122.992745, 45.47864 ], [ -122.991143, 45.482827 ], [ -122.991027, 45.492656 ], [ -122.992182, 45.497219 ], [ -122.991296, 45.500186 ], [ -122.995623, 45.500627 ], [ -122.995723, 45.50155 ], [ -122.997836, 45.499839 ], [ -123.000329, 45.496919 ], [ -123.003061, 45.49866 ], [ -123.003989, 45.498449 ], [ -123.005685, 45.496239 ], [ -123.009187, 45.497607 ], [ -123.012027, 45.497534 ], [ -123.013814, 45.496702 ], [ -123.016116, 45.496445 ], [ -123.016227, 45.495081 ], [ -123.017905, 45.493897 ], [ -123.020136, 45.49432 ], [ -123.021214, 45.492821 ], [ -123.019701, 45.492232 ], [ -123.021363, 45.491057 ], [ -123.022735, 45.492933 ], [ -123.025708, 45.492014 ], [ -123.027135, 45.492766 ], [ -123.031605, 45.493768 ], [ -123.037261, 45.494594 ], [ -123.037323, 45.496197 ], [ -123.035349, 45.496148 ], [ -123.034092, 45.498038 ], [ -123.035323, 45.500293 ], [ -123.036852, 45.500526 ], [ -123.036081, 45.499059 ], [ -123.037345, 45.498154 ], [ -123.038601, 45.498505 ], [ -123.037711, 45.500215 ], [ -123.037921, 45.501597 ], [ -123.036594, 45.502768 ], [ -123.03539, 45.506004 ], [ -123.037787, 45.505598 ], [ -123.039922, 45.507599 ], [ -123.039883, 45.513758 ], [ -123.038422, 45.513744 ], [ -123.036488, 45.513727 ], [ -123.036502, 45.519591 ], [ -123.032527, 45.519343 ], [ -123.032518, 45.51998 ], [ -123.029518, 45.519988 ], [ -123.022859, 45.519955 ], [ -123.018044, 45.519928 ], [ -123.016655, 45.519972 ], [ -123.016627, 45.522274 ], [ -123.018186, 45.522679 ], [ -123.011347, 45.521647 ], [ -123.011364, 45.522585 ], [ -123.008156, 45.522306 ], [ -123.005453, 45.525361 ], [ -123.003369, 45.52534 ], [ -123.002416, 45.522807 ], [ -122.987984, 45.522636 ], [ -122.987952, 45.523922 ], [ -122.986135, 45.523884 ], [ -122.986164, 45.522621 ], [ -122.977243, 45.522342 ], [ -122.977217, 45.523822 ], [ -122.975504, 45.523794 ], [ -122.975537, 45.522222 ], [ -122.95453, 45.520764 ], [ -122.949236, 45.520301 ], [ -122.944498, 45.519918 ], [ -122.919106, 45.519879 ], [ -122.912855, 45.520391 ], [ -122.908858, 45.519136 ], [ -122.9025, 45.515593 ], [ -122.899627, 45.515234 ], [ -122.90156, 45.514203 ], [ -122.902, 45.513231 ], [ -122.902132, 45.500638 ], [ -122.899391, 45.500607 ], [ -122.899453, 45.498323 ], [ -122.899312, 45.497364 ], [ -122.901481, 45.497401 ], [ -122.901458, 45.497936 ], [ -122.900668, 45.497934 ], [ -122.900667, 45.499475 ], [ -122.902129, 45.499478 ], [ -122.902211, 45.497268 ], [ -122.912239, 45.498361 ], [ -122.91236, 45.49609 ], [ -122.914032, 45.49546 ], [ -122.918024, 45.496016 ], [ -122.918913, 45.49419 ], [ -122.915576, 45.49378 ], [ -122.915576, 45.494834 ], [ -122.912548, 45.494225 ], [ -122.912556, 45.493509 ], [ -122.915598, 45.49356 ], [ -122.915673, 45.491126 ], [ -122.912523, 45.49109 ], [ -122.912552, 45.490046 ], [ -122.919503, 45.492177 ], [ -122.919875, 45.490506 ], [ -122.923712, 45.48972 ], [ -122.923763, 45.49115 ], [ -122.928812, 45.489401 ], [ -122.932356, 45.487461 ], [ -122.93786, 45.486483 ], [ -122.934118, 45.482247 ], [ -122.932619, 45.478286 ], [ -122.918329, 45.478338 ], [ -122.919601, 45.475637 ], [ -122.921119, 45.475117 ], [ -122.924489, 45.472779 ], [ -122.926532, 45.472281 ], [ -122.931203, 45.47247 ], [ -122.93104, 45.471311 ], [ -122.933382, 45.467206 ], [ -122.936824, 45.463004 ], [ -122.933349, 45.46314 ], [ -122.933346, 45.456168 ], [ -122.932622, 45.453328 ], [ -122.942232, 45.453326 ], [ -122.946371, 45.450944 ], [ -122.947479, 45.448977 ], [ -122.931617, 45.44672 ], [ -122.929705, 45.446934 ], [ -122.930666, 45.443755 ], [ -122.929109, 45.443604 ], [ -122.925269, 45.440473 ], [ -122.922602, 45.438983 ], [ -122.915077, 45.436311 ], [ -122.907231, 45.434678 ], [ -122.904166, 45.434611 ], [ -122.904301, 45.428575 ], [ -122.905295, 45.427336 ], [ -122.903949, 45.425612 ], [ -122.906855, 45.420267 ], [ -122.914696, 45.422361 ], [ -122.917865, 45.421448 ], [ -122.920118, 45.416108 ], [ -122.920942, 45.414981 ], [ -122.922248, 45.412778 ], [ -122.922278, 45.406332 ], [ -122.926135, 45.40388 ], [ -122.928156, 45.401983 ], [ -122.931994, 45.397329 ], [ -122.939321, 45.392565 ], [ -122.944597, 45.393083 ], [ -122.945636, 45.392819 ], [ -122.949299, 45.390482 ], [ -122.949758, 45.389298 ], [ -122.949597, 45.38547 ], [ -122.953597, 45.38553 ], [ -122.954887, 45.384859 ], [ -122.956575, 45.382635 ], [ -122.957004, 45.38466 ], [ -122.959776, 45.386309 ], [ -122.965449, 45.380703 ], [ -122.971818, 45.380718 ], [ -122.970756, 45.376949 ], [ -122.975324, 45.377049 ], [ -122.975469, 45.371084 ], [ -122.97777, 45.370394 ], [ -122.98096, 45.367076 ], [ -122.985742, 45.365045 ], [ -122.99139, 45.364991 ], [ -122.991395, 45.362822 ], [ -123.001986, 45.362795 ], [ -123.010538, 45.364763 ], [ -123.010673, 45.363365 ], [ -123.014481, 45.364882 ], [ -123.021053, 45.365215 ], [ -123.02494, 45.366318 ], [ -123.031538, 45.369876 ], [ -123.034861, 45.372171 ], [ -123.039483, 45.374716 ], [ -123.040699, 45.376064 ], [ -123.040934, 45.377903 ], [ -123.042429, 45.378354 ], [ -123.042137, 45.379796 ], [ -123.045663, 45.381071 ], [ -123.053367, 45.387621 ], [ -123.058293, 45.387612 ], [ -123.060523, 45.388883 ], [ -123.061203, 45.390326 ], [ -123.063624, 45.383415 ], [ -123.066669, 45.383343 ], [ -123.067472, 45.382622 ], [ -123.068244, 45.379424 ], [ -123.070979, 45.379017 ], [ -123.077167, 45.379168 ], [ -123.081587, 45.378248 ], [ -123.08673, 45.378557 ], [ -123.089885, 45.379538 ], [ -123.091842, 45.380268 ], [ -123.091228, 45.381722 ], [ -123.088886, 45.382013 ], [ -123.081974, 45.384015 ], [ -123.079108, 45.386519 ], [ -123.076121, 45.387467 ], [ -123.074016, 45.386249 ], [ -123.071441, 45.38633 ], [ -123.068534, 45.389393 ], [ -123.066148, 45.391156 ], [ -123.063613, 45.396978 ], [ -123.063583, 45.399735 ], [ -123.065832, 45.400961 ], [ -123.064886, 45.402167 ], [ -123.068516, 45.400838 ], [ -123.069481, 45.401046 ], [ -123.067933, 45.397772 ], [ -123.066104, 45.398196 ], [ -123.065985, 45.396448 ], [ -123.068168, 45.393716 ], [ -123.070029, 45.393132 ], [ -123.074515, 45.393711 ], [ -123.077433, 45.395171 ], [ -123.07948, 45.398102 ], [ -123.0829, 45.400305 ], [ -123.084263, 45.400628 ], [ -123.087308, 45.400063 ], [ -123.091523, 45.40078 ], [ -123.092861, 45.398668 ], [ -123.097237, 45.396639 ], [ -123.099444, 45.396539 ], [ -123.102894, 45.403231 ], [ -123.103125, 45.404421 ] ] ] ] } },
{ "type": "Feature", "properties": { "zipcode": "97123", "approval_t": "Average MAX approval score", "calculation": 4.0270270270270272 }, "geometry": { "type": "MultiPolygon", "coordinates": [ [ [ [ -123.032043, 45.523884 ], [ -123.029519, 45.524067 ], [ -123.029514, 45.520514 ], [ -123.030567, 45.52053 ], [ -123.031445, 45.521495 ], [ -123.032043, 45.523884 ] ] ], [ [ [ -123.103125, 45.404421 ], [ -123.083758, 45.404517 ], [ -123.072998, 45.405082 ], [ -123.062894, 45.404898 ], [ -123.063513, 45.436289 ], [ -123.057998, 45.436818 ], [ -123.055313, 45.436565 ], [ -123.052977, 45.437373 ], [ -123.052894, 45.43362 ], [ -123.04636, 45.430759 ], [ -123.045628, 45.431981 ], [ -123.041245, 45.431683 ], [ -123.03699, 45.433237 ], [ -123.03449, 45.433579 ], [ -123.034296, 45.434352 ], [ -123.036644, 45.434577 ], [ -123.033547, 45.436048 ], [ -123.0325, 45.439716 ], [ -123.03013, 45.44046 ], [ -123.022054, 45.44041 ], [ -123.022113, 45.436536 ], [ -123.021208, 45.437644 ], [ -123.01727, 45.440147 ], [ -123.015796, 45.439931 ], [ -123.011925, 45.43751 ], [ -123.00756, 45.437533 ], [ -123.002529, 45.435904 ], [ -122.994875, 45.435285 ], [ -122.9912, 45.436828 ], [ -122.985481, 45.440762 ], [ -122.985123, 45.442638 ], [ -122.988079, 45.44314 ], [ -122.988404, 45.441723 ], [ -122.990547, 45.44076 ], [ -122.991694, 45.441849 ], [ -122.994244, 45.442763 ], [ -122.996085, 45.444091 ], [ -122.99815, 45.444127 ], [ -122.999647, 45.445361 ], [ -123.004202, 45.447389 ], [ -123.004136, 45.4485 ], [ -122.994381, 45.449065 ], [ -122.990936, 45.449862 ], [ -122.991296, 45.456569 ], [ -122.992576, 45.462379 ], [ -122.992745, 45.47864 ], [ -122.991143, 45.482827 ], [ -122.991027, 45.492656 ], [ -122.992182, 45.497219 ], [ -122.991296, 45.500186 ], [ -122.995623, 45.500627 ], [ -122.995723, 45.50155 ], [ -122.997836, 45.499839 ], [ -123.000329, 45.496919 ], [ -123.003061, 45.49866 ], [ -123.003989, 45.498449 ], [ -123.005685, 45.496239 ], [ -123.009187, 45.497607 ], [ -123.012027, 45.497534 ], [ -123.013814, 45.496702 ], [ -123.016116, 45.496445 ], [ -123.016227, 45.495081 ], [ -123.017905, 45.493897 ], [ -123.020136, 45.49432 ], [ -123.021214, 45.492821 ], [ -123.019701, 45.492232 ], [ -123.021363, 45.491057 ], [ -123.022735, 45.492933 ], [ -123.025708, 45.492014 ], [ -123.027135, 45.492766 ], [ -123.031605, 45.493768 ], [ -123.037261, 45.494594 ], [ -123.037323, 45.496197 ], [ -123.035349, 45.496148 ], [ -123.034092, 45.498038 ], [ -123.035323, 45.500293 ], [ -123.036852, 45.500526 ], [ -123.036081, 45.499059 ], [ -123.037345, 45.498154 ], [ -123.038601, 45.498505 ], [ -123.037711, 45.500215 ], [ -123.037921, 45.501597 ], [ -123.036594, 45.502768 ], [ -123.03539, 45.506004 ], [ -123.037787, 45.505598 ], [ -123.039922, 45.507599 ], [ -123.039883, 45.513758 ], [ -123.038422, 45.513744 ], [ -123.036488, 45.513727 ], [ -123.036502, 45.519591 ], [ -123.032527, 45.519343 ], [ -123.032518, 45.51998 ], [ -123.029518, 45.519988 ], [ -123.022859, 45.519955 ], [ -123.018044, 45.519928 ], [ -123.016655, 45.519972 ], [ -123.016627, 45.522274 ], [ -123.018186, 45.522679 ], [ -123.011347, 45.521647 ], [ -123.011364, 45.522585 ], [ -123.008156, 45.522306 ], [ -123.005453, 45.525361 ], [ -123.003369, 45.52534 ], [ -123.002416, 45.522807 ], [ -122.987984, 45.522636 ], [ -122.987952, 45.523922 ], [ -122.986135, 45.523884 ], [ -122.986164, 45.522621 ], [ -122.977243, 45.522342 ], [ -122.977217, 45.523822 ], [ -122.975504, 45.523794 ], [ -122.975537, 45.522222 ], [ -122.95453, 45.520764 ], [ -122.949236, 45.520301 ], [ -122.944498, 45.519918 ], [ -122.919106, 45.519879 ], [ -122.912855, 45.520391 ], [ -122.908858, 45.519136 ], [ -122.9025, 45.515593 ], [ -122.899627, 45.515234 ], [ -122.90156, 45.514203 ], [ -122.902, 45.513231 ], [ -122.902132, 45.500638 ], [ -122.899391, 45.500607 ], [ -122.899453, 45.498323 ], [ -122.899312, 45.497364 ], [ -122.901481, 45.497401 ], [ -122.901458, 45.497936 ], [ -122.900668, 45.497934 ], [ -122.900667, 45.499475 ], [ -122.902129, 45.499478 ], [ -122.902211, 45.497268 ], [ -122.912239, 45.498361 ], [ -122.91236, 45.49609 ], [ -122.914032, 45.49546 ], [ -122.918024, 45.496016 ], [ -122.918913, 45.49419 ], [ -122.915576, 45.49378 ], [ -122.915576, 45.494834 ], [ -122.912548, 45.494225 ], [ -122.912556, 45.493509 ], [ -122.915598, 45.49356 ], [ -122.915673, 45.491126 ], [ -122.912523, 45.49109 ], [ -122.912552, 45.490046 ], [ -122.919503, 45.492177 ], [ -122.919875, 45.490506 ], [ -122.923712, 45.48972 ], [ -122.923763, 45.49115 ], [ -122.928812, 45.489401 ], [ -122.932356, 45.487461 ], [ -122.93786, 45.486483 ], [ -122.934118, 45.482247 ], [ -122.932619, 45.478286 ], [ -122.918329, 45.478338 ], [ -122.919601, 45.475637 ], [ -122.921119, 45.475117 ], [ -122.924489, 45.472779 ], [ -122.926532, 45.472281 ], [ -122.931203, 45.47247 ], [ -122.93104, 45.471311 ], [ -122.933382, 45.467206 ], [ -122.936824, 45.463004 ], [ -122.933349, 45.46314 ], [ -122.933346, 45.456168 ], [ -122.932622, 45.453328 ], [ -122.942232, 45.453326 ], [ -122.946371, 45.450944 ], [ -122.947479, 45.448977 ], [ -122.931617, 45.44672 ], [ -122.929705, 45.446934 ], [ -122.930666, 45.443755 ], [ -122.929109, 45.443604 ], [ -122.925269, 45.440473 ], [ -122.922602, 45.438983 ], [ -122.915077, 45.436311 ], [ -122.907231, 45.434678 ], [ -122.904166, 45.434611 ], [ -122.904301, 45.428575 ], [ -122.905295, 45.427336 ], [ -122.903949, 45.425612 ], [ -122.906855, 45.420267 ], [ -122.914696, 45.422361 ], [ -122.917865, 45.421448 ], [ -122.920118, 45.416108 ], [ -122.920942, 45.414981 ], [ -122.922248, 45.412778 ], [ -122.922278, 45.406332 ], [ -122.926135, 45.40388 ], [ -122.928156, 45.401983 ], [ -122.931994, 45.397329 ], [ -122.939321, 45.392565 ], [ -122.944597, 45.393083 ], [ -122.945636, 45.392819 ], [ -122.949299, 45.390482 ], [ -122.949758, 45.389298 ], [ -122.949597, 45.38547 ], [ -122.953597, 45.38553 ], [ -122.954887, 45.384859 ], [ -122.956575, 45.382635 ], [ -122.957004, 45.38466 ], [ -122.959776, 45.386309 ], [ -122.965449, 45.380703 ], [ -122.971818, 45.380718 ], [ -122.970756, 45.376949 ], [ -122.975324, 45.377049 ], [ -122.975469, 45.371084 ], [ -122.97777, 45.370394 ], [ -122.98096, 45.367076 ], [ -122.985742, 45.365045 ], [ -122.99139, 45.364991 ], [ -122.991395, 45.362822 ], [ -123.001986, 45.362795 ], [ -123.010538, 45.364763 ], [ -123.010673, 45.363365 ], [ -123.014481, 45.364882 ], [ -123.021053, 45.365215 ], [ -123.02494, 45.366318 ], [ -123.031538, 45.369876 ], [ -123.034861, 45.372171 ], [ -123.039483, 45.374716 ], [ -123.040699, 45.376064 ], [ -123.040934, 45.377903 ], [ -123.042429, 45.378354 ], [ -123.042137, 45.379796 ], [ -123.045663, 45.381071 ], [ -123.053367, 45.387621 ], [ -123.058293, 45.387612 ], [ -123.060523, 45.388883 ], [ -123.061203, 45.390326 ], [ -123.063624, 45.383415 ], [ -123.066669, 45.383343 ], [ -123.067472, 45.382622 ], [ -123.068244, 45.379424 ], [ -123.070979, 45.379017 ], [ -123.077167, 45.379168 ], [ -123.081587, 45.378248 ], [ -123.08673, 45.378557 ], [ -123.089885, 45.379538 ], [ -123.091842, 45.380268 ], [ -123.091228, 45.381722 ], [ -123.088886, 45.382013 ], [ -123.081974, 45.384015 ], [ -123.079108, 45.386519 ], [ -123.076121, 45.387467 ], [ -123.074016, 45.386249 ], [ -123.071441, 45.38633 ], [ -123.068534, 45.389393 ], [ -123.066148, 45.391156 ], [ -123.063613, 45.396978 ], [ -123.063583, 45.399735 ], [ -123.065832, 45.400961 ], [ -123.064886, 45.402167 ], [ -123.068516, 45.400838 ], [ -123.069481, 45.401046 ], [ -123.067933, 45.397772 ], [ -123.066104, 45.398196 ], [ -123.065985, 45.396448 ], [ -123.068168, 45.393716 ], [ -123.070029, 45.393132 ], [ -123.074515, 45.393711 ], [ -123.077433, 45.395171 ], [ -123.07948, 45.398102 ], [ -123.0829, 45.400305 ], [ -123.084263, 45.400628 ], [ -123.087308, 45.400063 ], [ -123.091523, 45.40078 ], [ -123.092861, 45.398668 ], [ -123.097237, 45.396639 ], [ -123.099444, 45.396539 ], [ -123.102894, 45.403231 ], [ -123.103125, 45.404421 ] ] ] ] } },
{ "type": "Feature", "properties": { "zipcode": "97005", "approval_t": "Average bus approval score", "calculation": 3.6440677966101696 }, "geometry": { "type": "MultiPolygon", "coordinates": [ [ [ [ -122.831999, 45.492559 ], [ -122.832579, 45.493252 ], [ -122.830008, 45.493357 ], [ -122.826126, 45.492814 ], [ -122.826755, 45.495699 ], [ -122.828451, 45.499364 ], [ -122.827548, 45.50242 ], [ -122.823189, 45.50956 ], [ -122.819983, 45.512496 ], [ -122.817744, 45.516222 ], [ -122.815971, 45.519959 ], [ -122.815711, 45.52239 ], [ -122.807544, 45.519295 ], [ -122.802765, 45.517415 ], [ -122.804407, 45.51531 ], [ -122.804299, 45.514235 ], [ -122.806102, 45.513329 ], [ -122.813284, 45.510983 ], [ -122.813113, 45.509753 ], [ -122.811319, 45.508409 ], [ -122.813403, 45.504125 ], [ -122.80632, 45.501873 ], [ -122.802103, 45.503438 ], [ -122.799375, 45.502142 ], [ -122.798018, 45.500508 ], [ -122.788957, 45.498394 ], [ -122.787477, 45.498421 ], [ -122.78552, 45.496665 ], [ -122.7838, 45.496562 ], [ -122.78031, 45.494981 ], [ -122.779256, 45.493472 ], [ -122.776951, 45.493819 ], [ -122.776871, 45.49108 ], [ -122.774753, 45.491253 ], [ -122.775155, 45.48832 ], [ -122.773503, 45.487063 ], [ -122.771472, 45.487083 ], [ -122.771551, 45.482153 ], [ -122.772005, 45.476254 ], [ -122.773069, 45.47249 ], [ -122.773876, 45.47196 ], [ -122.776782, 45.473289 ], [ -122.778288, 45.471997 ], [ -122.78073, 45.472198 ], [ -122.785433, 45.474333 ], [ -122.786367, 45.473699 ], [ -122.785936, 45.469393 ], [ -122.786963, 45.4723 ], [ -122.790281, 45.476642 ], [ -122.805479, 45.476473 ], [ -122.805244, 45.47215 ], [ -122.807032, 45.474272 ], [ -122.807107, 45.476493 ], [ -122.821575, 45.476486 ], [ -122.821582, 45.474268 ], [ -122.826078, 45.474374 ], [ -122.826094, 45.476447 ], [ -122.826109, 45.478529 ], [ -122.826912, 45.479104 ], [ -122.8294, 45.479119 ], [ -122.829203, 45.481078 ], [ -122.829904, 45.481085 ], [ -122.829933, 45.481914 ], [ -122.826112, 45.481831 ], [ -122.826112, 45.485842 ], [ -122.826111, 45.489394 ], [ -122.832798, 45.490376 ], [ -122.831999, 45.492559 ] ] ] ] } },
{ "type": "Feature", "properties": { "zipcode": "97005", "approval_t": "Average MAX approval score", "calculation": 3.8918918918918921 }, "geometry": { "type": "MultiPolygon", "coordinates": [ [ [ [ -122.831999, 45.492559 ], [ -122.832579, 45.493252 ], [ -122.830008, 45.493357 ], [ -122.826126, 45.492814 ], [ -122.826755, 45.495699 ], [ -122.828451, 45.499364 ], [ -122.827548, 45.50242 ], [ -122.823189, 45.50956 ], [ -122.819983, 45.512496 ], [ -122.817744, 45.516222 ], [ -122.815971, 45.519959 ], [ -122.815711, 45.52239 ], [ -122.807544, 45.519295 ], [ -122.802765, 45.517415 ], [ -122.804407, 45.51531 ], [ -122.804299, 45.514235 ], [ -122.806102, 45.513329 ], [ -122.813284, 45.510983 ], [ -122.813113, 45.509753 ], [ -122.811319, 45.508409 ], [ -122.813403, 45.504125 ], [ -122.80632, 45.501873 ], [ -122.802103, 45.503438 ], [ -122.799375, 45.502142 ], [ -122.798018, 45.500508 ], [ -122.788957, 45.498394 ], [ -122.787477, 45.498421 ], [ -122.78552, 45.496665 ], [ -122.7838, 45.496562 ], [ -122.78031, 45.494981 ], [ -122.779256, 45.493472 ], [ -122.776951, 45.493819 ], [ -122.776871, 45.49108 ], [ -122.774753, 45.491253 ], [ -122.775155, 45.48832 ], [ -122.773503, 45.487063 ], [ -122.771472, 45.487083 ], [ -122.771551, 45.482153 ], [ -122.772005, 45.476254 ], [ -122.773069, 45.47249 ], [ -122.773876, 45.47196 ], [ -122.776782, 45.473289 ], [ -122.778288, 45.471997 ], [ -122.78073, 45.472198 ], [ -122.785433, 45.474333 ], [ -122.786367, 45.473699 ], [ -122.785936, 45.469393 ], [ -122.786963, 45.4723 ], [ -122.790281, 45.476642 ], [ -122.805479, 45.476473 ], [ -122.805244, 45.47215 ], [ -122.807032, 45.474272 ], [ -122.807107, 45.476493 ], [ -122.821575, 45.476486 ], [ -122.821582, 45.474268 ], [ -122.826078, 45.474374 ], [ -122.826094, 45.476447 ], [ -122.826109, 45.478529 ], [ -122.826912, 45.479104 ], [ -122.8294, 45.479119 ], [ -122.829203, 45.481078 ], [ -122.829904, 45.481085 ], [ -122.829933, 45.481914 ], [ -122.826112, 45.481831 ], [ -122.826112, 45.485842 ], [ -122.826111, 45.489394 ], [ -122.832798, 45.490376 ], [ -122.831999, 45.492559 ] ] ] ] } },
{ "type": "Feature", "properties": { "zipcode": "97205", "approval_t": "Average bus approval score", "calculation": 4.1914893617021276 }, "geometry": { "type": "MultiPolygon", "coordinates": [ [ [ [ -122.719839, 45.521386 ], [ -122.70829, 45.523825 ], [ -122.703335, 45.5242 ], [ -122.69429, 45.523215 ], [ -122.69013, 45.522164 ], [ -122.689219, 45.522967 ], [ -122.676472, 45.523062 ], [ -122.680706, 45.517348 ], [ -122.680411, 45.515737 ], [ -122.681792, 45.515349 ], [ -122.687917, 45.516973 ], [ -122.687118, 45.519065 ], [ -122.690423, 45.519939 ], [ -122.691373, 45.517758 ], [ -122.699638, 45.51934 ], [ -122.700208, 45.518136 ], [ -122.700781, 45.519425 ], [ -122.702806, 45.519273 ], [ -122.704293, 45.520896 ], [ -122.703718, 45.518997 ], [ -122.704761, 45.516749 ], [ -122.703708, 45.51618 ], [ -122.701405, 45.516779 ], [ -122.703568, 45.515135 ], [ -122.709018, 45.512961 ], [ -122.710484, 45.511476 ], [ -122.716012, 45.510549 ], [ -122.717345, 45.511767 ], [ -122.717005, 45.513067 ], [ -122.715451, 45.513104 ], [ -122.717833, 45.514625 ], [ -122.7193, 45.514231 ], [ -122.719652, 45.519824 ], [ -122.720892, 45.520439 ], [ -122.719839, 45.521386 ] ] ] ] } },
{ "type": "Feature", "properties": { "zipcode": "97205", "approval_t": "Average MAX approval score", "calculation": 3.9433962264150941 }, "geometry": { "type": "MultiPolygon", "coordinates": [ [ [ [ -122.719839, 45.521386 ], [ -122.70829, 45.523825 ], [ -122.703335, 45.5242 ], [ -122.69429, 45.523215 ], [ -122.69013, 45.522164 ], [ -122.689219, 45.522967 ], [ -122.676472, 45.523062 ], [ -122.680706, 45.517348 ], [ -122.680411, 45.515737 ], [ -122.681792, 45.515349 ], [ -122.687917, 45.516973 ], [ -122.687118, 45.519065 ], [ -122.690423, 45.519939 ], [ -122.691373, 45.517758 ], [ -122.699638, 45.51934 ], [ -122.700208, 45.518136 ], [ -122.700781, 45.519425 ], [ -122.702806, 45.519273 ], [ -122.704293, 45.520896 ], [ -122.703718, 45.518997 ], [ -122.704761, 45.516749 ], [ -122.703708, 45.51618 ], [ -122.701405, 45.516779 ], [ -122.703568, 45.515135 ], [ -122.709018, 45.512961 ], [ -122.710484, 45.511476 ], [ -122.716012, 45.510549 ], [ -122.717345, 45.511767 ], [ -122.717005, 45.513067 ], [ -122.715451, 45.513104 ], [ -122.717833, 45.514625 ], [ -122.7193, 45.514231 ], [ -122.719652, 45.519824 ], [ -122.720892, 45.520439 ], [ -122.719839, 45.521386 ] ] ] ] } },
{ "type": "Feature", "properties": { "zipcode": "97232", "approval_t": "Average bus approval score", "calculation": 4.0792079207920793 }, "geometry": { "type": "MultiPolygon", "coordinates": [ [ [ [ -122.669003, 45.527626 ], [ -122.667462, 45.528468 ], [ -122.665744, 45.530802 ], [ -122.665561, 45.532582 ], [ -122.666746, 45.535095 ], [ -122.663668, 45.535794 ], [ -122.654538, 45.535764 ], [ -122.654542, 45.535051 ], [ -122.642988, 45.535015 ], [ -122.636702, 45.53516 ], [ -122.628393, 45.535777 ], [ -122.620312, 45.535139 ], [ -122.622932, 45.533049 ], [ -122.62026, 45.532432 ], [ -122.620404, 45.529454 ], [ -122.618311, 45.529797 ], [ -122.619463, 45.52718 ], [ -122.621344, 45.525558 ], [ -122.620153, 45.52371 ], [ -122.62712, 45.522926 ], [ -122.631689, 45.523233 ], [ -122.634495, 45.522869 ], [ -122.634502, 45.523611 ], [ -122.639263, 45.523571 ], [ -122.639279, 45.522859 ], [ -122.653606, 45.522908 ], [ -122.653601, 45.523621 ], [ -122.658673, 45.523638 ], [ -122.658678, 45.522925 ], [ -122.667093, 45.523028 ], [ -122.667785, 45.526766 ], [ -122.669003, 45.527626 ] ] ] ] } },
{ "type": "Feature", "properties": { "zipcode": "97232", "approval_t": "Average MAX approval score", "calculation": 3.8 }, "geometry": { "type": "MultiPolygon", "coordinates": [ [ [ [ -122.669003, 45.527626 ], [ -122.667462, 45.528468 ], [ -122.665744, 45.530802 ], [ -122.665561, 45.532582 ], [ -122.666746, 45.535095 ], [ -122.663668, 45.535794 ], [ -122.654538, 45.535764 ], [ -122.654542, 45.535051 ], [ -122.642988, 45.535015 ], [ -122.636702, 45.53516 ], [ -122.628393, 45.535777 ], [ -122.620312, 45.535139 ], [ -122.622932, 45.533049 ], [ -122.62026, 45.532432 ], [ -122.620404, 45.529454 ], [ -122.618311, 45.529797 ], [ -122.619463, 45.52718 ], [ -122.621344, 45.525558 ], [ -122.620153, 45.52371 ], [ -122.62712, 45.522926 ], [ -122.631689, 45.523233 ], [ -122.634495, 45.522869 ], [ -122.634502, 45.523611 ], [ -122.639263, 45.523571 ], [ -122.639279, 45.522859 ], [ -122.653606, 45.522908 ], [ -122.653601, 45.523621 ], [ -122.658673, 45.523638 ], [ -122.658678, 45.522925 ], [ -122.667093, 45.523028 ], [ -122.667785, 45.526766 ], [ -122.669003, 45.527626 ] ] ] ] } },
{ "type": "Feature", "properties": { "zipcode": "97214", "approval_t": "Average bus approval score", "calculation": 3.975 }, "geometry": { "type": "MultiPolygon", "coordinates": [ [ [ [ -122.668653, 45.517592 ], [ -122.667093, 45.523028 ], [ -122.658678, 45.522925 ], [ -122.658673, 45.523638 ], [ -122.653601, 45.523621 ], [ -122.653606, 45.522908 ], [ -122.639279, 45.522859 ], [ -122.639263, 45.523571 ], [ -122.634502, 45.523611 ], [ -122.634495, 45.522869 ], [ -122.631689, 45.523233 ], [ -122.62712, 45.522926 ], [ -122.620153, 45.52371 ], [ -122.619994, 45.523045 ], [ -122.619529, 45.519286 ], [ -122.618885, 45.50513 ], [ -122.619568, 45.504795 ], [ -122.623873, 45.504776 ], [ -122.623926, 45.505486 ], [ -122.627009, 45.505489 ], [ -122.627574, 45.505298 ], [ -122.629584, 45.505462 ], [ -122.629565, 45.504793 ], [ -122.632607, 45.504797 ], [ -122.632665, 45.505496 ], [ -122.636711, 45.505501 ], [ -122.636706, 45.50521 ], [ -122.639546, 45.505208 ], [ -122.639603, 45.504806 ], [ -122.649425, 45.504837 ], [ -122.649422, 45.50529 ], [ -122.65148, 45.505296 ], [ -122.651419, 45.506831 ], [ -122.65372, 45.504854 ], [ -122.66081, 45.505849 ], [ -122.661868, 45.504895 ], [ -122.661853, 45.505876 ], [ -122.663424, 45.50588 ], [ -122.663728, 45.508405 ], [ -122.665451, 45.508684 ], [ -122.665853, 45.511539 ], [ -122.667974, 45.512972 ], [ -122.670417, 45.51307 ], [ -122.668653, 45.517592 ] ] ] ] } },
{ "type": "Feature", "properties": { "zipcode": "97214", "approval_t": "Average MAX approval score", "calculation": 3.9781021897810218 }, "geometry": { "type": "MultiPolygon", "coordinates": [ [ [ [ -122.668653, 45.517592 ], [ -122.667093, 45.523028 ], [ -122.658678, 45.522925 ], [ -122.658673, 45.523638 ], [ -122.653601, 45.523621 ], [ -122.653606, 45.522908 ], [ -122.639279, 45.522859 ], [ -122.639263, 45.523571 ], [ -122.634502, 45.523611 ], [ -122.634495, 45.522869 ], [ -122.631689, 45.523233 ], [ -122.62712, 45.522926 ], [ -122.620153, 45.52371 ], [ -122.619994, 45.523045 ], [ -122.619529, 45.519286 ], [ -122.618885, 45.50513 ], [ -122.619568, 45.504795 ], [ -122.623873, 45.504776 ], [ -122.623926, 45.505486 ], [ -122.627009, 45.505489 ], [ -122.627574, 45.505298 ], [ -122.629584, 45.505462 ], [ -122.629565, 45.504793 ], [ -122.632607, 45.504797 ], [ -122.632665, 45.505496 ], [ -122.636711, 45.505501 ], [ -122.636706, 45.50521 ], [ -122.639546, 45.505208 ], [ -122.639603, 45.504806 ], [ -122.649425, 45.504837 ], [ -122.649422, 45.50529 ], [ -122.65148, 45.505296 ], [ -122.651419, 45.506831 ], [ -122.65372, 45.504854 ], [ -122.66081, 45.505849 ], [ -122.661868, 45.504895 ], [ -122.661853, 45.505876 ], [ -122.663424, 45.50588 ], [ -122.663728, 45.508405 ], [ -122.665451, 45.508684 ], [ -122.665853, 45.511539 ], [ -122.667974, 45.512972 ], [ -122.670417, 45.51307 ], [ -122.668653, 45.517592 ] ] ] ] } },
{ "type": "Feature", "properties": { "zipcode": "97208", "approval_t": "Average bus approval score", "calculation": 3.3333333333333335 }, "geometry": { "type": "MultiPolygon", "coordinates": [ [ [ [ -122.680331, 45.530129 ], [ -122.677643, 45.529881 ], [ -122.677644, 45.528742 ], [ -122.677595, 45.527321 ], [ -122.680247, 45.527273 ], [ -122.680331, 45.530129 ] ] ] ] } },
{ "type": "Feature", "properties": { "zipcode": "97208", "approval_t": "Average MAX approval score", "calculation": 1.6666666666666667 }, "geometry": { "type": "MultiPolygon", "coordinates": [ [ [ [ -122.680331, 45.530129 ], [ -122.677643, 45.529881 ], [ -122.677644, 45.528742 ], [ -122.677595, 45.527321 ], [ -122.680247, 45.527273 ], [ -122.680331, 45.530129 ] ] ] ] } },
{ "type": "Feature", "properties": { "zipcode": "97204", "approval_t": "Average bus approval score", "calculation": 4.333333333333333 }, "geometry": { "type": "MultiPolygon", "coordinates": [ [ [ [ -122.680411, 45.515737 ], [ -122.680706, 45.517348 ], [ -122.676472, 45.523062 ], [ -122.675546, 45.522575 ], [ -122.674396, 45.523099 ], [ -122.667093, 45.523028 ], [ -122.668653, 45.517592 ], [ -122.670417, 45.51307 ], [ -122.674502, 45.51354 ], [ -122.681792, 45.515349 ], [ -122.680411, 45.515737 ] ] ] ] } },
{ "type": "Feature", "properties": { "zipcode": "97204", "approval_t": "Average MAX approval score", "calculation": 3.2857142857142856 }, "geometry": { "type": "MultiPolygon", "coordinates": [ [ [ [ -122.680411, 45.515737 ], [ -122.680706, 45.517348 ], [ -122.676472, 45.523062 ], [ -122.675546, 45.522575 ], [ -122.674396, 45.523099 ], [ -122.667093, 45.523028 ], [ -122.668653, 45.517592 ], [ -122.670417, 45.51307 ], [ -122.674502, 45.51354 ], [ -122.681792, 45.515349 ], [ -122.680411, 45.515737 ] ] ] ] } },
{ "type": "Feature", "properties": { "zipcode": "97216", "approval_t": "Average bus approval score", "calculation": 3.9791666666666665 }, "geometry": { "type": "MultiPolygon", "coordinates": [ [ [ [ -122.579046, 45.51913 ], [ -122.579056, 45.522781 ], [ -122.571284, 45.522754 ], [ -122.571259, 45.524888 ], [ -122.569344, 45.524858 ], [ -122.569346, 45.522723 ], [ -122.55829, 45.522641 ], [ -122.55815, 45.526272 ], [ -122.557302, 45.523947 ], [ -122.553969, 45.523851 ], [ -122.552225, 45.52446 ], [ -122.552383, 45.522601 ], [ -122.549167, 45.523497 ], [ -122.548261, 45.522633 ], [ -122.53919, 45.522506 ], [ -122.537767, 45.522494 ], [ -122.537676, 45.510621 ], [ -122.53892, 45.506806 ], [ -122.537667, 45.506806 ], [ -122.537683, 45.504093 ], [ -122.539988, 45.504117 ], [ -122.539971, 45.506151 ], [ -122.542191, 45.506151 ], [ -122.542194, 45.50414 ], [ -122.559565, 45.505144 ], [ -122.564446, 45.504714 ], [ -122.565643, 45.507899 ], [ -122.565945, 45.504437 ], [ -122.568633, 45.504475 ], [ -122.568803, 45.505124 ], [ -122.569347, 45.505126 ], [ -122.569347, 45.505453 ], [ -122.57008, 45.505453 ], [ -122.57008, 45.504929 ], [ -122.570483, 45.504929 ], [ -122.570483, 45.504508 ], [ -122.576683, 45.504642 ], [ -122.578679, 45.504821 ], [ -122.578983, 45.517652 ], [ -122.580293, 45.519142 ], [ -122.579046, 45.51913 ] ] ] ] } },
{ "type": "Feature", "properties": { "zipcode": "97216", "approval_t": "Average MAX approval score", "calculation": 4.1864406779661021 }, "geometry": { "type": "MultiPolygon", "coordinates": [ [ [ [ -122.579046, 45.51913 ], [ -122.579056, 45.522781 ], [ -122.571284, 45.522754 ], [ -122.571259, 45.524888 ], [ -122.569344, 45.524858 ], [ -122.569346, 45.522723 ], [ -122.55829, 45.522641 ], [ -122.55815, 45.526272 ], [ -122.557302, 45.523947 ], [ -122.553969, 45.523851 ], [ -122.552225, 45.52446 ], [ -122.552383, 45.522601 ], [ -122.549167, 45.523497 ], [ -122.548261, 45.522633 ], [ -122.53919, 45.522506 ], [ -122.537767, 45.522494 ], [ -122.537676, 45.510621 ], [ -122.53892, 45.506806 ], [ -122.537667, 45.506806 ], [ -122.537683, 45.504093 ], [ -122.539988, 45.504117 ], [ -122.539971, 45.506151 ], [ -122.542191, 45.506151 ], [ -122.542194, 45.50414 ], [ -122.559565, 45.505144 ], [ -122.564446, 45.504714 ], [ -122.565643, 45.507899 ], [ -122.565945, 45.504437 ], [ -122.568633, 45.504475 ], [ -122.568803, 45.505124 ], [ -122.569347, 45.505126 ], [ -122.569347, 45.505453 ], [ -122.57008, 45.505453 ], [ -122.57008, 45.504929 ], [ -122.570483, 45.504929 ], [ -122.570483, 45.504508 ], [ -122.576683, 45.504642 ], [ -122.578679, 45.504821 ], [ -122.578983, 45.517652 ], [ -122.580293, 45.519142 ], [ -122.579046, 45.51913 ] ] ] ] } },
{ "type": "Feature", "properties": { "zipcode": "97023", "approval_t": "Average bus approval score", "calculation": 3.6 }, "geometry": { "type": "MultiPolygon", "coordinates": [ [ [ [ -122.436077, 45.338507 ], [ -122.432757, 45.338727 ], [ -122.428349, 45.341808 ], [ -122.421189, 45.343533 ], [ -122.418531, 45.345539 ], [ -122.416974, 45.345537 ], [ -122.395833, 45.33767 ], [ -122.391418, 45.334426 ], [ -122.388649, 45.336015 ], [ -122.383362, 45.333115 ], [ -122.38132, 45.32806 ], [ -122.38147, 45.323034 ], [ -122.381866, 45.32117 ], [ -122.383995, 45.318641 ], [ -122.387236, 45.316574 ], [ -122.387508, 45.315812 ], [ -122.386494, 45.31456 ], [ -122.381905, 45.312665 ], [ -122.376213, 45.311132 ], [ -122.368392, 45.307964 ], [ -122.365188, 45.307937 ], [ -122.364364, 45.306261 ], [ -122.367366, 45.30416 ], [ -122.36863, 45.302484 ], [ -122.368544, 45.298248 ], [ -122.366578, 45.29651 ], [ -122.362545, 45.298924 ], [ -122.358985, 45.300131 ], [ -122.354868, 45.300804 ], [ -122.350454, 45.299352 ], [ -122.352007, 45.301323 ], [ -122.355417, 45.307843 ], [ -122.345911, 45.310326 ], [ -122.346044, 45.315191 ], [ -122.347556, 45.323707 ], [ -122.34658, 45.323622 ], [ -122.346161, 45.322464 ], [ -122.343485, 45.321793 ], [ -122.343875, 45.325978 ], [ -122.346222, 45.331804 ], [ -122.343047, 45.331883 ], [ -122.341748, 45.331331 ], [ -122.335487, 45.340553 ], [ -122.332909, 45.339966 ], [ -122.33168, 45.337509 ], [ -122.330017, 45.336407 ], [ -122.327797, 45.335876 ], [ -122.327042, 45.334263 ], [ -122.325584, 45.335281 ], [ -122.321922, 45.334785 ], [ -122.321198, 45.3335 ], [ -122.318214, 45.330811 ], [ -122.316872, 45.330563 ], [ -122.312263, 45.327324 ], [ -122.309425, 45.326752 ], [ -122.30587, 45.324741 ], [ -122.304527, 45.322163 ], [ -122.301353, 45.323696 ], [ -122.296364, 45.323643 ], [ -122.292755, 45.324036 ], [ -122.291862, 45.325047 ], [ -122.289459, 45.325089 ], [ -122.288765, 45.32444 ], [ -122.289772, 45.323387 ], [ -122.288277, 45.321392 ], [ -122.28833, 45.32045 ], [ -122.286102, 45.319916 ], [ -122.282532, 45.317139 ], [ -122.281181, 45.314949 ], [ -122.280716, 45.312744 ], [ -122.278915, 45.310238 ], [ -122.276627, 45.308594 ], [ -122.276299, 45.307743 ], [ -122.273819, 45.306896 ], [ -122.271118, 45.306786 ], [ -122.269913, 45.305141 ], [ -122.269844, 45.321263 ], [ -122.269043, 45.320736 ], [ -122.267212, 45.317062 ], [ -122.268219, 45.314945 ], [ -122.26503, 45.313873 ], [ -122.264778, 45.313271 ], [ -122.261383, 45.313114 ], [ -122.257828, 45.313538 ], [ -122.254433, 45.313511 ], [ -122.251778, 45.313942 ], [ -122.251015, 45.314697 ], [ -122.248161, 45.315109 ], [ -122.246803, 45.316116 ], [ -122.245636, 45.315819 ], [ -122.244308, 45.316757 ], [ -122.244507, 45.318153 ], [ -122.242332, 45.31987 ], [ -122.235176, 45.320465 ], [ -122.234138, 45.319965 ], [ -122.22625, 45.31974 ], [ -122.224144, 45.319035 ], [ -122.223137, 45.317112 ], [ -122.220253, 45.316269 ], [ -122.219444, 45.31675 ], [ -122.216072, 45.315079 ], [ -122.211182, 45.314716 ], [ -122.206161, 45.312214 ], [ -122.205475, 45.311378 ], [ -122.202721, 45.310783 ], [ -122.197083, 45.307537 ], [ -122.191513, 45.306671 ], [ -122.186232, 45.307192 ], [ -122.182247, 45.309707 ], [ -122.179914, 45.310507 ], [ -122.179039, 45.31261 ], [ -122.175539, 45.314119 ], [ -122.172947, 45.31405 ], [ -122.168138, 45.312692 ], [ -122.168288, 45.301556 ], [ -122.165111, 45.304286 ], [ -122.164851, 45.302991 ], [ -122.159343, 45.302524 ], [ -122.155066, 45.303095 ], [ -122.149759, 45.30316 ], [ -122.148001, 45.301238 ], [ -122.149222, 45.299967 ], [ -122.157825, 45.299246 ], [ -122.153063, 45.296582 ], [ -122.15227, 45.294417 ], [ -122.156095, 45.291506 ], [ -122.154449, 45.288804 ], [ -122.149624, 45.286827 ], [ -122.144957, 45.288433 ], [ -122.144119, 45.291527 ], [ -122.141533, 45.293354 ], [ -122.139519, 45.293785 ], [ -122.137703, 45.295227 ], [ -122.134178, 45.296917 ], [ -122.127555, 45.297752 ], [ -122.127587, 45.247653 ], [ -122.137162, 45.247841 ], [ -122.136896, 45.244095 ], [ -122.127587, 45.243907 ], [ -122.128119, 45.229861 ], [ -122.13796, 45.229861 ], [ -122.13796, 45.232857 ], [ -122.148332, 45.232857 ], [ -122.148332, 45.229673 ], [ -122.189823, 45.229861 ], [ -122.190089, 45.244657 ], [ -122.230516, 45.244095 ], [ -122.230516, 45.230188 ], [ -122.220933, 45.224804 ], [ -122.216549, 45.21433 ], [ -122.212952, 45.212317 ], [ -122.210802, 45.209738 ], [ -122.207493, 45.207392 ], [ -122.205025, 45.206775 ], [ -122.200796, 45.205024 ], [ -122.195306, 45.205303 ], [ -122.19246, 45.20627 ], [ -122.183873, 45.205353 ], [ -122.181455, 45.204555 ], [ -122.177485, 45.205327 ], [ -122.173492, 45.204817 ], [ -122.171995, 45.205063 ], [ -122.168485, 45.204473 ], [ -122.166085, 45.203671 ], [ -122.164063, 45.203763 ], [ -122.160642, 45.202873 ], [ -122.158508, 45.203008 ], [ -122.157353, 45.201863 ], [ -122.154515, 45.200981 ], [ -122.151834, 45.200775 ], [ -122.151286, 45.198983 ], [ -122.154025, 45.195781 ], [ -122.153813, 45.195211 ], [ -122.151182, 45.193639 ], [ -122.146612, 45.193794 ], [ -122.140611, 45.190826 ], [ -122.138891, 45.190507 ], [ -122.138191, 45.189316 ], [ -122.136185, 45.188469 ], [ -122.134216, 45.188423 ], [ -122.133469, 45.185749 ], [ -122.128853, 45.183094 ], [ -122.124352, 45.18214 ], [ -122.120334, 45.183156 ], [ -122.119927, 45.18157 ], [ -122.117685, 45.181063 ], [ -122.114549, 45.182022 ], [ -122.11174, 45.181889 ], [ -122.10929, 45.186602 ], [ -122.108011, 45.187483 ], [ -122.099016, 45.187775 ], [ -122.095313, 45.188355 ], [ -122.091851, 45.190135 ], [ -122.086771, 45.191436 ], [ -122.083447, 45.193211 ], [ -122.076566, 45.193328 ], [ -122.0738, 45.19363 ], [ -122.074414, 45.194624 ], [ -122.076412, 45.194998 ], [ -122.081714, 45.194665 ], [ -122.08571, 45.193745 ], [ -122.090172, 45.194721 ], [ -122.104141, 45.196613 ], [ -122.106888, 45.197346 ], [ -122.110123, 45.197048 ], [ -122.114876, 45.198395 ], [ -122.118401, 45.196724 ], [ -122.121269, 45.196079 ], [ -122.124573, 45.195911 ], [ -122.12764, 45.197109 ], [ -122.129059, 45.199188 ], [ -122.130196, 45.199806 ], [ -122.1343, 45.200291 ], [ -122.136497, 45.201481 ], [ -122.138596, 45.201504 ], [ -122.142319, 45.200638 ], [ -122.144478, 45.200985 ], [ -122.145805, 45.20219 ], [ -122.151529, 45.204321 ], [ -122.150149, 45.204581 ], [ -122.14287, 45.202842 ], [ -122.141053, 45.203726 ], [ -122.138332, 45.203111 ], [ -122.134803, 45.20449 ], [ -122.132679, 45.203464 ], [ -122.129915, 45.203884 ], [ -122.126836, 45.203389 ], [ -122.125266, 45.204271 ], [ -122.123996, 45.203787 ], [ -122.118684, 45.204388 ], [ -122.116006, 45.203711 ], [ -122.113371, 45.204441 ], [ -122.112593, 45.203782 ], [ -122.109408, 45.203977 ], [ -122.108144, 45.20592 ], [ -122.105978, 45.205962 ], [ -122.106219, 45.20705 ], [ -122.10432, 45.20816 ], [ -122.10149, 45.208132 ], [ -122.100548, 45.209788 ], [ -122.096703, 45.211355 ], [ -122.095118, 45.211438 ], [ -122.093493, 45.210439 ], [ -122.090638, 45.210448 ], [ -122.083025, 45.212328 ], [ -122.077058, 45.214841 ], [ -122.073818, 45.216939 ], [ -122.071424, 45.217998 ], [ -122.069747, 45.218005 ], [ -122.067918, 45.216952 ], [ -122.065494, 45.212509 ], [ -122.065186, 45.210657 ], [ -122.064175, 45.209966 ], [ -122.062407, 45.210193 ], [ -122.059255, 45.209702 ], [ -122.055779, 45.211083 ], [ -122.05421, 45.212252 ], [ -122.052503, 45.212327 ], [ -122.050908, 45.2112 ], [ -122.048978, 45.21131 ], [ -122.04798, 45.212751 ], [ -122.045557, 45.213867 ], [ -122.044317, 45.215825 ], [ -122.03957, 45.216111 ], [ -122.036793, 45.217041 ], [ -122.034666, 45.218866 ], [ -122.030261, 45.219584 ], [ -122.02918, 45.218642 ], [ -122.030005, 45.217128 ], [ -122.028874, 45.217077 ], [ -122.026073, 45.220182 ], [ -122.023912, 45.220171 ], [ -122.024933, 45.218884 ], [ -122.026848, 45.218311 ], [ -122.028267, 45.215569 ], [ -122.027885, 45.21278 ], [ -122.029327, 45.210327 ], [ -122.029358, 45.208122 ], [ -122.028206, 45.205875 ], [ -122.023842, 45.203381 ], [ -122.021744, 45.202785 ], [ -122.022682, 45.200844 ], [ -122.023994, 45.201111 ], [ -122.025017, 45.200203 ], [ -122.026176, 45.200523 ], [ -122.027504, 45.197998 ], [ -122.02993, 45.197258 ], [ -122.031944, 45.195984 ], [ -122.033844, 45.195587 ], [ -122.035492, 45.195976 ], [ -122.041672, 45.192047 ], [ -122.042831, 45.19001 ], [ -122.046036, 45.187019 ], [ -122.047073, 45.186859 ], [ -122.052895, 45.18375 ], [ -122.055382, 45.183292 ], [ -122.05645, 45.182262 ], [ -122.060616, 45.181831 ], [ -122.061684, 45.180183 ], [ -122.06498, 45.178581 ], [ -122.066307, 45.177029 ], [ -122.072678, 45.173439 ], [ -122.074577, 45.173508 ], [ -122.076942, 45.172684 ], [ -122.088089, 45.170807 ], [ -122.090515, 45.170761 ], [ -122.095139, 45.167831 ], [ -122.097916, 45.166985 ], [ -122.098305, 45.165638 ], [ -122.101402, 45.16534 ], [ -122.101982, 45.164848 ], [ -122.098427, 45.160679 ], [ -122.094742, 45.158321 ], [ -122.091469, 45.156704 ], [ -122.087082, 45.15556 ], [ -122.081635, 45.152683 ], [ -122.080681, 45.152428 ], [ -122.076515, 45.152748 ], [ -122.074089, 45.154758 ], [ -122.070183, 45.15588 ], [ -122.063492, 45.155125 ], [ -122.056511, 45.15255 ], [ -122.051086, 45.152748 ], [ -122.046482, 45.153726 ], [ -122.044175, 45.153117 ], [ -122.043992, 45.151338 ], [ -122.045383, 45.150989 ], [ -122.044706, 45.149632 ], [ -122.041141, 45.147806 ], [ -122.041137, 45.144402 ], [ -122.039555, 45.142034 ], [ -122.0406, 45.139727 ], [ -122.039813, 45.138613 ], [ -122.035986, 45.137524 ], [ -122.036361, 45.136076 ], [ -122.035192, 45.134707 ], [ -122.03304, 45.134915 ], [ -122.031078, 45.134214 ], [ -122.029248, 45.13281 ], [ -122.029883, 45.131714 ], [ -122.033472, 45.131276 ], [ -122.02792, 45.128593 ], [ -122.025744, 45.127252 ], [ -122.024107, 45.125104 ], [ -122.015177, 45.124332 ], [ -122.015617, 45.123374 ], [ -122.017907, 45.122485 ], [ -122.017728, 45.121381 ], [ -122.018787, 45.12032 ], [ -122.018413, 45.119198 ], [ -122.014684, 45.118683 ], [ -122.018417, 45.115852 ], [ -122.021484, 45.11474 ], [ -122.024246, 45.113217 ], [ -122.027761, 45.113088 ], [ -122.031272, 45.113643 ], [ -122.035763, 45.115564 ], [ -122.039392, 45.114516 ], [ -122.035484, 45.109391 ], [ -122.038743, 45.107129 ], [ -122.038692, 45.105574 ], [ -122.036602, 45.103645 ], [ -122.029757, 45.103316 ], [ -122.028879, 45.102936 ], [ -122.029649, 45.100471 ], [ -122.027052, 45.099256 ], [ -122.024359, 45.098998 ], [ -122.023548, 45.097923 ], [ -122.021885, 45.098281 ], [ -122.020781, 45.097191 ], [ -122.01638, 45.097394 ], [ -122.011716, 45.097934 ], [ -122.008937, 45.096523 ], [ -122.008219, 45.094779 ], [ -122.002582, 45.092264 ], [ -121.998666, 45.092559 ], [ -121.995198, 45.091314 ], [ -121.990739, 45.090404 ], [ -121.987853, 45.088999 ], [ -121.983273, 45.087988 ], [ -121.982471, 45.087427 ], [ -121.983087, 45.086935 ], [ -121.986877, 45.088445 ], [ -121.989691, 45.088102 ], [ -121.991121, 45.088795 ], [ -121.993171, 45.088365 ], [ -121.99673, 45.089549 ], [ -122.000543, 45.088587 ], [ -122.003513, 45.088528 ], [ -122.006419, 45.08996 ], [ -122.007303, 45.090967 ], [ -122.010022, 45.089729 ], [ -122.012816, 45.089562 ], [ -122.013675, 45.088792 ], [ -122.015841, 45.088557 ], [ -122.020317, 45.086977 ], [ -122.025258, 45.087465 ], [ -122.027736, 45.086337 ], [ -122.030005, 45.086421 ], [ -122.033603, 45.084405 ], [ -122.03517, 45.084317 ], [ -122.03696, 45.085417 ], [ -122.040683, 45.085578 ], [ -122.042356, 45.084833 ], [ -122.041573, 45.083084 ], [ -122.039222, 45.080865 ], [ -122.041634, 45.080014 ], [ -122.043192, 45.080074 ], [ -122.046486, 45.075989 ], [ -122.049232, 45.076813 ], [ -122.050781, 45.076721 ], [ -122.053169, 45.074436 ], [ -122.060112, 45.072571 ], [ -122.062599, 45.072544 ], [ -122.06366, 45.073383 ], [ -122.061859, 45.074974 ], [ -122.060753, 45.077156 ], [ -122.063232, 45.079121 ], [ -122.064529, 45.082916 ], [ -122.064262, 45.083668 ], [ -122.060883, 45.085091 ], [ -122.06118, 45.085751 ], [ -122.064301, 45.087078 ], [ -122.069756, 45.086826 ], [ -122.073883, 45.088909 ], [ -122.07637, 45.090851 ], [ -122.07666, 45.091858 ], [ -122.07563, 45.093525 ], [ -122.0755, 45.095657 ], [ -122.073837, 45.096592 ], [ -122.076309, 45.09956 ], [ -122.075661, 45.102489 ], [ -122.077591, 45.104244 ], [ -122.07431, 45.106422 ], [ -122.072014, 45.107128 ], [ -122.071045, 45.108273 ], [ -122.071083, 45.109665 ], [ -122.072853, 45.111176 ], [ -122.074081, 45.109509 ], [ -122.07563, 45.108776 ], [ -122.08878, 45.120767 ], [ -122.089626, 45.121973 ], [ -122.092338, 45.121301 ], [ -122.0983, 45.122707 ], [ -122.099067, 45.12458 ], [ -122.099241, 45.127997 ], [ -122.101631, 45.130164 ], [ -122.101432, 45.131633 ], [ -122.102251, 45.132413 ], [ -122.107365, 45.132944 ], [ -122.109822, 45.131631 ], [ -122.110093, 45.129644 ], [ -122.112885, 45.128252 ], [ -122.113333, 45.129515 ], [ -122.115335, 45.130743 ], [ -122.118291, 45.130855 ], [ -122.117371, 45.131428 ], [ -122.114494, 45.131428 ], [ -122.112289, 45.13269 ], [ -122.10833, 45.138245 ], [ -122.10688, 45.139893 ], [ -122.106102, 45.142338 ], [ -122.10675, 45.144234 ], [ -122.106468, 45.145935 ], [ -122.103752, 45.149334 ], [ -122.107079, 45.150318 ], [ -122.108147, 45.151161 ], [ -122.109306, 45.15369 ], [ -122.110672, 45.154751 ], [ -122.11467, 45.156418 ], [ -122.118042, 45.158497 ], [ -122.117492, 45.159019 ], [ -122.120995, 45.160761 ], [ -122.121885, 45.162661 ], [ -122.122198, 45.166317 ], [ -122.12367, 45.167382 ], [ -122.129331, 45.168495 ], [ -122.13358, 45.168089 ], [ -122.136736, 45.166805 ], [ -122.139626, 45.166207 ], [ -122.143224, 45.16309 ], [ -122.148026, 45.160759 ], [ -122.149834, 45.160813 ], [ -122.151807, 45.162913 ], [ -122.152199, 45.165409 ], [ -122.153564, 45.166439 ], [ -122.15515, 45.166338 ], [ -122.160141, 45.169877 ], [ -122.161858, 45.171815 ], [ -122.16287, 45.175167 ], [ -122.164568, 45.177171 ], [ -122.166626, 45.178754 ], [ -122.167681, 45.181806 ], [ -122.169357, 45.182481 ], [ -122.172698, 45.18247 ], [ -122.173393, 45.183226 ], [ -122.172212, 45.184462 ], [ -122.169538, 45.185254 ], [ -122.167996, 45.186793 ], [ -122.168123, 45.189105 ], [ -122.169088, 45.190197 ], [ -122.170689, 45.190902 ], [ -122.174436, 45.191698 ], [ -122.176077, 45.192535 ], [ -122.176918, 45.191841 ], [ -122.178635, 45.193855 ], [ -122.182381, 45.196758 ], [ -122.183708, 45.19701 ], [ -122.187492, 45.19532 ], [ -122.193733, 45.193398 ], [ -122.199707, 45.189064 ], [ -122.202011, 45.187981 ], [ -122.206215, 45.187679 ], [ -122.208023, 45.188049 ], [ -122.209167, 45.189068 ], [ -122.209839, 45.19191 ], [ -122.210861, 45.192387 ], [ -122.215172, 45.192207 ], [ -122.217239, 45.193256 ], [ -122.218117, 45.194355 ], [ -122.218925, 45.197876 ], [ -122.220123, 45.199406 ], [ -122.222382, 45.199635 ], [ -122.225525, 45.199177 ], [ -122.225815, 45.19746 ], [ -122.226913, 45.196297 ], [ -122.227173, 45.191143 ], [ -122.230965, 45.187267 ], [ -122.231636, 45.185661 ], [ -122.233513, 45.183533 ], [ -122.235153, 45.182663 ], [ -122.236191, 45.180813 ], [ -122.234413, 45.179943 ], [ -122.236572, 45.176216 ], [ -122.239578, 45.173561 ], [ -122.239868, 45.171299 ], [ -122.23925, 45.170155 ], [ -122.240738, 45.169216 ], [ -122.24144, 45.162083 ], [ -122.241928, 45.160664 ], [ -122.243317, 45.159935 ], [ -122.245026, 45.157509 ], [ -122.248734, 45.153187 ], [ -122.251183, 45.149025 ], [ -122.252731, 45.148018 ], [ -122.252998, 45.146965 ], [ -122.253392, 45.169865 ], [ -122.255876, 45.16934 ], [ -122.256795, 45.167513 ], [ -122.259231, 45.165091 ], [ -122.262564, 45.165841 ], [ -122.262699, 45.167693 ], [ -122.264723, 45.169901 ], [ -122.268931, 45.170502 ], [ -122.271004, 45.169409 ], [ -122.272165, 45.16543 ], [ -122.274062, 45.164138 ], [ -122.274674, 45.162729 ], [ -122.274069, 45.161436 ], [ -122.275883, 45.162096 ], [ -122.27771, 45.164217 ], [ -122.278547, 45.160528 ], [ -122.281991, 45.162192 ], [ -122.284135, 45.162212 ], [ -122.283058, 45.159531 ], [ -122.28655, 45.161793 ], [ -122.288522, 45.163965 ], [ -122.290494, 45.165359 ], [ -122.288906, 45.169257 ], [ -122.28691, 45.171704 ], [ -122.288222, 45.171692 ], [ -122.288804, 45.173982 ], [ -122.290065, 45.174051 ], [ -122.293394, 45.174829 ], [ -122.292585, 45.176635 ], [ -122.293458, 45.177779 ], [ -122.29669, 45.177505 ], [ -122.296237, 45.18002 ], [ -122.299825, 45.183244 ], [ -122.301313, 45.182467 ], [ -122.301991, 45.184273 ], [ -122.300762, 45.187611 ], [ -122.302249, 45.189852 ], [ -122.305062, 45.188823 ], [ -122.308165, 45.188663 ], [ -122.31199, 45.190928 ], [ -122.311857, 45.202506 ], [ -122.315941, 45.202312 ], [ -122.319199, 45.20364 ], [ -122.322723, 45.203594 ], [ -122.325218, 45.204872 ], [ -122.327354, 45.204552 ], [ -122.336021, 45.205261 ], [ -122.341293, 45.208572 ], [ -122.342781, 45.210732 ], [ -122.345596, 45.21207 ], [ -122.345436, 45.215088 ], [ -122.346375, 45.218494 ], [ -122.349197, 45.221622 ], [ -122.352295, 45.223431 ], [ -122.3526, 45.225747 ], [ -122.35392, 45.226791 ], [ -122.356735, 45.226059 ], [ -122.359352, 45.225876 ], [ -122.361847, 45.226379 ], [ -122.364311, 45.228096 ], [ -122.367317, 45.227863 ], [ -122.369644, 45.23138 ], [ -122.367981, 45.233513 ], [ -122.367645, 45.235634 ], [ -122.366158, 45.236458 ], [ -122.365417, 45.238152 ], [ -122.363251, 45.240509 ], [ -122.360794, 45.241901 ], [ -122.361183, 45.243275 ], [ -122.359856, 45.245083 ], [ -122.362297, 45.246513 ], [ -122.365189, 45.249844 ], [ -122.367325, 45.251087 ], [ -122.367744, 45.252079 ], [ -122.37056, 45.252522 ], [ -122.372261, 45.254311 ], [ -122.373159, 45.254446 ], [ -122.373263, 45.263247 ], [ -122.374454, 45.264205 ], [ -122.374854, 45.266046 ], [ -122.376196, 45.267603 ], [ -122.376556, 45.269523 ], [ -122.378508, 45.271651 ], [ -122.380213, 45.26971 ], [ -122.38237, 45.270767 ], [ -122.379807, 45.272949 ], [ -122.381004, 45.276371 ], [ -122.381371, 45.27924 ], [ -122.382843, 45.279621 ], [ -122.383133, 45.280834 ], [ -122.383911, 45.281509 ], [ -122.387047, 45.282413 ], [ -122.389107, 45.282078 ], [ -122.392006, 45.282295 ], [ -122.393181, 45.284851 ], [ -122.395119, 45.284332 ], [ -122.396034, 45.28558 ], [ -122.39798, 45.286228 ], [ -122.39959, 45.288097 ], [ -122.402115, 45.289513 ], [ -122.40451, 45.289913 ], [ -122.404434, 45.291763 ], [ -122.407059, 45.29192 ], [ -122.4076, 45.293316 ], [ -122.40937, 45.294712 ], [ -122.40757, 45.296452 ], [ -122.408705, 45.298574 ], [ -122.411198, 45.298027 ], [ -122.414592, 45.299016 ], [ -122.421826, 45.303081 ], [ -122.424895, 45.304716 ], [ -122.426414, 45.30497 ], [ -122.424927, 45.308643 ], [ -122.422615, 45.309574 ], [ -122.42247, 45.311016 ], [ -122.420067, 45.311607 ], [ -122.419708, 45.312965 ], [ -122.422859, 45.312531 ], [ -122.423981, 45.314007 ], [ -122.423264, 45.315399 ], [ -122.422905, 45.31881 ], [ -122.427017, 45.319908 ], [ -122.428963, 45.320915 ], [ -122.427628, 45.32362 ], [ -122.429352, 45.326145 ], [ -122.425964, 45.328636 ], [ -122.428177, 45.329987 ], [ -122.427597, 45.331314 ], [ -122.430023, 45.33432 ], [ -122.431412, 45.333855 ], [ -122.433235, 45.334476 ], [ -122.433853, 45.337543 ], [ -122.436393, 45.337653 ], [ -122.436077, 45.338507 ] ] ] ] } },
{ "type": "Feature", "properties": { "zipcode": "97023", "approval_t": "Average MAX approval score", "calculation": 3.625 }, "geometry": { "type": "MultiPolygon", "coordinates": [ [ [ [ -122.436077, 45.338507 ], [ -122.432757, 45.338727 ], [ -122.428349, 45.341808 ], [ -122.421189, 45.343533 ], [ -122.418531, 45.345539 ], [ -122.416974, 45.345537 ], [ -122.395833, 45.33767 ], [ -122.391418, 45.334426 ], [ -122.388649, 45.336015 ], [ -122.383362, 45.333115 ], [ -122.38132, 45.32806 ], [ -122.38147, 45.323034 ], [ -122.381866, 45.32117 ], [ -122.383995, 45.318641 ], [ -122.387236, 45.316574 ], [ -122.387508, 45.315812 ], [ -122.386494, 45.31456 ], [ -122.381905, 45.312665 ], [ -122.376213, 45.311132 ], [ -122.368392, 45.307964 ], [ -122.365188, 45.307937 ], [ -122.364364, 45.306261 ], [ -122.367366, 45.30416 ], [ -122.36863, 45.302484 ], [ -122.368544, 45.298248 ], [ -122.366578, 45.29651 ], [ -122.362545, 45.298924 ], [ -122.358985, 45.300131 ], [ -122.354868, 45.300804 ], [ -122.350454, 45.299352 ], [ -122.352007, 45.301323 ], [ -122.355417, 45.307843 ], [ -122.345911, 45.310326 ], [ -122.346044, 45.315191 ], [ -122.347556, 45.323707 ], [ -122.34658, 45.323622 ], [ -122.346161, 45.322464 ], [ -122.343485, 45.321793 ], [ -122.343875, 45.325978 ], [ -122.346222, 45.331804 ], [ -122.343047, 45.331883 ], [ -122.341748, 45.331331 ], [ -122.335487, 45.340553 ], [ -122.332909, 45.339966 ], [ -122.33168, 45.337509 ], [ -122.330017, 45.336407 ], [ -122.327797, 45.335876 ], [ -122.327042, 45.334263 ], [ -122.325584, 45.335281 ], [ -122.321922, 45.334785 ], [ -122.321198, 45.3335 ], [ -122.318214, 45.330811 ], [ -122.316872, 45.330563 ], [ -122.312263, 45.327324 ], [ -122.309425, 45.326752 ], [ -122.30587, 45.324741 ], [ -122.304527, 45.322163 ], [ -122.301353, 45.323696 ], [ -122.296364, 45.323643 ], [ -122.292755, 45.324036 ], [ -122.291862, 45.325047 ], [ -122.289459, 45.325089 ], [ -122.288765, 45.32444 ], [ -122.289772, 45.323387 ], [ -122.288277, 45.321392 ], [ -122.28833, 45.32045 ], [ -122.286102, 45.319916 ], [ -122.282532, 45.317139 ], [ -122.281181, 45.314949 ], [ -122.280716, 45.312744 ], [ -122.278915, 45.310238 ], [ -122.276627, 45.308594 ], [ -122.276299, 45.307743 ], [ -122.273819, 45.306896 ], [ -122.271118, 45.306786 ], [ -122.269913, 45.305141 ], [ -122.269844, 45.321263 ], [ -122.269043, 45.320736 ], [ -122.267212, 45.317062 ], [ -122.268219, 45.314945 ], [ -122.26503, 45.313873 ], [ -122.264778, 45.313271 ], [ -122.261383, 45.313114 ], [ -122.257828, 45.313538 ], [ -122.254433, 45.313511 ], [ -122.251778, 45.313942 ], [ -122.251015, 45.314697 ], [ -122.248161, 45.315109 ], [ -122.246803, 45.316116 ], [ -122.245636, 45.315819 ], [ -122.244308, 45.316757 ], [ -122.244507, 45.318153 ], [ -122.242332, 45.31987 ], [ -122.235176, 45.320465 ], [ -122.234138, 45.319965 ], [ -122.22625, 45.31974 ], [ -122.224144, 45.319035 ], [ -122.223137, 45.317112 ], [ -122.220253, 45.316269 ], [ -122.219444, 45.31675 ], [ -122.216072, 45.315079 ], [ -122.211182, 45.314716 ], [ -122.206161, 45.312214 ], [ -122.205475, 45.311378 ], [ -122.202721, 45.310783 ], [ -122.197083, 45.307537 ], [ -122.191513, 45.306671 ], [ -122.186232, 45.307192 ], [ -122.182247, 45.309707 ], [ -122.179914, 45.310507 ], [ -122.179039, 45.31261 ], [ -122.175539, 45.314119 ], [ -122.172947, 45.31405 ], [ -122.168138, 45.312692 ], [ -122.168288, 45.301556 ], [ -122.165111, 45.304286 ], [ -122.164851, 45.302991 ], [ -122.159343, 45.302524 ], [ -122.155066, 45.303095 ], [ -122.149759, 45.30316 ], [ -122.148001, 45.301238 ], [ -122.149222, 45.299967 ], [ -122.157825, 45.299246 ], [ -122.153063, 45.296582 ], [ -122.15227, 45.294417 ], [ -122.156095, 45.291506 ], [ -122.154449, 45.288804 ], [ -122.149624, 45.286827 ], [ -122.144957, 45.288433 ], [ -122.144119, 45.291527 ], [ -122.141533, 45.293354 ], [ -122.139519, 45.293785 ], [ -122.137703, 45.295227 ], [ -122.134178, 45.296917 ], [ -122.127555, 45.297752 ], [ -122.127587, 45.247653 ], [ -122.137162, 45.247841 ], [ -122.136896, 45.244095 ], [ -122.127587, 45.243907 ], [ -122.128119, 45.229861 ], [ -122.13796, 45.229861 ], [ -122.13796, 45.232857 ], [ -122.148332, 45.232857 ], [ -122.148332, 45.229673 ], [ -122.189823, 45.229861 ], [ -122.190089, 45.244657 ], [ -122.230516, 45.244095 ], [ -122.230516, 45.230188 ], [ -122.220933, 45.224804 ], [ -122.216549, 45.21433 ], [ -122.212952, 45.212317 ], [ -122.210802, 45.209738 ], [ -122.207493, 45.207392 ], [ -122.205025, 45.206775 ], [ -122.200796, 45.205024 ], [ -122.195306, 45.205303 ], [ -122.19246, 45.20627 ], [ -122.183873, 45.205353 ], [ -122.181455, 45.204555 ], [ -122.177485, 45.205327 ], [ -122.173492, 45.204817 ], [ -122.171995, 45.205063 ], [ -122.168485, 45.204473 ], [ -122.166085, 45.203671 ], [ -122.164063, 45.203763 ], [ -122.160642, 45.202873 ], [ -122.158508, 45.203008 ], [ -122.157353, 45.201863 ], [ -122.154515, 45.200981 ], [ -122.151834, 45.200775 ], [ -122.151286, 45.198983 ], [ -122.154025, 45.195781 ], [ -122.153813, 45.195211 ], [ -122.151182, 45.193639 ], [ -122.146612, 45.193794 ], [ -122.140611, 45.190826 ], [ -122.138891, 45.190507 ], [ -122.138191, 45.189316 ], [ -122.136185, 45.188469 ], [ -122.134216, 45.188423 ], [ -122.133469, 45.185749 ], [ -122.128853, 45.183094 ], [ -122.124352, 45.18214 ], [ -122.120334, 45.183156 ], [ -122.119927, 45.18157 ], [ -122.117685, 45.181063 ], [ -122.114549, 45.182022 ], [ -122.11174, 45.181889 ], [ -122.10929, 45.186602 ], [ -122.108011, 45.187483 ], [ -122.099016, 45.187775 ], [ -122.095313, 45.188355 ], [ -122.091851, 45.190135 ], [ -122.086771, 45.191436 ], [ -122.083447, 45.193211 ], [ -122.076566, 45.193328 ], [ -122.0738, 45.19363 ], [ -122.074414, 45.194624 ], [ -122.076412, 45.194998 ], [ -122.081714, 45.194665 ], [ -122.08571, 45.193745 ], [ -122.090172, 45.194721 ], [ -122.104141, 45.196613 ], [ -122.106888, 45.197346 ], [ -122.110123, 45.197048 ], [ -122.114876, 45.198395 ], [ -122.118401, 45.196724 ], [ -122.121269, 45.196079 ], [ -122.124573, 45.195911 ], [ -122.12764, 45.197109 ], [ -122.129059, 45.199188 ], [ -122.130196, 45.199806 ], [ -122.1343, 45.200291 ], [ -122.136497, 45.201481 ], [ -122.138596, 45.201504 ], [ -122.142319, 45.200638 ], [ -122.144478, 45.200985 ], [ -122.145805, 45.20219 ], [ -122.151529, 45.204321 ], [ -122.150149, 45.204581 ], [ -122.14287, 45.202842 ], [ -122.141053, 45.203726 ], [ -122.138332, 45.203111 ], [ -122.134803, 45.20449 ], [ -122.132679, 45.203464 ], [ -122.129915, 45.203884 ], [ -122.126836, 45.203389 ], [ -122.125266, 45.204271 ], [ -122.123996, 45.203787 ], [ -122.118684, 45.204388 ], [ -122.116006, 45.203711 ], [ -122.113371, 45.204441 ], [ -122.112593, 45.203782 ], [ -122.109408, 45.203977 ], [ -122.108144, 45.20592 ], [ -122.105978, 45.205962 ], [ -122.106219, 45.20705 ], [ -122.10432, 45.20816 ], [ -122.10149, 45.208132 ], [ -122.100548, 45.209788 ], [ -122.096703, 45.211355 ], [ -122.095118, 45.211438 ], [ -122.093493, 45.210439 ], [ -122.090638, 45.210448 ], [ -122.083025, 45.212328 ], [ -122.077058, 45.214841 ], [ -122.073818, 45.216939 ], [ -122.071424, 45.217998 ], [ -122.069747, 45.218005 ], [ -122.067918, 45.216952 ], [ -122.065494, 45.212509 ], [ -122.065186, 45.210657 ], [ -122.064175, 45.209966 ], [ -122.062407, 45.210193 ], [ -122.059255, 45.209702 ], [ -122.055779, 45.211083 ], [ -122.05421, 45.212252 ], [ -122.052503, 45.212327 ], [ -122.050908, 45.2112 ], [ -122.048978, 45.21131 ], [ -122.04798, 45.212751 ], [ -122.045557, 45.213867 ], [ -122.044317, 45.215825 ], [ -122.03957, 45.216111 ], [ -122.036793, 45.217041 ], [ -122.034666, 45.218866 ], [ -122.030261, 45.219584 ], [ -122.02918, 45.218642 ], [ -122.030005, 45.217128 ], [ -122.028874, 45.217077 ], [ -122.026073, 45.220182 ], [ -122.023912, 45.220171 ], [ -122.024933, 45.218884 ], [ -122.026848, 45.218311 ], [ -122.028267, 45.215569 ], [ -122.027885, 45.21278 ], [ -122.029327, 45.210327 ], [ -122.029358, 45.208122 ], [ -122.028206, 45.205875 ], [ -122.023842, 45.203381 ], [ -122.021744, 45.202785 ], [ -122.022682, 45.200844 ], [ -122.023994, 45.201111 ], [ -122.025017, 45.200203 ], [ -122.026176, 45.200523 ], [ -122.027504, 45.197998 ], [ -122.02993, 45.197258 ], [ -122.031944, 45.195984 ], [ -122.033844, 45.195587 ], [ -122.035492, 45.195976 ], [ -122.041672, 45.192047 ], [ -122.042831, 45.19001 ], [ -122.046036, 45.187019 ], [ -122.047073, 45.186859 ], [ -122.052895, 45.18375 ], [ -122.055382, 45.183292 ], [ -122.05645, 45.182262 ], [ -122.060616, 45.181831 ], [ -122.061684, 45.180183 ], [ -122.06498, 45.178581 ], [ -122.066307, 45.177029 ], [ -122.072678, 45.173439 ], [ -122.074577, 45.173508 ], [ -122.076942, 45.172684 ], [ -122.088089, 45.170807 ], [ -122.090515, 45.170761 ], [ -122.095139, 45.167831 ], [ -122.097916, 45.166985 ], [ -122.098305, 45.165638 ], [ -122.101402, 45.16534 ], [ -122.101982, 45.164848 ], [ -122.098427, 45.160679 ], [ -122.094742, 45.158321 ], [ -122.091469, 45.156704 ], [ -122.087082, 45.15556 ], [ -122.081635, 45.152683 ], [ -122.080681, 45.152428 ], [ -122.076515, 45.152748 ], [ -122.074089, 45.154758 ], [ -122.070183, 45.15588 ], [ -122.063492, 45.155125 ], [ -122.056511, 45.15255 ], [ -122.051086, 45.152748 ], [ -122.046482, 45.153726 ], [ -122.044175, 45.153117 ], [ -122.043992, 45.151338 ], [ -122.045383, 45.150989 ], [ -122.044706, 45.149632 ], [ -122.041141, 45.147806 ], [ -122.041137, 45.144402 ], [ -122.039555, 45.142034 ], [ -122.0406, 45.139727 ], [ -122.039813, 45.138613 ], [ -122.035986, 45.137524 ], [ -122.036361, 45.136076 ], [ -122.035192, 45.134707 ], [ -122.03304, 45.134915 ], [ -122.031078, 45.134214 ], [ -122.029248, 45.13281 ], [ -122.029883, 45.131714 ], [ -122.033472, 45.131276 ], [ -122.02792, 45.128593 ], [ -122.025744, 45.127252 ], [ -122.024107, 45.125104 ], [ -122.015177, 45.124332 ], [ -122.015617, 45.123374 ], [ -122.017907, 45.122485 ], [ -122.017728, 45.121381 ], [ -122.018787, 45.12032 ], [ -122.018413, 45.119198 ], [ -122.014684, 45.118683 ], [ -122.018417, 45.115852 ], [ -122.021484, 45.11474 ], [ -122.024246, 45.113217 ], [ -122.027761, 45.113088 ], [ -122.031272, 45.113643 ], [ -122.035763, 45.115564 ], [ -122.039392, 45.114516 ], [ -122.035484, 45.109391 ], [ -122.038743, 45.107129 ], [ -122.038692, 45.105574 ], [ -122.036602, 45.103645 ], [ -122.029757, 45.103316 ], [ -122.028879, 45.102936 ], [ -122.029649, 45.100471 ], [ -122.027052, 45.099256 ], [ -122.024359, 45.098998 ], [ -122.023548, 45.097923 ], [ -122.021885, 45.098281 ], [ -122.020781, 45.097191 ], [ -122.01638, 45.097394 ], [ -122.011716, 45.097934 ], [ -122.008937, 45.096523 ], [ -122.008219, 45.094779 ], [ -122.002582, 45.092264 ], [ -121.998666, 45.092559 ], [ -121.995198, 45.091314 ], [ -121.990739, 45.090404 ], [ -121.987853, 45.088999 ], [ -121.983273, 45.087988 ], [ -121.982471, 45.087427 ], [ -121.983087, 45.086935 ], [ -121.986877, 45.088445 ], [ -121.989691, 45.088102 ], [ -121.991121, 45.088795 ], [ -121.993171, 45.088365 ], [ -121.99673, 45.089549 ], [ -122.000543, 45.088587 ], [ -122.003513, 45.088528 ], [ -122.006419, 45.08996 ], [ -122.007303, 45.090967 ], [ -122.010022, 45.089729 ], [ -122.012816, 45.089562 ], [ -122.013675, 45.088792 ], [ -122.015841, 45.088557 ], [ -122.020317, 45.086977 ], [ -122.025258, 45.087465 ], [ -122.027736, 45.086337 ], [ -122.030005, 45.086421 ], [ -122.033603, 45.084405 ], [ -122.03517, 45.084317 ], [ -122.03696, 45.085417 ], [ -122.040683, 45.085578 ], [ -122.042356, 45.084833 ], [ -122.041573, 45.083084 ], [ -122.039222, 45.080865 ], [ -122.041634, 45.080014 ], [ -122.043192, 45.080074 ], [ -122.046486, 45.075989 ], [ -122.049232, 45.076813 ], [ -122.050781, 45.076721 ], [ -122.053169, 45.074436 ], [ -122.060112, 45.072571 ], [ -122.062599, 45.072544 ], [ -122.06366, 45.073383 ], [ -122.061859, 45.074974 ], [ -122.060753, 45.077156 ], [ -122.063232, 45.079121 ], [ -122.064529, 45.082916 ], [ -122.064262, 45.083668 ], [ -122.060883, 45.085091 ], [ -122.06118, 45.085751 ], [ -122.064301, 45.087078 ], [ -122.069756, 45.086826 ], [ -122.073883, 45.088909 ], [ -122.07637, 45.090851 ], [ -122.07666, 45.091858 ], [ -122.07563, 45.093525 ], [ -122.0755, 45.095657 ], [ -122.073837, 45.096592 ], [ -122.076309, 45.09956 ], [ -122.075661, 45.102489 ], [ -122.077591, 45.104244 ], [ -122.07431, 45.106422 ], [ -122.072014, 45.107128 ], [ -122.071045, 45.108273 ], [ -122.071083, 45.109665 ], [ -122.072853, 45.111176 ], [ -122.074081, 45.109509 ], [ -122.07563, 45.108776 ], [ -122.08878, 45.120767 ], [ -122.089626, 45.121973 ], [ -122.092338, 45.121301 ], [ -122.0983, 45.122707 ], [ -122.099067, 45.12458 ], [ -122.099241, 45.127997 ], [ -122.101631, 45.130164 ], [ -122.101432, 45.131633 ], [ -122.102251, 45.132413 ], [ -122.107365, 45.132944 ], [ -122.109822, 45.131631 ], [ -122.110093, 45.129644 ], [ -122.112885, 45.128252 ], [ -122.113333, 45.129515 ], [ -122.115335, 45.130743 ], [ -122.118291, 45.130855 ], [ -122.117371, 45.131428 ], [ -122.114494, 45.131428 ], [ -122.112289, 45.13269 ], [ -122.10833, 45.138245 ], [ -122.10688, 45.139893 ], [ -122.106102, 45.142338 ], [ -122.10675, 45.144234 ], [ -122.106468, 45.145935 ], [ -122.103752, 45.149334 ], [ -122.107079, 45.150318 ], [ -122.108147, 45.151161 ], [ -122.109306, 45.15369 ], [ -122.110672, 45.154751 ], [ -122.11467, 45.156418 ], [ -122.118042, 45.158497 ], [ -122.117492, 45.159019 ], [ -122.120995, 45.160761 ], [ -122.121885, 45.162661 ], [ -122.122198, 45.166317 ], [ -122.12367, 45.167382 ], [ -122.129331, 45.168495 ], [ -122.13358, 45.168089 ], [ -122.136736, 45.166805 ], [ -122.139626, 45.166207 ], [ -122.143224, 45.16309 ], [ -122.148026, 45.160759 ], [ -122.149834, 45.160813 ], [ -122.151807, 45.162913 ], [ -122.152199, 45.165409 ], [ -122.153564, 45.166439 ], [ -122.15515, 45.166338 ], [ -122.160141, 45.169877 ], [ -122.161858, 45.171815 ], [ -122.16287, 45.175167 ], [ -122.164568, 45.177171 ], [ -122.166626, 45.178754 ], [ -122.167681, 45.181806 ], [ -122.169357, 45.182481 ], [ -122.172698, 45.18247 ], [ -122.173393, 45.183226 ], [ -122.172212, 45.184462 ], [ -122.169538, 45.185254 ], [ -122.167996, 45.186793 ], [ -122.168123, 45.189105 ], [ -122.169088, 45.190197 ], [ -122.170689, 45.190902 ], [ -122.174436, 45.191698 ], [ -122.176077, 45.192535 ], [ -122.176918, 45.191841 ], [ -122.178635, 45.193855 ], [ -122.182381, 45.196758 ], [ -122.183708, 45.19701 ], [ -122.187492, 45.19532 ], [ -122.193733, 45.193398 ], [ -122.199707, 45.189064 ], [ -122.202011, 45.187981 ], [ -122.206215, 45.187679 ], [ -122.208023, 45.188049 ], [ -122.209167, 45.189068 ], [ -122.209839, 45.19191 ], [ -122.210861, 45.192387 ], [ -122.215172, 45.192207 ], [ -122.217239, 45.193256 ], [ -122.218117, 45.194355 ], [ -122.218925, 45.197876 ], [ -122.220123, 45.199406 ], [ -122.222382, 45.199635 ], [ -122.225525, 45.199177 ], [ -122.225815, 45.19746 ], [ -122.226913, 45.196297 ], [ -122.227173, 45.191143 ], [ -122.230965, 45.187267 ], [ -122.231636, 45.185661 ], [ -122.233513, 45.183533 ], [ -122.235153, 45.182663 ], [ -122.236191, 45.180813 ], [ -122.234413, 45.179943 ], [ -122.236572, 45.176216 ], [ -122.239578, 45.173561 ], [ -122.239868, 45.171299 ], [ -122.23925, 45.170155 ], [ -122.240738, 45.169216 ], [ -122.24144, 45.162083 ], [ -122.241928, 45.160664 ], [ -122.243317, 45.159935 ], [ -122.245026, 45.157509 ], [ -122.248734, 45.153187 ], [ -122.251183, 45.149025 ], [ -122.252731, 45.148018 ], [ -122.252998, 45.146965 ], [ -122.253392, 45.169865 ], [ -122.255876, 45.16934 ], [ -122.256795, 45.167513 ], [ -122.259231, 45.165091 ], [ -122.262564, 45.165841 ], [ -122.262699, 45.167693 ], [ -122.264723, 45.169901 ], [ -122.268931, 45.170502 ], [ -122.271004, 45.169409 ], [ -122.272165, 45.16543 ], [ -122.274062, 45.164138 ], [ -122.274674, 45.162729 ], [ -122.274069, 45.161436 ], [ -122.275883, 45.162096 ], [ -122.27771, 45.164217 ], [ -122.278547, 45.160528 ], [ -122.281991, 45.162192 ], [ -122.284135, 45.162212 ], [ -122.283058, 45.159531 ], [ -122.28655, 45.161793 ], [ -122.288522, 45.163965 ], [ -122.290494, 45.165359 ], [ -122.288906, 45.169257 ], [ -122.28691, 45.171704 ], [ -122.288222, 45.171692 ], [ -122.288804, 45.173982 ], [ -122.290065, 45.174051 ], [ -122.293394, 45.174829 ], [ -122.292585, 45.176635 ], [ -122.293458, 45.177779 ], [ -122.29669, 45.177505 ], [ -122.296237, 45.18002 ], [ -122.299825, 45.183244 ], [ -122.301313, 45.182467 ], [ -122.301991, 45.184273 ], [ -122.300762, 45.187611 ], [ -122.302249, 45.189852 ], [ -122.305062, 45.188823 ], [ -122.308165, 45.188663 ], [ -122.31199, 45.190928 ], [ -122.311857, 45.202506 ], [ -122.315941, 45.202312 ], [ -122.319199, 45.20364 ], [ -122.322723, 45.203594 ], [ -122.325218, 45.204872 ], [ -122.327354, 45.204552 ], [ -122.336021, 45.205261 ], [ -122.341293, 45.208572 ], [ -122.342781, 45.210732 ], [ -122.345596, 45.21207 ], [ -122.345436, 45.215088 ], [ -122.346375, 45.218494 ], [ -122.349197, 45.221622 ], [ -122.352295, 45.223431 ], [ -122.3526, 45.225747 ], [ -122.35392, 45.226791 ], [ -122.356735, 45.226059 ], [ -122.359352, 45.225876 ], [ -122.361847, 45.226379 ], [ -122.364311, 45.228096 ], [ -122.367317, 45.227863 ], [ -122.369644, 45.23138 ], [ -122.367981, 45.233513 ], [ -122.367645, 45.235634 ], [ -122.366158, 45.236458 ], [ -122.365417, 45.238152 ], [ -122.363251, 45.240509 ], [ -122.360794, 45.241901 ], [ -122.361183, 45.243275 ], [ -122.359856, 45.245083 ], [ -122.362297, 45.246513 ], [ -122.365189, 45.249844 ], [ -122.367325, 45.251087 ], [ -122.367744, 45.252079 ], [ -122.37056, 45.252522 ], [ -122.372261, 45.254311 ], [ -122.373159, 45.254446 ], [ -122.373263, 45.263247 ], [ -122.374454, 45.264205 ], [ -122.374854, 45.266046 ], [ -122.376196, 45.267603 ], [ -122.376556, 45.269523 ], [ -122.378508, 45.271651 ], [ -122.380213, 45.26971 ], [ -122.38237, 45.270767 ], [ -122.379807, 45.272949 ], [ -122.381004, 45.276371 ], [ -122.381371, 45.27924 ], [ -122.382843, 45.279621 ], [ -122.383133, 45.280834 ], [ -122.383911, 45.281509 ], [ -122.387047, 45.282413 ], [ -122.389107, 45.282078 ], [ -122.392006, 45.282295 ], [ -122.393181, 45.284851 ], [ -122.395119, 45.284332 ], [ -122.396034, 45.28558 ], [ -122.39798, 45.286228 ], [ -122.39959, 45.288097 ], [ -122.402115, 45.289513 ], [ -122.40451, 45.289913 ], [ -122.404434, 45.291763 ], [ -122.407059, 45.29192 ], [ -122.4076, 45.293316 ], [ -122.40937, 45.294712 ], [ -122.40757, 45.296452 ], [ -122.408705, 45.298574 ], [ -122.411198, 45.298027 ], [ -122.414592, 45.299016 ], [ -122.421826, 45.303081 ], [ -122.424895, 45.304716 ], [ -122.426414, 45.30497 ], [ -122.424927, 45.308643 ], [ -122.422615, 45.309574 ], [ -122.42247, 45.311016 ], [ -122.420067, 45.311607 ], [ -122.419708, 45.312965 ], [ -122.422859, 45.312531 ], [ -122.423981, 45.314007 ], [ -122.423264, 45.315399 ], [ -122.422905, 45.31881 ], [ -122.427017, 45.319908 ], [ -122.428963, 45.320915 ], [ -122.427628, 45.32362 ], [ -122.429352, 45.326145 ], [ -122.425964, 45.328636 ], [ -122.428177, 45.329987 ], [ -122.427597, 45.331314 ], [ -122.430023, 45.33432 ], [ -122.431412, 45.333855 ], [ -122.433235, 45.334476 ], [ -122.433853, 45.337543 ], [ -122.436393, 45.337653 ], [ -122.436077, 45.338507 ] ] ] ] } },
{ "type": "Feature", "properties": { "zipcode": "97045", "approval_t": "Average bus approval score", "calculation": 3.6888888888888891 }, "geometry": { "type": "MultiPolygon", "coordinates": [ [ [ [ -122.665811, 45.307362 ], [ -122.664243, 45.31093 ], [ -122.663875, 45.313916 ], [ -122.664935, 45.315366 ], [ -122.665594, 45.318895 ], [ -122.663692, 45.319957 ], [ -122.662451, 45.323554 ], [ -122.659123, 45.329186 ], [ -122.658115, 45.330338 ], [ -122.650883, 45.336738 ], [ -122.649802, 45.337053 ], [ -122.647499, 45.337674 ], [ -122.640153, 45.341404 ], [ -122.624503, 45.348542 ], [ -122.619702, 45.350942 ], [ -122.617337, 45.352584 ], [ -122.613368, 45.355955 ], [ -122.611309, 45.358266 ], [ -122.609363, 45.358772 ], [ -122.605008, 45.362355 ], [ -122.602976, 45.36489 ], [ -122.60279, 45.365817 ], [ -122.606429, 45.371309 ], [ -122.607802, 45.372342 ], [ -122.603905, 45.372673 ], [ -122.601776, 45.373283 ], [ -122.599594, 45.37463 ], [ -122.596153, 45.375164 ], [ -122.591164, 45.378559 ], [ -122.584991, 45.378563 ], [ -122.582787, 45.37925 ], [ -122.581703, 45.380676 ], [ -122.579987, 45.380638 ], [ -122.577565, 45.379756 ], [ -122.576302, 45.379211 ], [ -122.574425, 45.38213 ], [ -122.5737, 45.385277 ], [ -122.574165, 45.38884 ], [ -122.571079, 45.3914 ], [ -122.561768, 45.396385 ], [ -122.557281, 45.397732 ], [ -122.554832, 45.400127 ], [ -122.55278, 45.400089 ], [ -122.549171, 45.397911 ], [ -122.547324, 45.39763 ], [ -122.546786, 45.397129 ], [ -122.545097, 45.395348 ], [ -122.544235, 45.394855 ], [ -122.543793, 45.394661 ], [ -122.54274, 45.39431 ], [ -122.541625, 45.393993 ], [ -122.540657, 45.393719 ], [ -122.538963, 45.393047 ], [ -122.538033, 45.393467 ], [ -122.537865, 45.393478 ], [ -122.536835, 45.393417 ], [ -122.5345, 45.393198 ], [ -122.536194, 45.39389 ], [ -122.530052, 45.393833 ], [ -122.52449, 45.395046 ], [ -122.524132, 45.398106 ], [ -122.523048, 45.402142 ], [ -122.518517, 45.406498 ], [ -122.516899, 45.409142 ], [ -122.513788, 45.409314 ], [ -122.511208, 45.406965 ], [ -122.507589, 45.40075 ], [ -122.504097, 45.396495 ], [ -122.50203, 45.395014 ], [ -122.497336, 45.392828 ], [ -122.496061, 45.392653 ], [ -122.490295, 45.393939 ], [ -122.48728, 45.392049 ], [ -122.482247, 45.391536 ], [ -122.47985, 45.39062 ], [ -122.478187, 45.391898 ], [ -122.475736, 45.392538 ], [ -122.471313, 45.391186 ], [ -122.470346, 45.386551 ], [ -122.470564, 45.384987 ], [ -122.468496, 45.384236 ], [ -122.463237, 45.384062 ], [ -122.449929, 45.384286 ], [ -122.446874, 45.383295 ], [ -122.443958, 45.382803 ], [ -122.442082, 45.383046 ], [ -122.437979, 45.384344 ], [ -122.435296, 45.386652 ], [ -122.433829, 45.389009 ], [ -122.432378, 45.389551 ], [ -122.424516, 45.388441 ], [ -122.422475, 45.388755 ], [ -122.420938, 45.388359 ], [ -122.417674, 45.386333 ], [ -122.413676, 45.381959 ], [ -122.409719, 45.378136 ], [ -122.406542, 45.377506 ], [ -122.404352, 45.377702 ], [ -122.401979, 45.376349 ], [ -122.401304, 45.37534 ], [ -122.398193, 45.373214 ], [ -122.398568, 45.371142 ], [ -122.397594, 45.368406 ], [ -122.395344, 45.366133 ], [ -122.386748, 45.361096 ], [ -122.38327, 45.3572 ], [ -122.381619, 45.355914 ], [ -122.381547, 45.354607 ], [ -122.384832, 45.351375 ], [ -122.385205, 45.349061 ], [ -122.383644, 45.346395 ], [ -122.381499, 45.344238 ], [ -122.381242, 45.342077 ], [ -122.383475, 45.340466 ], [ -122.388315, 45.339025 ], [ -122.389645, 45.33706 ], [ -122.386954, 45.335161 ], [ -122.383088, 45.333151 ], [ -122.381622, 45.330954 ], [ -122.38132, 45.32806 ], [ -122.383362, 45.333115 ], [ -122.388649, 45.336015 ], [ -122.391418, 45.334426 ], [ -122.395833, 45.33767 ], [ -122.416974, 45.345537 ], [ -122.418531, 45.345539 ], [ -122.421189, 45.343533 ], [ -122.428349, 45.341808 ], [ -122.432757, 45.338727 ], [ -122.436077, 45.338507 ], [ -122.436393, 45.337653 ], [ -122.433853, 45.337543 ], [ -122.433235, 45.334476 ], [ -122.431412, 45.333855 ], [ -122.430023, 45.33432 ], [ -122.427597, 45.331314 ], [ -122.428177, 45.329987 ], [ -122.425964, 45.328636 ], [ -122.429352, 45.326145 ], [ -122.427628, 45.32362 ], [ -122.428963, 45.320915 ], [ -122.427017, 45.319908 ], [ -122.422905, 45.31881 ], [ -122.423264, 45.315399 ], [ -122.423981, 45.314007 ], [ -122.422859, 45.312531 ], [ -122.419708, 45.312965 ], [ -122.420067, 45.311607 ], [ -122.42247, 45.311016 ], [ -122.422615, 45.309574 ], [ -122.424927, 45.308643 ], [ -122.426414, 45.30497 ], [ -122.424895, 45.304716 ], [ -122.421826, 45.303081 ], [ -122.425805, 45.295236 ], [ -122.425853, 45.28738 ], [ -122.426669, 45.286724 ], [ -122.432922, 45.284374 ], [ -122.442627, 45.283062 ], [ -122.442047, 45.280499 ], [ -122.443213, 45.278372 ], [ -122.446445, 45.280788 ], [ -122.449341, 45.279156 ], [ -122.450221, 45.277604 ], [ -122.45282, 45.276756 ], [ -122.453557, 45.27419 ], [ -122.454583, 45.274129 ], [ -122.455464, 45.277004 ], [ -122.454812, 45.277689 ], [ -122.454902, 45.280981 ], [ -122.471433, 45.281069 ], [ -122.47611, 45.282116 ], [ -122.478958, 45.282196 ], [ -122.47747, 45.281108 ], [ -122.482046, 45.281156 ], [ -122.483025, 45.281715 ], [ -122.480995, 45.284584 ], [ -122.480659, 45.287754 ], [ -122.478233, 45.291531 ], [ -122.478256, 45.292561 ], [ -122.480888, 45.29475 ], [ -122.480835, 45.298862 ], [ -122.481407, 45.299999 ], [ -122.483925, 45.300793 ], [ -122.487244, 45.300835 ], [ -122.489555, 45.301651 ], [ -122.490288, 45.300804 ], [ -122.49247, 45.300804 ], [ -122.497658, 45.303326 ], [ -122.502449, 45.30233 ], [ -122.504114, 45.301493 ], [ -122.504877, 45.302263 ], [ -122.509661, 45.302264 ], [ -122.510221, 45.303291 ], [ -122.517695, 45.299904 ], [ -122.517584, 45.295467 ], [ -122.527929, 45.295248 ], [ -122.533172, 45.295196 ], [ -122.533153, 45.296313 ], [ -122.538576, 45.296429 ], [ -122.537797, 45.293492 ], [ -122.546228, 45.293337 ], [ -122.546252, 45.288808 ], [ -122.549576, 45.291321 ], [ -122.549264, 45.295008 ], [ -122.55091, 45.293696 ], [ -122.551708, 45.29358 ], [ -122.552712, 45.293536 ], [ -122.558007, 45.293546 ], [ -122.56356, 45.293976 ], [ -122.564289, 45.290465 ], [ -122.570115, 45.271237 ], [ -122.549664, 45.269123 ], [ -122.547752, 45.269462 ], [ -122.546866, 45.272081 ], [ -122.545292, 45.273433 ], [ -122.543011, 45.273435 ], [ -122.543105, 45.28074 ], [ -122.53828, 45.281064 ], [ -122.53878, 45.281322 ], [ -122.536949, 45.282291 ], [ -122.535722, 45.281869 ], [ -122.535786, 45.281048 ], [ -122.535263, 45.279557 ], [ -122.535191, 45.273667 ], [ -122.534652, 45.268733 ], [ -122.531238, 45.267551 ], [ -122.531192, 45.266205 ], [ -122.533305, 45.265765 ], [ -122.528075, 45.264995 ], [ -122.522937, 45.2626 ], [ -122.518094, 45.260712 ], [ -122.518364, 45.249912 ], [ -122.519173, 45.248196 ], [ -122.524384, 45.244972 ], [ -122.526982, 45.244648 ], [ -122.526976, 45.2438 ], [ -122.530105, 45.243476 ], [ -122.534485, 45.242092 ], [ -122.53727, 45.241478 ], [ -122.540649, 45.23951 ], [ -122.541801, 45.237408 ], [ -122.547661, 45.235146 ], [ -122.548745, 45.235898 ], [ -122.547809, 45.237674 ], [ -122.548111, 45.238941 ], [ -122.552254, 45.240086 ], [ -122.557182, 45.24221 ], [ -122.559029, 45.243973 ], [ -122.561569, 45.247402 ], [ -122.563771, 45.248157 ], [ -122.571275, 45.248128 ], [ -122.571212, 45.250484 ], [ -122.576506, 45.250418 ], [ -122.57461, 45.256509 ], [ -122.575132, 45.257083 ], [ -122.581454, 45.253723 ], [ -122.583301, 45.250252 ], [ -122.58626, 45.250247 ], [ -122.592905, 45.250236 ], [ -122.592795, 45.249299 ], [ -122.595688, 45.24935 ], [ -122.595769, 45.248413 ], [ -122.601001, 45.248323 ], [ -122.600965, 45.247437 ], [ -122.603874, 45.247509 ], [ -122.607109, 45.249245 ], [ -122.608734, 45.249588 ], [ -122.61113, 45.251968 ], [ -122.615654, 45.253914 ], [ -122.615837, 45.25679 ], [ -122.616699, 45.260796 ], [ -122.615906, 45.262943 ], [ -122.617508, 45.265572 ], [ -122.617697, 45.268244 ], [ -122.623128, 45.266845 ], [ -122.624468, 45.271569 ], [ -122.629478, 45.271592 ], [ -122.629429, 45.276104 ], [ -122.630348, 45.278226 ], [ -122.633621, 45.28022 ], [ -122.637177, 45.278961 ], [ -122.643188, 45.280251 ], [ -122.643242, 45.28244 ], [ -122.646667, 45.283577 ], [ -122.648117, 45.289131 ], [ -122.646362, 45.291683 ], [ -122.650909, 45.294037 ], [ -122.651413, 45.29657 ], [ -122.653633, 45.29813 ], [ -122.654274, 45.299461 ], [ -122.653564, 45.299644 ], [ -122.656914, 45.299778 ], [ -122.660499, 45.296595 ], [ -122.660467, 45.297811 ], [ -122.664563, 45.302658 ], [ -122.666195, 45.305138 ], [ -122.665811, 45.307362 ] ] ] ] } },
{ "type": "Feature", "properties": { "zipcode": "97045", "approval_t": "Average MAX approval score", "calculation": 3.4 }, "geometry": { "type": "MultiPolygon", "coordinates": [ [ [ [ -122.665811, 45.307362 ], [ -122.664243, 45.31093 ], [ -122.663875, 45.313916 ], [ -122.664935, 45.315366 ], [ -122.665594, 45.318895 ], [ -122.663692, 45.319957 ], [ -122.662451, 45.323554 ], [ -122.659123, 45.329186 ], [ -122.658115, 45.330338 ], [ -122.650883, 45.336738 ], [ -122.649802, 45.337053 ], [ -122.647499, 45.337674 ], [ -122.640153, 45.341404 ], [ -122.624503, 45.348542 ], [ -122.619702, 45.350942 ], [ -122.617337, 45.352584 ], [ -122.613368, 45.355955 ], [ -122.611309, 45.358266 ], [ -122.609363, 45.358772 ], [ -122.605008, 45.362355 ], [ -122.602976, 45.36489 ], [ -122.60279, 45.365817 ], [ -122.606429, 45.371309 ], [ -122.607802, 45.372342 ], [ -122.603905, 45.372673 ], [ -122.601776, 45.373283 ], [ -122.599594, 45.37463 ], [ -122.596153, 45.375164 ], [ -122.591164, 45.378559 ], [ -122.584991, 45.378563 ], [ -122.582787, 45.37925 ], [ -122.581703, 45.380676 ], [ -122.579987, 45.380638 ], [ -122.577565, 45.379756 ], [ -122.576302, 45.379211 ], [ -122.574425, 45.38213 ], [ -122.5737, 45.385277 ], [ -122.574165, 45.38884 ], [ -122.571079, 45.3914 ], [ -122.561768, 45.396385 ], [ -122.557281, 45.397732 ], [ -122.554832, 45.400127 ], [ -122.55278, 45.400089 ], [ -122.549171, 45.397911 ], [ -122.547324, 45.39763 ], [ -122.546786, 45.397129 ], [ -122.545097, 45.395348 ], [ -122.544235, 45.394855 ], [ -122.543793, 45.394661 ], [ -122.54274, 45.39431 ], [ -122.541625, 45.393993 ], [ -122.540657, 45.393719 ], [ -122.538963, 45.393047 ], [ -122.538033, 45.393467 ], [ -122.537865, 45.393478 ], [ -122.536835, 45.393417 ], [ -122.5345, 45.393198 ], [ -122.536194, 45.39389 ], [ -122.530052, 45.393833 ], [ -122.52449, 45.395046 ], [ -122.524132, 45.398106 ], [ -122.523048, 45.402142 ], [ -122.518517, 45.406498 ], [ -122.516899, 45.409142 ], [ -122.513788, 45.409314 ], [ -122.511208, 45.406965 ], [ -122.507589, 45.40075 ], [ -122.504097, 45.396495 ], [ -122.50203, 45.395014 ], [ -122.497336, 45.392828 ], [ -122.496061, 45.392653 ], [ -122.490295, 45.393939 ], [ -122.48728, 45.392049 ], [ -122.482247, 45.391536 ], [ -122.47985, 45.39062 ], [ -122.478187, 45.391898 ], [ -122.475736, 45.392538 ], [ -122.471313, 45.391186 ], [ -122.470346, 45.386551 ], [ -122.470564, 45.384987 ], [ -122.468496, 45.384236 ], [ -122.463237, 45.384062 ], [ -122.449929, 45.384286 ], [ -122.446874, 45.383295 ], [ -122.443958, 45.382803 ], [ -122.442082, 45.383046 ], [ -122.437979, 45.384344 ], [ -122.435296, 45.386652 ], [ -122.433829, 45.389009 ], [ -122.432378, 45.389551 ], [ -122.424516, 45.388441 ], [ -122.422475, 45.388755 ], [ -122.420938, 45.388359 ], [ -122.417674, 45.386333 ], [ -122.413676, 45.381959 ], [ -122.409719, 45.378136 ], [ -122.406542, 45.377506 ], [ -122.404352, 45.377702 ], [ -122.401979, 45.376349 ], [ -122.401304, 45.37534 ], [ -122.398193, 45.373214 ], [ -122.398568, 45.371142 ], [ -122.397594, 45.368406 ], [ -122.395344, 45.366133 ], [ -122.386748, 45.361096 ], [ -122.38327, 45.3572 ], [ -122.381619, 45.355914 ], [ -122.381547, 45.354607 ], [ -122.384832, 45.351375 ], [ -122.385205, 45.349061 ], [ -122.383644, 45.346395 ], [ -122.381499, 45.344238 ], [ -122.381242, 45.342077 ], [ -122.383475, 45.340466 ], [ -122.388315, 45.339025 ], [ -122.389645, 45.33706 ], [ -122.386954, 45.335161 ], [ -122.383088, 45.333151 ], [ -122.381622, 45.330954 ], [ -122.38132, 45.32806 ], [ -122.383362, 45.333115 ], [ -122.388649, 45.336015 ], [ -122.391418, 45.334426 ], [ -122.395833, 45.33767 ], [ -122.416974, 45.345537 ], [ -122.418531, 45.345539 ], [ -122.421189, 45.343533 ], [ -122.428349, 45.341808 ], [ -122.432757, 45.338727 ], [ -122.436077, 45.338507 ], [ -122.436393, 45.337653 ], [ -122.433853, 45.337543 ], [ -122.433235, 45.334476 ], [ -122.431412, 45.333855 ], [ -122.430023, 45.33432 ], [ -122.427597, 45.331314 ], [ -122.428177, 45.329987 ], [ -122.425964, 45.328636 ], [ -122.429352, 45.326145 ], [ -122.427628, 45.32362 ], [ -122.428963, 45.320915 ], [ -122.427017, 45.319908 ], [ -122.422905, 45.31881 ], [ -122.423264, 45.315399 ], [ -122.423981, 45.314007 ], [ -122.422859, 45.312531 ], [ -122.419708, 45.312965 ], [ -122.420067, 45.311607 ], [ -122.42247, 45.311016 ], [ -122.422615, 45.309574 ], [ -122.424927, 45.308643 ], [ -122.426414, 45.30497 ], [ -122.424895, 45.304716 ], [ -122.421826, 45.303081 ], [ -122.425805, 45.295236 ], [ -122.425853, 45.28738 ], [ -122.426669, 45.286724 ], [ -122.432922, 45.284374 ], [ -122.442627, 45.283062 ], [ -122.442047, 45.280499 ], [ -122.443213, 45.278372 ], [ -122.446445, 45.280788 ], [ -122.449341, 45.279156 ], [ -122.450221, 45.277604 ], [ -122.45282, 45.276756 ], [ -122.453557, 45.27419 ], [ -122.454583, 45.274129 ], [ -122.455464, 45.277004 ], [ -122.454812, 45.277689 ], [ -122.454902, 45.280981 ], [ -122.471433, 45.281069 ], [ -122.47611, 45.282116 ], [ -122.478958, 45.282196 ], [ -122.47747, 45.281108 ], [ -122.482046, 45.281156 ], [ -122.483025, 45.281715 ], [ -122.480995, 45.284584 ], [ -122.480659, 45.287754 ], [ -122.478233, 45.291531 ], [ -122.478256, 45.292561 ], [ -122.480888, 45.29475 ], [ -122.480835, 45.298862 ], [ -122.481407, 45.299999 ], [ -122.483925, 45.300793 ], [ -122.487244, 45.300835 ], [ -122.489555, 45.301651 ], [ -122.490288, 45.300804 ], [ -122.49247, 45.300804 ], [ -122.497658, 45.303326 ], [ -122.502449, 45.30233 ], [ -122.504114, 45.301493 ], [ -122.504877, 45.302263 ], [ -122.509661, 45.302264 ], [ -122.510221, 45.303291 ], [ -122.517695, 45.299904 ], [ -122.517584, 45.295467 ], [ -122.527929, 45.295248 ], [ -122.533172, 45.295196 ], [ -122.533153, 45.296313 ], [ -122.538576, 45.296429 ], [ -122.537797, 45.293492 ], [ -122.546228, 45.293337 ], [ -122.546252, 45.288808 ], [ -122.549576, 45.291321 ], [ -122.549264, 45.295008 ], [ -122.55091, 45.293696 ], [ -122.551708, 45.29358 ], [ -122.552712, 45.293536 ], [ -122.558007, 45.293546 ], [ -122.56356, 45.293976 ], [ -122.564289, 45.290465 ], [ -122.570115, 45.271237 ], [ -122.549664, 45.269123 ], [ -122.547752, 45.269462 ], [ -122.546866, 45.272081 ], [ -122.545292, 45.273433 ], [ -122.543011, 45.273435 ], [ -122.543105, 45.28074 ], [ -122.53828, 45.281064 ], [ -122.53878, 45.281322 ], [ -122.536949, 45.282291 ], [ -122.535722, 45.281869 ], [ -122.535786, 45.281048 ], [ -122.535263, 45.279557 ], [ -122.535191, 45.273667 ], [ -122.534652, 45.268733 ], [ -122.531238, 45.267551 ], [ -122.531192, 45.266205 ], [ -122.533305, 45.265765 ], [ -122.528075, 45.264995 ], [ -122.522937, 45.2626 ], [ -122.518094, 45.260712 ], [ -122.518364, 45.249912 ], [ -122.519173, 45.248196 ], [ -122.524384, 45.244972 ], [ -122.526982, 45.244648 ], [ -122.526976, 45.2438 ], [ -122.530105, 45.243476 ], [ -122.534485, 45.242092 ], [ -122.53727, 45.241478 ], [ -122.540649, 45.23951 ], [ -122.541801, 45.237408 ], [ -122.547661, 45.235146 ], [ -122.548745, 45.235898 ], [ -122.547809, 45.237674 ], [ -122.548111, 45.238941 ], [ -122.552254, 45.240086 ], [ -122.557182, 45.24221 ], [ -122.559029, 45.243973 ], [ -122.561569, 45.247402 ], [ -122.563771, 45.248157 ], [ -122.571275, 45.248128 ], [ -122.571212, 45.250484 ], [ -122.576506, 45.250418 ], [ -122.57461, 45.256509 ], [ -122.575132, 45.257083 ], [ -122.581454, 45.253723 ], [ -122.583301, 45.250252 ], [ -122.58626, 45.250247 ], [ -122.592905, 45.250236 ], [ -122.592795, 45.249299 ], [ -122.595688, 45.24935 ], [ -122.595769, 45.248413 ], [ -122.601001, 45.248323 ], [ -122.600965, 45.247437 ], [ -122.603874, 45.247509 ], [ -122.607109, 45.249245 ], [ -122.608734, 45.249588 ], [ -122.61113, 45.251968 ], [ -122.615654, 45.253914 ], [ -122.615837, 45.25679 ], [ -122.616699, 45.260796 ], [ -122.615906, 45.262943 ], [ -122.617508, 45.265572 ], [ -122.617697, 45.268244 ], [ -122.623128, 45.266845 ], [ -122.624468, 45.271569 ], [ -122.629478, 45.271592 ], [ -122.629429, 45.276104 ], [ -122.630348, 45.278226 ], [ -122.633621, 45.28022 ], [ -122.637177, 45.278961 ], [ -122.643188, 45.280251 ], [ -122.643242, 45.28244 ], [ -122.646667, 45.283577 ], [ -122.648117, 45.289131 ], [ -122.646362, 45.291683 ], [ -122.650909, 45.294037 ], [ -122.651413, 45.29657 ], [ -122.653633, 45.29813 ], [ -122.654274, 45.299461 ], [ -122.653564, 45.299644 ], [ -122.656914, 45.299778 ], [ -122.660499, 45.296595 ], [ -122.660467, 45.297811 ], [ -122.664563, 45.302658 ], [ -122.666195, 45.305138 ], [ -122.665811, 45.307362 ] ] ] ] } },
{ "type": "Feature", "properties": { "zipcode": "97116", "approval_t": "Average bus approval score", "calculation": 4.0476190476190474 }, "geometry": { "type": "MultiPolygon", "coordinates": [ [ [ [ -123.337538, 45.678141 ], [ -123.336332, 45.680483 ], [ -123.333901, 45.681267 ], [ -123.330769, 45.685661 ], [ -123.32863, 45.686214 ], [ -123.328027, 45.687325 ], [ -123.325867, 45.688191 ], [ -123.321811, 45.688857 ], [ -123.321564, 45.692717 ], [ -123.318325, 45.69489 ], [ -123.31577, 45.694765 ], [ -123.313039, 45.696037 ], [ -123.311485, 45.697924 ], [ -123.312674, 45.701385 ], [ -123.309827, 45.704174 ], [ -123.311385, 45.707285 ], [ -123.312706, 45.70722 ], [ -123.311916, 45.70847 ], [ -123.308848, 45.710078 ], [ -123.307114, 45.711569 ], [ -123.304188, 45.712704 ], [ -123.293946, 45.720781 ], [ -123.289443, 45.722896 ], [ -123.288952, 45.72041 ], [ -123.293631, 45.713234 ], [ -123.291046, 45.711479 ], [ -123.29087, 45.710005 ], [ -123.28671, 45.708372 ], [ -123.284732, 45.707138 ], [ -123.280734, 45.711521 ], [ -123.279813, 45.711853 ], [ -123.277558, 45.710037 ], [ -123.271722, 45.706663 ], [ -123.266602, 45.704465 ], [ -123.266291, 45.705352 ], [ -123.263581, 45.706827 ], [ -123.259734, 45.706026 ], [ -123.255419, 45.705987 ], [ -123.250931, 45.707567 ], [ -123.248066, 45.709323 ], [ -123.246012, 45.709364 ], [ -123.240537, 45.705297 ], [ -123.239254, 45.704364 ], [ -123.239277, 45.702198 ], [ -123.237824, 45.70204 ], [ -123.237789, 45.698958 ], [ -123.236437, 45.696785 ], [ -123.23527, 45.696984 ], [ -123.232096, 45.695473 ], [ -123.230989, 45.693022 ], [ -123.227862, 45.690609 ], [ -123.224163, 45.688788 ], [ -123.222645, 45.688489 ], [ -123.218183, 45.688665 ], [ -123.217095, 45.688244 ], [ -123.212695, 45.688463 ], [ -123.208, 45.686151 ], [ -123.209613, 45.685932 ], [ -123.210877, 45.684246 ], [ -123.21673, 45.684974 ], [ -123.220145, 45.685865 ], [ -123.226991, 45.683405 ], [ -123.228015, 45.68079 ], [ -123.229717, 45.678646 ], [ -123.232032, 45.678262 ], [ -123.235759, 45.679099 ], [ -123.241751, 45.681541 ], [ -123.244998, 45.680114 ], [ -123.244566, 45.679172 ], [ -123.241179, 45.679094 ], [ -123.239289, 45.676385 ], [ -123.237203, 45.676039 ], [ -123.237294, 45.671603 ], [ -123.236039, 45.667277 ], [ -123.240304, 45.668729 ], [ -123.240854, 45.667475 ], [ -123.239379, 45.665346 ], [ -123.240197, 45.661771 ], [ -123.239197, 45.66012 ], [ -123.239392, 45.657482 ], [ -123.234276, 45.657327 ], [ -123.234597, 45.63792 ], [ -123.232489, 45.637785 ], [ -123.230487, 45.637687 ], [ -123.230585, 45.634619 ], [ -123.207425, 45.634366 ], [ -123.206963, 45.62021 ], [ -123.203824, 45.619506 ], [ -123.199271, 45.616548 ], [ -123.197386, 45.616168 ], [ -123.167458, 45.614113 ], [ -123.161701, 45.61197 ], [ -123.157858, 45.611232 ], [ -123.131154, 45.610764 ], [ -123.114358, 45.609154 ], [ -123.114423, 45.607243 ], [ -123.100884, 45.607084 ], [ -123.08901, 45.598171 ], [ -123.082017, 45.594628 ], [ -123.082306, 45.592666 ], [ -123.082316, 45.586185 ], [ -123.093864, 45.586108 ], [ -123.093844, 45.579793 ], [ -123.092702, 45.57843 ], [ -123.078481, 45.581588 ], [ -123.071126, 45.578724 ], [ -123.072251, 45.577261 ], [ -123.07193, 45.576132 ], [ -123.073344, 45.575645 ], [ -123.072844, 45.573458 ], [ -123.071578, 45.574885 ], [ -123.070258, 45.574639 ], [ -123.06817, 45.572552 ], [ -123.068076, 45.569735 ], [ -123.069015, 45.56824 ], [ -123.068116, 45.567219 ], [ -123.070507, 45.566767 ], [ -123.068428, 45.563803 ], [ -123.066765, 45.563516 ], [ -123.066671, 45.561589 ], [ -123.063843, 45.560493 ], [ -123.062992, 45.558648 ], [ -123.060289, 45.5577 ], [ -123.064093, 45.555056 ], [ -123.062768, 45.554881 ], [ -123.063951, 45.553434 ], [ -123.06406, 45.551432 ], [ -123.073467, 45.551474 ], [ -123.073368, 45.548921 ], [ -123.063493, 45.549 ], [ -123.063428, 45.546519 ], [ -123.066747, 45.546583 ], [ -123.066543, 45.541744 ], [ -123.069039, 45.541702 ], [ -123.068158, 45.54026 ], [ -123.066283, 45.535162 ], [ -123.066358, 45.530842 ], [ -123.064599, 45.530822 ], [ -123.064665, 45.528394 ], [ -123.07069, 45.528305 ], [ -123.070738, 45.512294 ], [ -123.070743, 45.510211 ], [ -123.07596, 45.51019 ], [ -123.081103, 45.510923 ], [ -123.081163, 45.507004 ], [ -123.084927, 45.507032 ], [ -123.08479, 45.502507 ], [ -123.089618, 45.501977 ], [ -123.089834, 45.500927 ], [ -123.089257, 45.500037 ], [ -123.088597, 45.498614 ], [ -123.089279, 45.496578 ], [ -123.091576, 45.494433 ], [ -123.092379, 45.489962 ], [ -123.095087, 45.486231 ], [ -123.103994, 45.480617 ], [ -123.108979, 45.478436 ], [ -123.115776, 45.477913 ], [ -123.12395, 45.475088 ], [ -123.124251, 45.474208 ], [ -123.125131, 45.474795 ], [ -123.12731, 45.478085 ], [ -123.118825, 45.480811 ], [ -123.118334, 45.481613 ], [ -123.118794, 45.481887 ], [ -123.118415, 45.484381 ], [ -123.118859, 45.484875 ], [ -123.119849, 45.483952 ], [ -123.125015, 45.485022 ], [ -123.126379, 45.48583 ], [ -123.131921, 45.487984 ], [ -123.134245, 45.489282 ], [ -123.136146, 45.491737 ], [ -123.137254, 45.491484 ], [ -123.139047, 45.492917 ], [ -123.143056, 45.494384 ], [ -123.144311, 45.495638 ], [ -123.147065, 45.495599 ], [ -123.153119, 45.49397 ], [ -123.15949, 45.490822 ], [ -123.160833, 45.491594 ], [ -123.160869, 45.497272 ], [ -123.161848, 45.498227 ], [ -123.164303, 45.497625 ], [ -123.164737, 45.498506 ], [ -123.170135, 45.497358 ], [ -123.173225, 45.498006 ], [ -123.176478, 45.499288 ], [ -123.177688, 45.499178 ], [ -123.177844, 45.499853 ], [ -123.182509, 45.503738 ], [ -123.185318, 45.505709 ], [ -123.191102, 45.508574 ], [ -123.19393, 45.511361 ], [ -123.196069, 45.514288 ], [ -123.195778, 45.517782 ], [ -123.19793, 45.5172 ], [ -123.197969, 45.51895 ], [ -123.201992, 45.519813 ], [ -123.199373, 45.522176 ], [ -123.20288, 45.523304 ], [ -123.203408, 45.52227 ], [ -123.20583, 45.522068 ], [ -123.205354, 45.52407 ], [ -123.206622, 45.527988 ], [ -123.207883, 45.528188 ], [ -123.210204, 45.524097 ], [ -123.21254, 45.524941 ], [ -123.211707, 45.525897 ], [ -123.212662, 45.527512 ], [ -123.214561, 45.527188 ], [ -123.21386, 45.527974 ], [ -123.214054, 45.531225 ], [ -123.215008, 45.53393 ], [ -123.216716, 45.535636 ], [ -123.216915, 45.536858 ], [ -123.215675, 45.538214 ], [ -123.214782, 45.540638 ], [ -123.21501, 45.541905 ], [ -123.213543, 45.543196 ], [ -123.214531, 45.544708 ], [ -123.214469, 45.546318 ], [ -123.21614, 45.547483 ], [ -123.216497, 45.549139 ], [ -123.219993, 45.550889 ], [ -123.220129, 45.553528 ], [ -123.218023, 45.556084 ], [ -123.222549, 45.562851 ], [ -123.223446, 45.566027 ], [ -123.223129, 45.568298 ], [ -123.220765, 45.568248 ], [ -123.21912, 45.569309 ], [ -123.221375, 45.571055 ], [ -123.218092, 45.573981 ], [ -123.214715, 45.571779 ], [ -123.213684, 45.570696 ], [ -123.208401, 45.56787 ], [ -123.20829, 45.569376 ], [ -123.211348, 45.571793 ], [ -123.213723, 45.574302 ], [ -123.214855, 45.579168 ], [ -123.21449, 45.580971 ], [ -123.21278, 45.582251 ], [ -123.212638, 45.583694 ], [ -123.20879, 45.586317 ], [ -123.207469, 45.588715 ], [ -123.2074, 45.591175 ], [ -123.211056, 45.594703 ], [ -123.215792, 45.596702 ], [ -123.217803, 45.599361 ], [ -123.21771, 45.599951 ], [ -123.220754, 45.600887 ], [ -123.222178, 45.601852 ], [ -123.224601, 45.60177 ], [ -123.226172, 45.60228 ], [ -123.228551, 45.605566 ], [ -123.229834, 45.605999 ], [ -123.232376, 45.608326 ], [ -123.237527, 45.607415 ], [ -123.240063, 45.60855 ], [ -123.243402, 45.611326 ], [ -123.245594, 45.613957 ], [ -123.23824, 45.614223 ], [ -123.234573, 45.611891 ], [ -123.233363, 45.611533 ], [ -123.25891, 45.633899 ], [ -123.265376, 45.653206 ], [ -123.267688, 45.656583 ], [ -123.27529, 45.671111 ], [ -123.282425, 45.670954 ], [ -123.282502, 45.675644 ], [ -123.285346, 45.674604 ], [ -123.287566, 45.675063 ], [ -123.291178, 45.671146 ], [ -123.292546, 45.666785 ], [ -123.293444, 45.667377 ], [ -123.295282, 45.666969 ], [ -123.297453, 45.668036 ], [ -123.304233, 45.668572 ], [ -123.306838, 45.670864 ], [ -123.307522, 45.672762 ], [ -123.308929, 45.673702 ], [ -123.310564, 45.676354 ], [ -123.313324, 45.677019 ], [ -123.339585, 45.676881 ], [ -123.337538, 45.678141 ] ] ] ] } },
{ "type": "Feature", "properties": { "zipcode": "97116", "approval_t": "Average MAX approval score", "calculation": 3.5769230769230771 }, "geometry": { "type": "MultiPolygon", "coordinates": [ [ [ [ -123.337538, 45.678141 ], [ -123.336332, 45.680483 ], [ -123.333901, 45.681267 ], [ -123.330769, 45.685661 ], [ -123.32863, 45.686214 ], [ -123.328027, 45.687325 ], [ -123.325867, 45.688191 ], [ -123.321811, 45.688857 ], [ -123.321564, 45.692717 ], [ -123.318325, 45.69489 ], [ -123.31577, 45.694765 ], [ -123.313039, 45.696037 ], [ -123.311485, 45.697924 ], [ -123.312674, 45.701385 ], [ -123.309827, 45.704174 ], [ -123.311385, 45.707285 ], [ -123.312706, 45.70722 ], [ -123.311916, 45.70847 ], [ -123.308848, 45.710078 ], [ -123.307114, 45.711569 ], [ -123.304188, 45.712704 ], [ -123.293946, 45.720781 ], [ -123.289443, 45.722896 ], [ -123.288952, 45.72041 ], [ -123.293631, 45.713234 ], [ -123.291046, 45.711479 ], [ -123.29087, 45.710005 ], [ -123.28671, 45.708372 ], [ -123.284732, 45.707138 ], [ -123.280734, 45.711521 ], [ -123.279813, 45.711853 ], [ -123.277558, 45.710037 ], [ -123.271722, 45.706663 ], [ -123.266602, 45.704465 ], [ -123.266291, 45.705352 ], [ -123.263581, 45.706827 ], [ -123.259734, 45.706026 ], [ -123.255419, 45.705987 ], [ -123.250931, 45.707567 ], [ -123.248066, 45.709323 ], [ -123.246012, 45.709364 ], [ -123.240537, 45.705297 ], [ -123.239254, 45.704364 ], [ -123.239277, 45.702198 ], [ -123.237824, 45.70204 ], [ -123.237789, 45.698958 ], [ -123.236437, 45.696785 ], [ -123.23527, 45.696984 ], [ -123.232096, 45.695473 ], [ -123.230989, 45.693022 ], [ -123.227862, 45.690609 ], [ -123.224163, 45.688788 ], [ -123.222645, 45.688489 ], [ -123.218183, 45.688665 ], [ -123.217095, 45.688244 ], [ -123.212695, 45.688463 ], [ -123.208, 45.686151 ], [ -123.209613, 45.685932 ], [ -123.210877, 45.684246 ], [ -123.21673, 45.684974 ], [ -123.220145, 45.685865 ], [ -123.226991, 45.683405 ], [ -123.228015, 45.68079 ], [ -123.229717, 45.678646 ], [ -123.232032, 45.678262 ], [ -123.235759, 45.679099 ], [ -123.241751, 45.681541 ], [ -123.244998, 45.680114 ], [ -123.244566, 45.679172 ], [ -123.241179, 45.679094 ], [ -123.239289, 45.676385 ], [ -123.237203, 45.676039 ], [ -123.237294, 45.671603 ], [ -123.236039, 45.667277 ], [ -123.240304, 45.668729 ], [ -123.240854, 45.667475 ], [ -123.239379, 45.665346 ], [ -123.240197, 45.661771 ], [ -123.239197, 45.66012 ], [ -123.239392, 45.657482 ], [ -123.234276, 45.657327 ], [ -123.234597, 45.63792 ], [ -123.232489, 45.637785 ], [ -123.230487, 45.637687 ], [ -123.230585, 45.634619 ], [ -123.207425, 45.634366 ], [ -123.206963, 45.62021 ], [ -123.203824, 45.619506 ], [ -123.199271, 45.616548 ], [ -123.197386, 45.616168 ], [ -123.167458, 45.614113 ], [ -123.161701, 45.61197 ], [ -123.157858, 45.611232 ], [ -123.131154, 45.610764 ], [ -123.114358, 45.609154 ], [ -123.114423, 45.607243 ], [ -123.100884, 45.607084 ], [ -123.08901, 45.598171 ], [ -123.082017, 45.594628 ], [ -123.082306, 45.592666 ], [ -123.082316, 45.586185 ], [ -123.093864, 45.586108 ], [ -123.093844, 45.579793 ], [ -123.092702, 45.57843 ], [ -123.078481, 45.581588 ], [ -123.071126, 45.578724 ], [ -123.072251, 45.577261 ], [ -123.07193, 45.576132 ], [ -123.073344, 45.575645 ], [ -123.072844, 45.573458 ], [ -123.071578, 45.574885 ], [ -123.070258, 45.574639 ], [ -123.06817, 45.572552 ], [ -123.068076, 45.569735 ], [ -123.069015, 45.56824 ], [ -123.068116, 45.567219 ], [ -123.070507, 45.566767 ], [ -123.068428, 45.563803 ], [ -123.066765, 45.563516 ], [ -123.066671, 45.561589 ], [ -123.063843, 45.560493 ], [ -123.062992, 45.558648 ], [ -123.060289, 45.5577 ], [ -123.064093, 45.555056 ], [ -123.062768, 45.554881 ], [ -123.063951, 45.553434 ], [ -123.06406, 45.551432 ], [ -123.073467, 45.551474 ], [ -123.073368, 45.548921 ], [ -123.063493, 45.549 ], [ -123.063428, 45.546519 ], [ -123.066747, 45.546583 ], [ -123.066543, 45.541744 ], [ -123.069039, 45.541702 ], [ -123.068158, 45.54026 ], [ -123.066283, 45.535162 ], [ -123.066358, 45.530842 ], [ -123.064599, 45.530822 ], [ -123.064665, 45.528394 ], [ -123.07069, 45.528305 ], [ -123.070738, 45.512294 ], [ -123.070743, 45.510211 ], [ -123.07596, 45.51019 ], [ -123.081103, 45.510923 ], [ -123.081163, 45.507004 ], [ -123.084927, 45.507032 ], [ -123.08479, 45.502507 ], [ -123.089618, 45.501977 ], [ -123.089834, 45.500927 ], [ -123.089257, 45.500037 ], [ -123.088597, 45.498614 ], [ -123.089279, 45.496578 ], [ -123.091576, 45.494433 ], [ -123.092379, 45.489962 ], [ -123.095087, 45.486231 ], [ -123.103994, 45.480617 ], [ -123.108979, 45.478436 ], [ -123.115776, 45.477913 ], [ -123.12395, 45.475088 ], [ -123.124251, 45.474208 ], [ -123.125131, 45.474795 ], [ -123.12731, 45.478085 ], [ -123.118825, 45.480811 ], [ -123.118334, 45.481613 ], [ -123.118794, 45.481887 ], [ -123.118415, 45.484381 ], [ -123.118859, 45.484875 ], [ -123.119849, 45.483952 ], [ -123.125015, 45.485022 ], [ -123.126379, 45.48583 ], [ -123.131921, 45.487984 ], [ -123.134245, 45.489282 ], [ -123.136146, 45.491737 ], [ -123.137254, 45.491484 ], [ -123.139047, 45.492917 ], [ -123.143056, 45.494384 ], [ -123.144311, 45.495638 ], [ -123.147065, 45.495599 ], [ -123.153119, 45.49397 ], [ -123.15949, 45.490822 ], [ -123.160833, 45.491594 ], [ -123.160869, 45.497272 ], [ -123.161848, 45.498227 ], [ -123.164303, 45.497625 ], [ -123.164737, 45.498506 ], [ -123.170135, 45.497358 ], [ -123.173225, 45.498006 ], [ -123.176478, 45.499288 ], [ -123.177688, 45.499178 ], [ -123.177844, 45.499853 ], [ -123.182509, 45.503738 ], [ -123.185318, 45.505709 ], [ -123.191102, 45.508574 ], [ -123.19393, 45.511361 ], [ -123.196069, 45.514288 ], [ -123.195778, 45.517782 ], [ -123.19793, 45.5172 ], [ -123.197969, 45.51895 ], [ -123.201992, 45.519813 ], [ -123.199373, 45.522176 ], [ -123.20288, 45.523304 ], [ -123.203408, 45.52227 ], [ -123.20583, 45.522068 ], [ -123.205354, 45.52407 ], [ -123.206622, 45.527988 ], [ -123.207883, 45.528188 ], [ -123.210204, 45.524097 ], [ -123.21254, 45.524941 ], [ -123.211707, 45.525897 ], [ -123.212662, 45.527512 ], [ -123.214561, 45.527188 ], [ -123.21386, 45.527974 ], [ -123.214054, 45.531225 ], [ -123.215008, 45.53393 ], [ -123.216716, 45.535636 ], [ -123.216915, 45.536858 ], [ -123.215675, 45.538214 ], [ -123.214782, 45.540638 ], [ -123.21501, 45.541905 ], [ -123.213543, 45.543196 ], [ -123.214531, 45.544708 ], [ -123.214469, 45.546318 ], [ -123.21614, 45.547483 ], [ -123.216497, 45.549139 ], [ -123.219993, 45.550889 ], [ -123.220129, 45.553528 ], [ -123.218023, 45.556084 ], [ -123.222549, 45.562851 ], [ -123.223446, 45.566027 ], [ -123.223129, 45.568298 ], [ -123.220765, 45.568248 ], [ -123.21912, 45.569309 ], [ -123.221375, 45.571055 ], [ -123.218092, 45.573981 ], [ -123.214715, 45.571779 ], [ -123.213684, 45.570696 ], [ -123.208401, 45.56787 ], [ -123.20829, 45.569376 ], [ -123.211348, 45.571793 ], [ -123.213723, 45.574302 ], [ -123.214855, 45.579168 ], [ -123.21449, 45.580971 ], [ -123.21278, 45.582251 ], [ -123.212638, 45.583694 ], [ -123.20879, 45.586317 ], [ -123.207469, 45.588715 ], [ -123.2074, 45.591175 ], [ -123.211056, 45.594703 ], [ -123.215792, 45.596702 ], [ -123.217803, 45.599361 ], [ -123.21771, 45.599951 ], [ -123.220754, 45.600887 ], [ -123.222178, 45.601852 ], [ -123.224601, 45.60177 ], [ -123.226172, 45.60228 ], [ -123.228551, 45.605566 ], [ -123.229834, 45.605999 ], [ -123.232376, 45.608326 ], [ -123.237527, 45.607415 ], [ -123.240063, 45.60855 ], [ -123.243402, 45.611326 ], [ -123.245594, 45.613957 ], [ -123.23824, 45.614223 ], [ -123.234573, 45.611891 ], [ -123.233363, 45.611533 ], [ -123.25891, 45.633899 ], [ -123.265376, 45.653206 ], [ -123.267688, 45.656583 ], [ -123.27529, 45.671111 ], [ -123.282425, 45.670954 ], [ -123.282502, 45.675644 ], [ -123.285346, 45.674604 ], [ -123.287566, 45.675063 ], [ -123.291178, 45.671146 ], [ -123.292546, 45.666785 ], [ -123.293444, 45.667377 ], [ -123.295282, 45.666969 ], [ -123.297453, 45.668036 ], [ -123.304233, 45.668572 ], [ -123.306838, 45.670864 ], [ -123.307522, 45.672762 ], [ -123.308929, 45.673702 ], [ -123.310564, 45.676354 ], [ -123.313324, 45.677019 ], [ -123.339585, 45.676881 ], [ -123.337538, 45.678141 ] ] ] ] } },
{ "type": "Feature", "properties": { "zipcode": "97217", "approval_t": "Average bus approval score", "calculation": 4.1230769230769226 }, "geometry": { "type": "MultiPolygon", "coordinates": [ [ [ [ -122.763775, 45.654424 ], [ -122.762414110308995, 45.656431935411781 ], [ -122.738109, 45.644138 ], [ -122.713309, 45.637438 ], [ -122.691249654450019, 45.624876606827705 ], [ -122.691185090200008, 45.624839841596902 ], [ -122.691008, 45.624739 ], [ -122.675324886262004, 45.618171696122204 ], [ -122.675008, 45.618039 ], [ -122.643907, 45.609739 ], [ -122.642493, 45.602936 ], [ -122.642565, 45.600418 ], [ -122.651878, 45.600413 ], [ -122.666154, 45.602522 ], [ -122.666346, 45.601317 ], [ -122.678224, 45.602949 ], [ -122.668096, 45.595565 ], [ -122.666226, 45.59634 ], [ -122.662327, 45.595703 ], [ -122.663903, 45.594092 ], [ -122.665967, 45.593998 ], [ -122.66771, 45.593104 ], [ -122.667767, 45.592662 ], [ -122.66439, 45.587151 ], [ -122.667389, 45.585331 ], [ -122.66781, 45.58293 ], [ -122.666426, 45.582568 ], [ -122.667663, 45.581043 ], [ -122.661329, 45.578897 ], [ -122.66809, 45.58068 ], [ -122.668228, 45.579317 ], [ -122.666793, 45.579311 ], [ -122.666318, 45.571791 ], [ -122.666743, 45.553318 ], [ -122.677129, 45.553368 ], [ -122.677115, 45.554626 ], [ -122.679265, 45.554637 ], [ -122.679275, 45.553376 ], [ -122.68794, 45.553418 ], [ -122.690776, 45.552787 ], [ -122.688695, 45.550911 ], [ -122.682303, 45.546158 ], [ -122.676964, 45.544531 ], [ -122.677887, 45.542603 ], [ -122.679102, 45.544708 ], [ -122.685285, 45.547044 ], [ -122.691207, 45.552368 ], [ -122.685182, 45.545124 ], [ -122.68273, 45.54306 ], [ -122.682909, 45.541934 ], [ -122.686204, 45.543596 ], [ -122.692153, 45.551035 ], [ -122.693615, 45.554007 ], [ -122.695468, 45.55384 ], [ -122.698367, 45.55523 ], [ -122.701319, 45.55544 ], [ -122.702642, 45.552166 ], [ -122.7169, 45.557408 ], [ -122.722695, 45.560297 ], [ -122.730522, 45.564932 ], [ -122.72323, 45.571256 ], [ -122.724103, 45.571624 ], [ -122.72201, 45.573092 ], [ -122.718534, 45.574564 ], [ -122.714262, 45.5753 ], [ -122.708177, 45.574982 ], [ -122.708959, 45.578225 ], [ -122.712394, 45.578192 ], [ -122.712392, 45.580826 ], [ -122.708612, 45.580821 ], [ -122.7086, 45.583608 ], [ -122.705426, 45.587823 ], [ -122.707917, 45.587833 ], [ -122.707908, 45.590809 ], [ -122.705415, 45.59018 ], [ -122.705408, 45.59104 ], [ -122.712322, 45.593024 ], [ -122.724111, 45.595993 ], [ -122.719197, 45.600059 ], [ -122.721519, 45.601022 ], [ -122.725785, 45.601293 ], [ -122.730415, 45.603283 ], [ -122.736455, 45.604031 ], [ -122.740916, 45.60703 ], [ -122.746279, 45.607583 ], [ -122.749559, 45.609291 ], [ -122.754471, 45.610611 ], [ -122.762461, 45.615357 ], [ -122.760902, 45.617113 ], [ -122.75907, 45.617994 ], [ -122.761458, 45.620052 ], [ -122.759234, 45.62204 ], [ -122.760965, 45.625926 ], [ -122.761039, 45.627638 ], [ -122.759463, 45.63215 ], [ -122.761504, 45.636266 ], [ -122.756403, 45.636443 ], [ -122.75748, 45.63366 ], [ -122.756835, 45.632826 ], [ -122.750532, 45.629355 ], [ -122.746184, 45.629281 ], [ -122.744959, 45.630108 ], [ -122.741623, 45.628323 ], [ -122.739771, 45.629977 ], [ -122.752117, 45.636483 ], [ -122.743664, 45.636403 ], [ -122.743589, 45.637068 ], [ -122.743446, 45.638342 ], [ -122.762599, 45.653647 ], [ -122.763775, 45.654424 ] ] ] ] } },
{ "type": "Feature", "properties": { "zipcode": "97217", "approval_t": "Average MAX approval score", "calculation": 4.0196078431372548 }, "geometry": { "type": "MultiPolygon", "coordinates": [ [ [ [ -122.763775, 45.654424 ], [ -122.762414110308995, 45.656431935411781 ], [ -122.738109, 45.644138 ], [ -122.713309, 45.637438 ], [ -122.691249654450019, 45.624876606827705 ], [ -122.691185090200008, 45.624839841596902 ], [ -122.691008, 45.624739 ], [ -122.675324886262004, 45.618171696122204 ], [ -122.675008, 45.618039 ], [ -122.643907, 45.609739 ], [ -122.642493, 45.602936 ], [ -122.642565, 45.600418 ], [ -122.651878, 45.600413 ], [ -122.666154, 45.602522 ], [ -122.666346, 45.601317 ], [ -122.678224, 45.602949 ], [ -122.668096, 45.595565 ], [ -122.666226, 45.59634 ], [ -122.662327, 45.595703 ], [ -122.663903, 45.594092 ], [ -122.665967, 45.593998 ], [ -122.66771, 45.593104 ], [ -122.667767, 45.592662 ], [ -122.66439, 45.587151 ], [ -122.667389, 45.585331 ], [ -122.66781, 45.58293 ], [ -122.666426, 45.582568 ], [ -122.667663, 45.581043 ], [ -122.661329, 45.578897 ], [ -122.66809, 45.58068 ], [ -122.668228, 45.579317 ], [ -122.666793, 45.579311 ], [ -122.666318, 45.571791 ], [ -122.666743, 45.553318 ], [ -122.677129, 45.553368 ], [ -122.677115, 45.554626 ], [ -122.679265, 45.554637 ], [ -122.679275, 45.553376 ], [ -122.68794, 45.553418 ], [ -122.690776, 45.552787 ], [ -122.688695, 45.550911 ], [ -122.682303, 45.546158 ], [ -122.676964, 45.544531 ], [ -122.677887, 45.542603 ], [ -122.679102, 45.544708 ], [ -122.685285, 45.547044 ], [ -122.691207, 45.552368 ], [ -122.685182, 45.545124 ], [ -122.68273, 45.54306 ], [ -122.682909, 45.541934 ], [ -122.686204, 45.543596 ], [ -122.692153, 45.551035 ], [ -122.693615, 45.554007 ], [ -122.695468, 45.55384 ], [ -122.698367, 45.55523 ], [ -122.701319, 45.55544 ], [ -122.702642, 45.552166 ], [ -122.7169, 45.557408 ], [ -122.722695, 45.560297 ], [ -122.730522, 45.564932 ], [ -122.72323, 45.571256 ], [ -122.724103, 45.571624 ], [ -122.72201, 45.573092 ], [ -122.718534, 45.574564 ], [ -122.714262, 45.5753 ], [ -122.708177, 45.574982 ], [ -122.708959, 45.578225 ], [ -122.712394, 45.578192 ], [ -122.712392, 45.580826 ], [ -122.708612, 45.580821 ], [ -122.7086, 45.583608 ], [ -122.705426, 45.587823 ], [ -122.707917, 45.587833 ], [ -122.707908, 45.590809 ], [ -122.705415, 45.59018 ], [ -122.705408, 45.59104 ], [ -122.712322, 45.593024 ], [ -122.724111, 45.595993 ], [ -122.719197, 45.600059 ], [ -122.721519, 45.601022 ], [ -122.725785, 45.601293 ], [ -122.730415, 45.603283 ], [ -122.736455, 45.604031 ], [ -122.740916, 45.60703 ], [ -122.746279, 45.607583 ], [ -122.749559, 45.609291 ], [ -122.754471, 45.610611 ], [ -122.762461, 45.615357 ], [ -122.760902, 45.617113 ], [ -122.75907, 45.617994 ], [ -122.761458, 45.620052 ], [ -122.759234, 45.62204 ], [ -122.760965, 45.625926 ], [ -122.761039, 45.627638 ], [ -122.759463, 45.63215 ], [ -122.761504, 45.636266 ], [ -122.756403, 45.636443 ], [ -122.75748, 45.63366 ], [ -122.756835, 45.632826 ], [ -122.750532, 45.629355 ], [ -122.746184, 45.629281 ], [ -122.744959, 45.630108 ], [ -122.741623, 45.628323 ], [ -122.739771, 45.629977 ], [ -122.752117, 45.636483 ], [ -122.743664, 45.636403 ], [ -122.743589, 45.637068 ], [ -122.743446, 45.638342 ], [ -122.762599, 45.653647 ], [ -122.763775, 45.654424 ] ] ] ] } },
{ "type": "Feature", "properties": { "zipcode": "98660", "approval_t": "Average bus approval score", "calculation": 3.3333333333333335 }, "geometry": { "type": "MultiPolygon", "coordinates": [ [ [ [ -122.772511, 45.699637 ], [ -122.762189526428003, 45.728576737557304 ], [ -122.760108, 45.734413 ], [ -122.761451, 45.759163 ], [ -122.769532, 45.780583 ], [ -122.770646061360011, 45.781839945615204 ], [ -122.769139, 45.783359 ], [ -122.76772, 45.782903 ], [ -122.761569, 45.785726 ], [ -122.757719, 45.785104 ], [ -122.754369, 45.786496 ], [ -122.752221, 45.78559 ], [ -122.756466, 45.783106 ], [ -122.758631, 45.783003 ], [ -122.757683, 45.781532 ], [ -122.759425, 45.780403 ], [ -122.76232, 45.779581 ], [ -122.760752, 45.778543 ], [ -122.75822, 45.777972 ], [ -122.756498, 45.780603 ], [ -122.752466, 45.783746 ], [ -122.753755, 45.781075 ], [ -122.751401, 45.782314 ], [ -122.749219, 45.782523 ], [ -122.748717, 45.782019 ], [ -122.748415, 45.777726 ], [ -122.74614, 45.777435 ], [ -122.744321, 45.776537 ], [ -122.745755, 45.770677 ], [ -122.746285, 45.76286 ], [ -122.746163, 45.760183 ], [ -122.745537, 45.757755 ], [ -122.74334, 45.751786 ], [ -122.736859, 45.738883 ], [ -122.734909, 45.733896 ], [ -122.734556, 45.733908 ], [ -122.734503, 45.73268 ], [ -122.731617, 45.724992 ], [ -122.725388, 45.713223 ], [ -122.714038, 45.699964 ], [ -122.711854, 45.697984 ], [ -122.708228, 45.695331 ], [ -122.706078, 45.693052 ], [ -122.704223, 45.688588 ], [ -122.703619, 45.687785 ], [ -122.694981, 45.681307 ], [ -122.693717, 45.68002 ], [ -122.692761, 45.678199 ], [ -122.694423, 45.678045 ], [ -122.692576, 45.67517 ], [ -122.694854, 45.675208 ], [ -122.697312, 45.677188 ], [ -122.699339, 45.675405 ], [ -122.699713, 45.671295 ], [ -122.70146, 45.670163 ], [ -122.701635, 45.668915 ], [ -122.705204, 45.667114 ], [ -122.709721, 45.665422 ], [ -122.713351, 45.664591 ], [ -122.716857, 45.66405 ], [ -122.721287, 45.665442 ], [ -122.721875, 45.666572 ], [ -122.724591, 45.667767 ], [ -122.727237, 45.668233 ], [ -122.728934, 45.667722 ], [ -122.726929, 45.665117 ], [ -122.726654, 45.662878 ], [ -122.725722, 45.661836 ], [ -122.721461, 45.660493 ], [ -122.722653, 45.6592 ], [ -122.721489, 45.65538 ], [ -122.708878, 45.655293 ], [ -122.710083, 45.656169 ], [ -122.710134, 45.658271 ], [ -122.693057, 45.66655 ], [ -122.691311, 45.666603 ], [ -122.692522, 45.669324 ], [ -122.691561, 45.670843 ], [ -122.688216, 45.650301 ], [ -122.685119, 45.650078 ], [ -122.685309, 45.655388 ], [ -122.682473, 45.655401 ], [ -122.682469, 45.654168 ], [ -122.68078, 45.654511 ], [ -122.67052, 45.654516 ], [ -122.670701, 45.646957 ], [ -122.672106, 45.646965 ], [ -122.672115, 45.645444 ], [ -122.670687, 45.645444 ], [ -122.670751, 45.643194 ], [ -122.671394, 45.64017 ], [ -122.671491, 45.635647 ], [ -122.670408, 45.634891 ], [ -122.67156, 45.631871 ], [ -122.668288, 45.631811 ], [ -122.668274, 45.632566 ], [ -122.664842, 45.631559 ], [ -122.668034, 45.62629 ], [ -122.672593, 45.622067 ], [ -122.675324886262004, 45.618171696122204 ], [ -122.691008, 45.624739 ], [ -122.691185090200008, 45.624839841596902 ], [ -122.691249654450019, 45.624876606827705 ], [ -122.713309, 45.637438 ], [ -122.738109, 45.644138 ], [ -122.762414110308995, 45.656431935411781 ], [ -122.76381, 45.657138 ], [ -122.774511, 45.680437 ], [ -122.772511, 45.699637 ] ] ] ] } },
{ "type": "Feature", "properties": { "zipcode": "98660", "approval_t": "Average MAX approval score", "calculation": 2.3333333333333335 }, "geometry": { "type": "MultiPolygon", "coordinates": [ [ [ [ -122.772511, 45.699637 ], [ -122.762189526428003, 45.728576737557304 ], [ -122.760108, 45.734413 ], [ -122.761451, 45.759163 ], [ -122.769532, 45.780583 ], [ -122.770646061360011, 45.781839945615204 ], [ -122.769139, 45.783359 ], [ -122.76772, 45.782903 ], [ -122.761569, 45.785726 ], [ -122.757719, 45.785104 ], [ -122.754369, 45.786496 ], [ -122.752221, 45.78559 ], [ -122.756466, 45.783106 ], [ -122.758631, 45.783003 ], [ -122.757683, 45.781532 ], [ -122.759425, 45.780403 ], [ -122.76232, 45.779581 ], [ -122.760752, 45.778543 ], [ -122.75822, 45.777972 ], [ -122.756498, 45.780603 ], [ -122.752466, 45.783746 ], [ -122.753755, 45.781075 ], [ -122.751401, 45.782314 ], [ -122.749219, 45.782523 ], [ -122.748717, 45.782019 ], [ -122.748415, 45.777726 ], [ -122.74614, 45.777435 ], [ -122.744321, 45.776537 ], [ -122.745755, 45.770677 ], [ -122.746285, 45.76286 ], [ -122.746163, 45.760183 ], [ -122.745537, 45.757755 ], [ -122.74334, 45.751786 ], [ -122.736859, 45.738883 ], [ -122.734909, 45.733896 ], [ -122.734556, 45.733908 ], [ -122.734503, 45.73268 ], [ -122.731617, 45.724992 ], [ -122.725388, 45.713223 ], [ -122.714038, 45.699964 ], [ -122.711854, 45.697984 ], [ -122.708228, 45.695331 ], [ -122.706078, 45.693052 ], [ -122.704223, 45.688588 ], [ -122.703619, 45.687785 ], [ -122.694981, 45.681307 ], [ -122.693717, 45.68002 ], [ -122.692761, 45.678199 ], [ -122.694423, 45.678045 ], [ -122.692576, 45.67517 ], [ -122.694854, 45.675208 ], [ -122.697312, 45.677188 ], [ -122.699339, 45.675405 ], [ -122.699713, 45.671295 ], [ -122.70146, 45.670163 ], [ -122.701635, 45.668915 ], [ -122.705204, 45.667114 ], [ -122.709721, 45.665422 ], [ -122.713351, 45.664591 ], [ -122.716857, 45.66405 ], [ -122.721287, 45.665442 ], [ -122.721875, 45.666572 ], [ -122.724591, 45.667767 ], [ -122.727237, 45.668233 ], [ -122.728934, 45.667722 ], [ -122.726929, 45.665117 ], [ -122.726654, 45.662878 ], [ -122.725722, 45.661836 ], [ -122.721461, 45.660493 ], [ -122.722653, 45.6592 ], [ -122.721489, 45.65538 ], [ -122.708878, 45.655293 ], [ -122.710083, 45.656169 ], [ -122.710134, 45.658271 ], [ -122.693057, 45.66655 ], [ -122.691311, 45.666603 ], [ -122.692522, 45.669324 ], [ -122.691561, 45.670843 ], [ -122.688216, 45.650301 ], [ -122.685119, 45.650078 ], [ -122.685309, 45.655388 ], [ -122.682473, 45.655401 ], [ -122.682469, 45.654168 ], [ -122.68078, 45.654511 ], [ -122.67052, 45.654516 ], [ -122.670701, 45.646957 ], [ -122.672106, 45.646965 ], [ -122.672115, 45.645444 ], [ -122.670687, 45.645444 ], [ -122.670751, 45.643194 ], [ -122.671394, 45.64017 ], [ -122.671491, 45.635647 ], [ -122.670408, 45.634891 ], [ -122.67156, 45.631871 ], [ -122.668288, 45.631811 ], [ -122.668274, 45.632566 ], [ -122.664842, 45.631559 ], [ -122.668034, 45.62629 ], [ -122.672593, 45.622067 ], [ -122.675324886262004, 45.618171696122204 ], [ -122.691008, 45.624739 ], [ -122.691185090200008, 45.624839841596902 ], [ -122.691249654450019, 45.624876606827705 ], [ -122.713309, 45.637438 ], [ -122.738109, 45.644138 ], [ -122.762414110308995, 45.656431935411781 ], [ -122.76381, 45.657138 ], [ -122.774511, 45.680437 ], [ -122.772511, 45.699637 ] ] ] ] } },
{ "type": "Feature", "properties": { "zipcode": "97267", "approval_t": "Average bus approval score", "calculation": 4.0 }, "geometry": { "type": "MultiPolygon", "coordinates": [ [ [ [ -122.657004, 45.413941 ], [ -122.655504, 45.417141 ], [ -122.655605, 45.422341 ], [ -122.65433, 45.422577 ], [ -122.637608, 45.42258 ], [ -122.636509, 45.420754 ], [ -122.634295, 45.420754 ], [ -122.634293, 45.42258 ], [ -122.628887, 45.422579 ], [ -122.626466, 45.422237 ], [ -122.626461, 45.421098 ], [ -122.623704, 45.421096 ], [ -122.624941, 45.421931 ], [ -122.624728, 45.423598 ], [ -122.622967, 45.423613 ], [ -122.623008, 45.425446 ], [ -122.628994, 45.429949 ], [ -122.630124, 45.431407 ], [ -122.624916, 45.428945 ], [ -122.618938, 45.425453 ], [ -122.613467, 45.423099 ], [ -122.612259, 45.422126 ], [ -122.606061, 45.42212 ], [ -122.60352, 45.420375 ], [ -122.600832, 45.422523 ], [ -122.593274, 45.422516 ], [ -122.59264, 45.424389 ], [ -122.586614, 45.423739 ], [ -122.582138, 45.422654 ], [ -122.577613, 45.422001 ], [ -122.577203, 45.424081 ], [ -122.573521, 45.41351 ], [ -122.576911, 45.412626 ], [ -122.57586, 45.410669 ], [ -122.577866, 45.410691 ], [ -122.578391, 45.407194 ], [ -122.576121, 45.407194 ], [ -122.5772, 45.406409 ], [ -122.576376, 45.40541 ], [ -122.577074, 45.402741 ], [ -122.572393, 45.401916 ], [ -122.573975, 45.397787 ], [ -122.581954, 45.400602 ], [ -122.583117, 45.401239 ], [ -122.587269, 45.401202 ], [ -122.588166, 45.401823 ], [ -122.590199, 45.400515 ], [ -122.59182, 45.401603 ], [ -122.593938, 45.401876 ], [ -122.598119, 45.404032 ], [ -122.603219, 45.401023 ], [ -122.599895, 45.399052 ], [ -122.599826, 45.400312 ], [ -122.597027, 45.401601 ], [ -122.595109, 45.400929 ], [ -122.594166, 45.399531 ], [ -122.598785, 45.395871 ], [ -122.59821, 45.395166 ], [ -122.601966, 45.392547 ], [ -122.601505, 45.391857 ], [ -122.604261, 45.390608 ], [ -122.60228, 45.388996 ], [ -122.60326, 45.388647 ], [ -122.608172, 45.385054 ], [ -122.607093, 45.383669 ], [ -122.60833, 45.382945 ], [ -122.60779, 45.381809 ], [ -122.614497, 45.379482 ], [ -122.617279, 45.379517 ], [ -122.619865, 45.380684 ], [ -122.621237, 45.38027 ], [ -122.623999, 45.388112 ], [ -122.625386, 45.390226 ], [ -122.630413, 45.394092 ], [ -122.635619, 45.396661 ], [ -122.637436, 45.39853 ], [ -122.641258, 45.401632 ], [ -122.645804, 45.403142 ], [ -122.657004, 45.409441 ], [ -122.657004, 45.413941 ] ] ] ] } },
{ "type": "Feature", "properties": { "zipcode": "97267", "approval_t": "Average MAX approval score", "calculation": 3.8775510204081631 }, "geometry": { "type": "MultiPolygon", "coordinates": [ [ [ [ -122.657004, 45.413941 ], [ -122.655504, 45.417141 ], [ -122.655605, 45.422341 ], [ -122.65433, 45.422577 ], [ -122.637608, 45.42258 ], [ -122.636509, 45.420754 ], [ -122.634295, 45.420754 ], [ -122.634293, 45.42258 ], [ -122.628887, 45.422579 ], [ -122.626466, 45.422237 ], [ -122.626461, 45.421098 ], [ -122.623704, 45.421096 ], [ -122.624941, 45.421931 ], [ -122.624728, 45.423598 ], [ -122.622967, 45.423613 ], [ -122.623008, 45.425446 ], [ -122.628994, 45.429949 ], [ -122.630124, 45.431407 ], [ -122.624916, 45.428945 ], [ -122.618938, 45.425453 ], [ -122.613467, 45.423099 ], [ -122.612259, 45.422126 ], [ -122.606061, 45.42212 ], [ -122.60352, 45.420375 ], [ -122.600832, 45.422523 ], [ -122.593274, 45.422516 ], [ -122.59264, 45.424389 ], [ -122.586614, 45.423739 ], [ -122.582138, 45.422654 ], [ -122.577613, 45.422001 ], [ -122.577203, 45.424081 ], [ -122.573521, 45.41351 ], [ -122.576911, 45.412626 ], [ -122.57586, 45.410669 ], [ -122.577866, 45.410691 ], [ -122.578391, 45.407194 ], [ -122.576121, 45.407194 ], [ -122.5772, 45.406409 ], [ -122.576376, 45.40541 ], [ -122.577074, 45.402741 ], [ -122.572393, 45.401916 ], [ -122.573975, 45.397787 ], [ -122.581954, 45.400602 ], [ -122.583117, 45.401239 ], [ -122.587269, 45.401202 ], [ -122.588166, 45.401823 ], [ -122.590199, 45.400515 ], [ -122.59182, 45.401603 ], [ -122.593938, 45.401876 ], [ -122.598119, 45.404032 ], [ -122.603219, 45.401023 ], [ -122.599895, 45.399052 ], [ -122.599826, 45.400312 ], [ -122.597027, 45.401601 ], [ -122.595109, 45.400929 ], [ -122.594166, 45.399531 ], [ -122.598785, 45.395871 ], [ -122.59821, 45.395166 ], [ -122.601966, 45.392547 ], [ -122.601505, 45.391857 ], [ -122.604261, 45.390608 ], [ -122.60228, 45.388996 ], [ -122.60326, 45.388647 ], [ -122.608172, 45.385054 ], [ -122.607093, 45.383669 ], [ -122.60833, 45.382945 ], [ -122.60779, 45.381809 ], [ -122.614497, 45.379482 ], [ -122.617279, 45.379517 ], [ -122.619865, 45.380684 ], [ -122.621237, 45.38027 ], [ -122.623999, 45.388112 ], [ -122.625386, 45.390226 ], [ -122.630413, 45.394092 ], [ -122.635619, 45.396661 ], [ -122.637436, 45.39853 ], [ -122.641258, 45.401632 ], [ -122.645804, 45.403142 ], [ -122.657004, 45.409441 ], [ -122.657004, 45.413941 ] ] ] ] } },
{ "type": "Feature", "properties": { "zipcode": "97225", "approval_t": "Average bus approval score", "calculation": 4.04 }, "geometry": { "type": "MultiPolygon", "coordinates": [ [ [ [ -122.811319, 45.508409 ], [ -122.813113, 45.509753 ], [ -122.813284, 45.510983 ], [ -122.806102, 45.513329 ], [ -122.804299, 45.514235 ], [ -122.804407, 45.51531 ], [ -122.802765, 45.517415 ], [ -122.798962, 45.518266 ], [ -122.799732, 45.519051 ], [ -122.797731, 45.519762 ], [ -122.796154, 45.521461 ], [ -122.795448, 45.52141 ], [ -122.795458, 45.5171 ], [ -122.792229, 45.516322 ], [ -122.791115, 45.519705 ], [ -122.781257, 45.5196 ], [ -122.779336, 45.518893 ], [ -122.779053, 45.521693 ], [ -122.777367, 45.521787 ], [ -122.777601, 45.51867 ], [ -122.775116, 45.519592 ], [ -122.764464, 45.519562 ], [ -122.748381, 45.519517 ], [ -122.746926, 45.518996 ], [ -122.747321, 45.517232 ], [ -122.74897, 45.516188 ], [ -122.74583, 45.515958 ], [ -122.743859, 45.516665 ], [ -122.743785, 45.505017 ], [ -122.74274, 45.504679 ], [ -122.742341, 45.5048 ], [ -122.740597, 45.505111 ], [ -122.738596, 45.504766 ], [ -122.738598, 45.503424 ], [ -122.741775, 45.502412 ], [ -122.743804, 45.499822 ], [ -122.743794, 45.492555 ], [ -122.744346, 45.491528 ], [ -122.744771, 45.490865 ], [ -122.743786, 45.490804 ], [ -122.743671, 45.476442 ], [ -122.74544, 45.477398 ], [ -122.745729, 45.476464 ], [ -122.750259, 45.476703 ], [ -122.750272, 45.478275 ], [ -122.748882, 45.479161 ], [ -122.749297, 45.480805 ], [ -122.749996, 45.478783 ], [ -122.753869, 45.478071 ], [ -122.756069, 45.478667 ], [ -122.759632, 45.477878 ], [ -122.761228, 45.480332 ], [ -122.762635, 45.479508 ], [ -122.765153, 45.47661 ], [ -122.770892, 45.476636 ], [ -122.772005, 45.476254 ], [ -122.771551, 45.482153 ], [ -122.771472, 45.487083 ], [ -122.773503, 45.487063 ], [ -122.775155, 45.48832 ], [ -122.774753, 45.491253 ], [ -122.776871, 45.49108 ], [ -122.776951, 45.493819 ], [ -122.779256, 45.493472 ], [ -122.78031, 45.494981 ], [ -122.7838, 45.496562 ], [ -122.78552, 45.496665 ], [ -122.787477, 45.498421 ], [ -122.788957, 45.498394 ], [ -122.798018, 45.500508 ], [ -122.799375, 45.502142 ], [ -122.802103, 45.503438 ], [ -122.80632, 45.501873 ], [ -122.813403, 45.504125 ], [ -122.811319, 45.508409 ] ] ] ] } },
{ "type": "Feature", "properties": { "zipcode": "97225", "approval_t": "Average MAX approval score", "calculation": 4.109375 }, "geometry": { "type": "MultiPolygon", "coordinates": [ [ [ [ -122.811319, 45.508409 ], [ -122.813113, 45.509753 ], [ -122.813284, 45.510983 ], [ -122.806102, 45.513329 ], [ -122.804299, 45.514235 ], [ -122.804407, 45.51531 ], [ -122.802765, 45.517415 ], [ -122.798962, 45.518266 ], [ -122.799732, 45.519051 ], [ -122.797731, 45.519762 ], [ -122.796154, 45.521461 ], [ -122.795448, 45.52141 ], [ -122.795458, 45.5171 ], [ -122.792229, 45.516322 ], [ -122.791115, 45.519705 ], [ -122.781257, 45.5196 ], [ -122.779336, 45.518893 ], [ -122.779053, 45.521693 ], [ -122.777367, 45.521787 ], [ -122.777601, 45.51867 ], [ -122.775116, 45.519592 ], [ -122.764464, 45.519562 ], [ -122.748381, 45.519517 ], [ -122.746926, 45.518996 ], [ -122.747321, 45.517232 ], [ -122.74897, 45.516188 ], [ -122.74583, 45.515958 ], [ -122.743859, 45.516665 ], [ -122.743785, 45.505017 ], [ -122.74274, 45.504679 ], [ -122.742341, 45.5048 ], [ -122.740597, 45.505111 ], [ -122.738596, 45.504766 ], [ -122.738598, 45.503424 ], [ -122.741775, 45.502412 ], [ -122.743804, 45.499822 ], [ -122.743794, 45.492555 ], [ -122.744346, 45.491528 ], [ -122.744771, 45.490865 ], [ -122.743786, 45.490804 ], [ -122.743671, 45.476442 ], [ -122.74544, 45.477398 ], [ -122.745729, 45.476464 ], [ -122.750259, 45.476703 ], [ -122.750272, 45.478275 ], [ -122.748882, 45.479161 ], [ -122.749297, 45.480805 ], [ -122.749996, 45.478783 ], [ -122.753869, 45.478071 ], [ -122.756069, 45.478667 ], [ -122.759632, 45.477878 ], [ -122.761228, 45.480332 ], [ -122.762635, 45.479508 ], [ -122.765153, 45.47661 ], [ -122.770892, 45.476636 ], [ -122.772005, 45.476254 ], [ -122.771551, 45.482153 ], [ -122.771472, 45.487083 ], [ -122.773503, 45.487063 ], [ -122.775155, 45.48832 ], [ -122.774753, 45.491253 ], [ -122.776871, 45.49108 ], [ -122.776951, 45.493819 ], [ -122.779256, 45.493472 ], [ -122.78031, 45.494981 ], [ -122.7838, 45.496562 ], [ -122.78552, 45.496665 ], [ -122.787477, 45.498421 ], [ -122.788957, 45.498394 ], [ -122.798018, 45.500508 ], [ -122.799375, 45.502142 ], [ -122.802103, 45.503438 ], [ -122.80632, 45.501873 ], [ -122.813403, 45.504125 ], [ -122.811319, 45.508409 ] ] ] ] } },
{ "type": "Feature", "properties": { "zipcode": "97062", "approval_t": "Average bus approval score", "calculation": 3.5416666666666665 }, "geometry": { "type": "MultiPolygon", "coordinates": [ [ [ [ -122.818467, 45.392055 ], [ -122.815056, 45.389658 ], [ -122.811965, 45.389252 ], [ -122.808848, 45.389358 ], [ -122.806168, 45.390131 ], [ -122.805662, 45.391801 ], [ -122.804505, 45.392877 ], [ -122.800442, 45.393697 ], [ -122.794882, 45.395609 ], [ -122.791181, 45.397402 ], [ -122.783184, 45.398688 ], [ -122.780502, 45.398752 ], [ -122.77691, 45.398146 ], [ -122.775634, 45.397459 ], [ -122.774283, 45.395358 ], [ -122.774096, 45.393461 ], [ -122.772133, 45.393464 ], [ -122.769112, 45.395305 ], [ -122.768008, 45.394629 ], [ -122.768364, 45.393548 ], [ -122.767052, 45.392764 ], [ -122.764422, 45.393219 ], [ -122.764441, 45.387329 ], [ -122.762205, 45.387334 ], [ -122.761311, 45.386308 ], [ -122.757406, 45.386112 ], [ -122.754788, 45.385586 ], [ -122.750439, 45.388439 ], [ -122.750703, 45.387604 ], [ -122.743919, 45.386122 ], [ -122.743156, 45.386215 ], [ -122.74012, 45.385082 ], [ -122.734909, 45.383881 ], [ -122.729179, 45.383522 ], [ -122.721413, 45.382614 ], [ -122.715034, 45.382595 ], [ -122.710129, 45.383499 ], [ -122.708577, 45.381962 ], [ -122.708633, 45.377575 ], [ -122.707219, 45.37524 ], [ -122.702345, 45.375218 ], [ -122.706141, 45.369901 ], [ -122.710005, 45.364605 ], [ -122.713537, 45.362591 ], [ -122.714369, 45.359481 ], [ -122.718625, 45.357369 ], [ -122.722743, 45.357283 ], [ -122.723559, 45.357279 ], [ -122.735285, 45.343754 ], [ -122.738639, 45.340652 ], [ -122.740251, 45.340012 ], [ -122.741657, 45.337009 ], [ -122.74355, 45.335893 ], [ -122.743761, 45.336331 ], [ -122.745524, 45.335381 ], [ -122.746817, 45.332045 ], [ -122.75407, 45.331994 ], [ -122.75419, 45.335588 ], [ -122.759817, 45.335664 ], [ -122.759786, 45.343131 ], [ -122.757729, 45.343117 ], [ -122.757657, 45.346557 ], [ -122.752501, 45.346562 ], [ -122.752554, 45.348497 ], [ -122.761518, 45.348528 ], [ -122.761894, 45.35373 ], [ -122.763853, 45.353733 ], [ -122.767829, 45.344947 ], [ -122.769163, 45.340354 ], [ -122.784837, 45.340429 ], [ -122.784978, 45.344493 ], [ -122.784994, 45.350051 ], [ -122.783633, 45.35365 ], [ -122.795167, 45.35338 ], [ -122.795019, 45.354984 ], [ -122.793442, 45.358128 ], [ -122.794362, 45.358138 ], [ -122.794428, 45.364134 ], [ -122.799038, 45.363993 ], [ -122.799171, 45.368014 ], [ -122.800489, 45.368151 ], [ -122.800557, 45.369861 ], [ -122.809076, 45.369027 ], [ -122.809874, 45.372473 ], [ -122.811771, 45.37513 ], [ -122.813931, 45.37554 ], [ -122.816736, 45.382413 ], [ -122.817333, 45.385329 ], [ -122.818467, 45.392055 ] ] ] ] } },
{ "type": "Feature", "properties": { "zipcode": "97062", "approval_t": "Average MAX approval score", "calculation": 3.5882352941176472 }, "geometry": { "type": "MultiPolygon", "coordinates": [ [ [ [ -122.818467, 45.392055 ], [ -122.815056, 45.389658 ], [ -122.811965, 45.389252 ], [ -122.808848, 45.389358 ], [ -122.806168, 45.390131 ], [ -122.805662, 45.391801 ], [ -122.804505, 45.392877 ], [ -122.800442, 45.393697 ], [ -122.794882, 45.395609 ], [ -122.791181, 45.397402 ], [ -122.783184, 45.398688 ], [ -122.780502, 45.398752 ], [ -122.77691, 45.398146 ], [ -122.775634, 45.397459 ], [ -122.774283, 45.395358 ], [ -122.774096, 45.393461 ], [ -122.772133, 45.393464 ], [ -122.769112, 45.395305 ], [ -122.768008, 45.394629 ], [ -122.768364, 45.393548 ], [ -122.767052, 45.392764 ], [ -122.764422, 45.393219 ], [ -122.764441, 45.387329 ], [ -122.762205, 45.387334 ], [ -122.761311, 45.386308 ], [ -122.757406, 45.386112 ], [ -122.754788, 45.385586 ], [ -122.750439, 45.388439 ], [ -122.750703, 45.387604 ], [ -122.743919, 45.386122 ], [ -122.743156, 45.386215 ], [ -122.74012, 45.385082 ], [ -122.734909, 45.383881 ], [ -122.729179, 45.383522 ], [ -122.721413, 45.382614 ], [ -122.715034, 45.382595 ], [ -122.710129, 45.383499 ], [ -122.708577, 45.381962 ], [ -122.708633, 45.377575 ], [ -122.707219, 45.37524 ], [ -122.702345, 45.375218 ], [ -122.706141, 45.369901 ], [ -122.710005, 45.364605 ], [ -122.713537, 45.362591 ], [ -122.714369, 45.359481 ], [ -122.718625, 45.357369 ], [ -122.722743, 45.357283 ], [ -122.723559, 45.357279 ], [ -122.735285, 45.343754 ], [ -122.738639, 45.340652 ], [ -122.740251, 45.340012 ], [ -122.741657, 45.337009 ], [ -122.74355, 45.335893 ], [ -122.743761, 45.336331 ], [ -122.745524, 45.335381 ], [ -122.746817, 45.332045 ], [ -122.75407, 45.331994 ], [ -122.75419, 45.335588 ], [ -122.759817, 45.335664 ], [ -122.759786, 45.343131 ], [ -122.757729, 45.343117 ], [ -122.757657, 45.346557 ], [ -122.752501, 45.346562 ], [ -122.752554, 45.348497 ], [ -122.761518, 45.348528 ], [ -122.761894, 45.35373 ], [ -122.763853, 45.353733 ], [ -122.767829, 45.344947 ], [ -122.769163, 45.340354 ], [ -122.784837, 45.340429 ], [ -122.784978, 45.344493 ], [ -122.784994, 45.350051 ], [ -122.783633, 45.35365 ], [ -122.795167, 45.35338 ], [ -122.795019, 45.354984 ], [ -122.793442, 45.358128 ], [ -122.794362, 45.358138 ], [ -122.794428, 45.364134 ], [ -122.799038, 45.363993 ], [ -122.799171, 45.368014 ], [ -122.800489, 45.368151 ], [ -122.800557, 45.369861 ], [ -122.809076, 45.369027 ], [ -122.809874, 45.372473 ], [ -122.811771, 45.37513 ], [ -122.813931, 45.37554 ], [ -122.816736, 45.382413 ], [ -122.817333, 45.385329 ], [ -122.818467, 45.392055 ] ] ] ] } },
{ "type": "Feature", "properties": { "zipcode": "97212", "approval_t": "Average bus approval score", "calculation": 4.2417582417582418 }, "geometry": { "type": "MultiPolygon", "coordinates": [ [ [ [ -122.666694, 45.539006 ], [ -122.666686, 45.539969 ], [ -122.664149, 45.539967 ], [ -122.664135, 45.541887 ], [ -122.666672, 45.541895 ], [ -122.666743, 45.553318 ], [ -122.661547, 45.553318 ], [ -122.661556, 45.55207 ], [ -122.660549, 45.553307 ], [ -122.630677, 45.55304 ], [ -122.625518, 45.553671 ], [ -122.625525, 45.551792 ], [ -122.620406, 45.551846 ], [ -122.62038, 45.5483 ], [ -122.619773, 45.5483 ], [ -122.620933, 45.542109 ], [ -122.620935, 45.535675 ], [ -122.620312, 45.535139 ], [ -122.628393, 45.535777 ], [ -122.636702, 45.53516 ], [ -122.642988, 45.535015 ], [ -122.654542, 45.535051 ], [ -122.654538, 45.535764 ], [ -122.663668, 45.535794 ], [ -122.666746, 45.535095 ], [ -122.666694, 45.539006 ] ] ] ] } },
{ "type": "Feature", "properties": { "zipcode": "97212", "approval_t": "Average MAX approval score", "calculation": 4.0666666666666664 }, "geometry": { "type": "MultiPolygon", "coordinates": [ [ [ [ -122.666694, 45.539006 ], [ -122.666686, 45.539969 ], [ -122.664149, 45.539967 ], [ -122.664135, 45.541887 ], [ -122.666672, 45.541895 ], [ -122.666743, 45.553318 ], [ -122.661547, 45.553318 ], [ -122.661556, 45.55207 ], [ -122.660549, 45.553307 ], [ -122.630677, 45.55304 ], [ -122.625518, 45.553671 ], [ -122.625525, 45.551792 ], [ -122.620406, 45.551846 ], [ -122.62038, 45.5483 ], [ -122.619773, 45.5483 ], [ -122.620933, 45.542109 ], [ -122.620935, 45.535675 ], [ -122.620312, 45.535139 ], [ -122.628393, 45.535777 ], [ -122.636702, 45.53516 ], [ -122.642988, 45.535015 ], [ -122.654542, 45.535051 ], [ -122.654538, 45.535764 ], [ -122.663668, 45.535794 ], [ -122.666746, 45.535095 ], [ -122.666694, 45.539006 ] ] ] ] } },
{ "type": "Feature", "properties": { "zipcode": "97080", "approval_t": "Average bus approval score", "calculation": 3.2619047619047619 }, "geometry": { "type": "MultiPolygon", "coordinates": [ [ [ [ -122.496766, 45.461995 ], [ -122.490681, 45.462063 ], [ -122.490208, 45.462949 ], [ -122.491454, 45.465073 ], [ -122.491107, 45.468704 ], [ -122.495499, 45.470294 ], [ -122.496723, 45.471659 ], [ -122.496724, 45.473276 ], [ -122.493501, 45.473377 ], [ -122.494404, 45.473943 ], [ -122.49323, 45.475626 ], [ -122.485312, 45.475582 ], [ -122.48517, 45.484656 ], [ -122.480734, 45.484616 ], [ -122.480749, 45.486337 ], [ -122.481888, 45.486364 ], [ -122.482973, 45.489978 ], [ -122.482949, 45.491962 ], [ -122.476652, 45.490752 ], [ -122.469312, 45.488592 ], [ -122.456186, 45.489133 ], [ -122.456955, 45.493485 ], [ -122.455453, 45.494153 ], [ -122.456815, 45.494817 ], [ -122.456836, 45.496985 ], [ -122.44702, 45.497104 ], [ -122.447016, 45.494639 ], [ -122.444725, 45.494875 ], [ -122.444773, 45.497117 ], [ -122.44018, 45.496609 ], [ -122.442256, 45.495141 ], [ -122.439754, 45.495627 ], [ -122.438218, 45.497126 ], [ -122.434611, 45.497174 ], [ -122.434593, 45.495243 ], [ -122.432985, 45.496585 ], [ -122.430854, 45.49582 ], [ -122.430939, 45.497936 ], [ -122.42599, 45.498031 ], [ -122.424041, 45.497393 ], [ -122.422651, 45.498038 ], [ -122.413379, 45.497717 ], [ -122.401191, 45.497605 ], [ -122.398771, 45.498264 ], [ -122.398739, 45.497558 ], [ -122.393392, 45.496601 ], [ -122.390927, 45.496567 ], [ -122.390787, 45.498441 ], [ -122.389777, 45.498436 ], [ -122.389814, 45.496315 ], [ -122.387004, 45.49629 ], [ -122.387388, 45.501709 ], [ -122.384994, 45.500123 ], [ -122.378804, 45.497382 ], [ -122.377931, 45.497182 ], [ -122.371629, 45.495194 ], [ -122.36783, 45.495168 ], [ -122.366554, 45.495675 ], [ -122.366015, 45.494022 ], [ -122.362805, 45.493061 ], [ -122.361025, 45.490922 ], [ -122.357639, 45.489849 ], [ -122.352747, 45.488844 ], [ -122.352245, 45.486888 ], [ -122.338172, 45.484266 ], [ -122.332358, 45.488038 ], [ -122.330028, 45.485596 ], [ -122.325767, 45.483168 ], [ -122.326063, 45.490491 ], [ -122.3259, 45.4928 ], [ -122.323158, 45.496495 ], [ -122.321428, 45.496969 ], [ -122.319968, 45.498358 ], [ -122.317243, 45.498295 ], [ -122.314119, 45.49935 ], [ -122.310362, 45.502992 ], [ -122.30735, 45.504857 ], [ -122.304881, 45.505386 ], [ -122.302261, 45.504937 ], [ -122.299601, 45.503721 ], [ -122.298477, 45.501962 ], [ -122.298724, 45.500519 ], [ -122.300564, 45.498639 ], [ -122.303966, 45.496804 ], [ -122.306962, 45.493724 ], [ -122.307313, 45.491731 ], [ -122.301806, 45.490926 ], [ -122.300772, 45.489812 ], [ -122.298708, 45.490033 ], [ -122.296116, 45.492044 ], [ -122.294395, 45.496149 ], [ -122.293246, 45.49758 ], [ -122.290628, 45.498355 ], [ -122.282584, 45.497866 ], [ -122.278495, 45.497269 ], [ -122.27797, 45.495674 ], [ -122.280908, 45.493734 ], [ -122.281612, 45.49151 ], [ -122.283134, 45.490279 ], [ -122.288258, 45.488844 ], [ -122.290881, 45.486813 ], [ -122.288976, 45.484934 ], [ -122.287553, 45.482384 ], [ -122.287368, 45.480832 ], [ -122.289103, 45.478185 ], [ -122.289835, 45.473006 ], [ -122.288872, 45.469542 ], [ -122.288146, 45.468905 ], [ -122.282652, 45.468373 ], [ -122.287154, 45.468382 ], [ -122.288849, 45.469267 ], [ -122.290291, 45.474099 ], [ -122.289803, 45.475976 ], [ -122.296796, 45.475961 ], [ -122.296561, 45.466746 ], [ -122.305812, 45.46687 ], [ -122.305818, 45.462685 ], [ -122.308549, 45.462576 ], [ -122.312092, 45.461485 ], [ -122.316084, 45.46149 ], [ -122.329979, 45.461516 ], [ -122.332438, 45.46152 ], [ -122.342321, 45.461532 ], [ -122.343292, 45.461155 ], [ -122.34507, 45.460827 ], [ -122.346275, 45.46109 ], [ -122.347193, 45.460999 ], [ -122.347185, 45.460209 ], [ -122.348315, 45.461502 ], [ -122.359234, 45.461412 ], [ -122.367765, 45.461284 ], [ -122.372096, 45.461222 ], [ -122.372796, 45.46123 ], [ -122.389346, 45.4613 ], [ -122.414457, 45.461579 ], [ -122.421827, 45.461435 ], [ -122.438075, 45.461145 ], [ -122.44454, 45.460979 ], [ -122.447789, 45.460974 ], [ -122.466639, 45.461127 ], [ -122.469798, 45.461154 ], [ -122.473074, 45.461187 ], [ -122.486584, 45.461132 ], [ -122.496748, 45.460982 ], [ -122.496766, 45.461995 ] ] ] ] } },
{ "type": "Feature", "properties": { "zipcode": "97080", "approval_t": "Average MAX approval score", "calculation": 3.375 }, "geometry": { "type": "MultiPolygon", "coordinates": [ [ [ [ -122.496766, 45.461995 ], [ -122.490681, 45.462063 ], [ -122.490208, 45.462949 ], [ -122.491454, 45.465073 ], [ -122.491107, 45.468704 ], [ -122.495499, 45.470294 ], [ -122.496723, 45.471659 ], [ -122.496724, 45.473276 ], [ -122.493501, 45.473377 ], [ -122.494404, 45.473943 ], [ -122.49323, 45.475626 ], [ -122.485312, 45.475582 ], [ -122.48517, 45.484656 ], [ -122.480734, 45.484616 ], [ -122.480749, 45.486337 ], [ -122.481888, 45.486364 ], [ -122.482973, 45.489978 ], [ -122.482949, 45.491962 ], [ -122.476652, 45.490752 ], [ -122.469312, 45.488592 ], [ -122.456186, 45.489133 ], [ -122.456955, 45.493485 ], [ -122.455453, 45.494153 ], [ -122.456815, 45.494817 ], [ -122.456836, 45.496985 ], [ -122.44702, 45.497104 ], [ -122.447016, 45.494639 ], [ -122.444725, 45.494875 ], [ -122.444773, 45.497117 ], [ -122.44018, 45.496609 ], [ -122.442256, 45.495141 ], [ -122.439754, 45.495627 ], [ -122.438218, 45.497126 ], [ -122.434611, 45.497174 ], [ -122.434593, 45.495243 ], [ -122.432985, 45.496585 ], [ -122.430854, 45.49582 ], [ -122.430939, 45.497936 ], [ -122.42599, 45.498031 ], [ -122.424041, 45.497393 ], [ -122.422651, 45.498038 ], [ -122.413379, 45.497717 ], [ -122.401191, 45.497605 ], [ -122.398771, 45.498264 ], [ -122.398739, 45.497558 ], [ -122.393392, 45.496601 ], [ -122.390927, 45.496567 ], [ -122.390787, 45.498441 ], [ -122.389777, 45.498436 ], [ -122.389814, 45.496315 ], [ -122.387004, 45.49629 ], [ -122.387388, 45.501709 ], [ -122.384994, 45.500123 ], [ -122.378804, 45.497382 ], [ -122.377931, 45.497182 ], [ -122.371629, 45.495194 ], [ -122.36783, 45.495168 ], [ -122.366554, 45.495675 ], [ -122.366015, 45.494022 ], [ -122.362805, 45.493061 ], [ -122.361025, 45.490922 ], [ -122.357639, 45.489849 ], [ -122.352747, 45.488844 ], [ -122.352245, 45.486888 ], [ -122.338172, 45.484266 ], [ -122.332358, 45.488038 ], [ -122.330028, 45.485596 ], [ -122.325767, 45.483168 ], [ -122.326063, 45.490491 ], [ -122.3259, 45.4928 ], [ -122.323158, 45.496495 ], [ -122.321428, 45.496969 ], [ -122.319968, 45.498358 ], [ -122.317243, 45.498295 ], [ -122.314119, 45.49935 ], [ -122.310362, 45.502992 ], [ -122.30735, 45.504857 ], [ -122.304881, 45.505386 ], [ -122.302261, 45.504937 ], [ -122.299601, 45.503721 ], [ -122.298477, 45.501962 ], [ -122.298724, 45.500519 ], [ -122.300564, 45.498639 ], [ -122.303966, 45.496804 ], [ -122.306962, 45.493724 ], [ -122.307313, 45.491731 ], [ -122.301806, 45.490926 ], [ -122.300772, 45.489812 ], [ -122.298708, 45.490033 ], [ -122.296116, 45.492044 ], [ -122.294395, 45.496149 ], [ -122.293246, 45.49758 ], [ -122.290628, 45.498355 ], [ -122.282584, 45.497866 ], [ -122.278495, 45.497269 ], [ -122.27797, 45.495674 ], [ -122.280908, 45.493734 ], [ -122.281612, 45.49151 ], [ -122.283134, 45.490279 ], [ -122.288258, 45.488844 ], [ -122.290881, 45.486813 ], [ -122.288976, 45.484934 ], [ -122.287553, 45.482384 ], [ -122.287368, 45.480832 ], [ -122.289103, 45.478185 ], [ -122.289835, 45.473006 ], [ -122.288872, 45.469542 ], [ -122.288146, 45.468905 ], [ -122.282652, 45.468373 ], [ -122.287154, 45.468382 ], [ -122.288849, 45.469267 ], [ -122.290291, 45.474099 ], [ -122.289803, 45.475976 ], [ -122.296796, 45.475961 ], [ -122.296561, 45.466746 ], [ -122.305812, 45.46687 ], [ -122.305818, 45.462685 ], [ -122.308549, 45.462576 ], [ -122.312092, 45.461485 ], [ -122.316084, 45.46149 ], [ -122.329979, 45.461516 ], [ -122.332438, 45.46152 ], [ -122.342321, 45.461532 ], [ -122.343292, 45.461155 ], [ -122.34507, 45.460827 ], [ -122.346275, 45.46109 ], [ -122.347193, 45.460999 ], [ -122.347185, 45.460209 ], [ -122.348315, 45.461502 ], [ -122.359234, 45.461412 ], [ -122.367765, 45.461284 ], [ -122.372096, 45.461222 ], [ -122.372796, 45.46123 ], [ -122.389346, 45.4613 ], [ -122.414457, 45.461579 ], [ -122.421827, 45.461435 ], [ -122.438075, 45.461145 ], [ -122.44454, 45.460979 ], [ -122.447789, 45.460974 ], [ -122.466639, 45.461127 ], [ -122.469798, 45.461154 ], [ -122.473074, 45.461187 ], [ -122.486584, 45.461132 ], [ -122.496748, 45.460982 ], [ -122.496766, 45.461995 ] ] ] ] } },
{ "type": "Feature", "properties": { "zipcode": "97215", "approval_t": "Average bus approval score", "calculation": 3.9875 }, "geometry": { "type": "MultiPolygon", "coordinates": [ [ [ [ -122.588897, 45.507158 ], [ -122.586296, 45.507157 ], [ -122.586332, 45.506309 ], [ -122.588879, 45.506303 ], [ -122.588894, 45.506999 ], [ -122.588897, 45.507158 ] ] ], [ [ [ -122.619994, 45.523045 ], [ -122.615484, 45.523091 ], [ -122.612024, 45.524358 ], [ -122.610237, 45.524366 ], [ -122.608855, 45.522883 ], [ -122.607531, 45.523616 ], [ -122.605426, 45.522885 ], [ -122.59713, 45.52311 ], [ -122.588022, 45.523101 ], [ -122.579056, 45.522781 ], [ -122.579046, 45.51913 ], [ -122.580293, 45.519142 ], [ -122.578983, 45.517652 ], [ -122.578679, 45.504821 ], [ -122.582202, 45.505381 ], [ -122.585255, 45.505379 ], [ -122.585265, 45.507895 ], [ -122.588907, 45.507664 ], [ -122.588945, 45.508991 ], [ -122.59244, 45.507792 ], [ -122.594853, 45.50778 ], [ -122.597601, 45.509051 ], [ -122.597726, 45.506714 ], [ -122.601711, 45.506687 ], [ -122.601671, 45.505355 ], [ -122.618039, 45.505276 ], [ -122.618885, 45.50513 ], [ -122.619529, 45.519286 ], [ -122.619994, 45.523045 ] ] ] ] } },
{ "type": "Feature", "properties": { "zipcode": "97215", "approval_t": "Average MAX approval score", "calculation": 3.9130434782608696 }, "geometry": { "type": "MultiPolygon", "coordinates": [ [ [ [ -122.588897, 45.507158 ], [ -122.586296, 45.507157 ], [ -122.586332, 45.506309 ], [ -122.588879, 45.506303 ], [ -122.588894, 45.506999 ], [ -122.588897, 45.507158 ] ] ], [ [ [ -122.619994, 45.523045 ], [ -122.615484, 45.523091 ], [ -122.612024, 45.524358 ], [ -122.610237, 45.524366 ], [ -122.608855, 45.522883 ], [ -122.607531, 45.523616 ], [ -122.605426, 45.522885 ], [ -122.59713, 45.52311 ], [ -122.588022, 45.523101 ], [ -122.579056, 45.522781 ], [ -122.579046, 45.51913 ], [ -122.580293, 45.519142 ], [ -122.578983, 45.517652 ], [ -122.578679, 45.504821 ], [ -122.582202, 45.505381 ], [ -122.585255, 45.505379 ], [ -122.585265, 45.507895 ], [ -122.588907, 45.507664 ], [ -122.588945, 45.508991 ], [ -122.59244, 45.507792 ], [ -122.594853, 45.50778 ], [ -122.597601, 45.509051 ], [ -122.597726, 45.506714 ], [ -122.601711, 45.506687 ], [ -122.601671, 45.505355 ], [ -122.618039, 45.505276 ], [ -122.618885, 45.50513 ], [ -122.619529, 45.519286 ], [ -122.619994, 45.523045 ] ] ] ] } },
{ "type": "Feature", "properties": { "zipcode": "97233", "approval_t": "Average bus approval score", "calculation": 4.0597014925373136 }, "geometry": { "type": "MultiPolygon", "coordinates": [ [ [ [ -122.537676, 45.510621 ], [ -122.537767, 45.522494 ], [ -122.500888, 45.522274 ], [ -122.500799, 45.523853 ], [ -122.49901, 45.522214 ], [ -122.496456, 45.522201 ], [ -122.493288, 45.522182 ], [ -122.493268, 45.52308 ], [ -122.487541, 45.52311 ], [ -122.486147, 45.522103 ], [ -122.478723, 45.522011 ], [ -122.478758, 45.52332 ], [ -122.477105, 45.522643 ], [ -122.472477, 45.522452 ], [ -122.47209, 45.523233 ], [ -122.470044, 45.522403 ], [ -122.466785, 45.521906 ], [ -122.463237, 45.522211 ], [ -122.460074, 45.523108 ], [ -122.457826, 45.52215 ], [ -122.455551, 45.522854 ], [ -122.455179, 45.521549 ], [ -122.453692, 45.524178 ], [ -122.453655, 45.519136 ], [ -122.455189, 45.519147 ], [ -122.455301, 45.515043 ], [ -122.460283, 45.516114 ], [ -122.460322, 45.511832 ], [ -122.467977, 45.511739 ], [ -122.467888, 45.504956 ], [ -122.471363, 45.504536 ], [ -122.475593, 45.504564 ], [ -122.482954, 45.504585 ], [ -122.483133, 45.505905 ], [ -122.484663, 45.504581 ], [ -122.489016, 45.504583 ], [ -122.488879, 45.508732 ], [ -122.493984, 45.508732 ], [ -122.49368, 45.507352 ], [ -122.496587, 45.50731 ], [ -122.496624, 45.504572 ], [ -122.523218, 45.504074 ], [ -122.524261, 45.505407 ], [ -122.524742, 45.504064 ], [ -122.527244, 45.504053 ], [ -122.527313, 45.505568 ], [ -122.529767, 45.504404 ], [ -122.534316, 45.505168 ], [ -122.534315, 45.504078 ], [ -122.537683, 45.504093 ], [ -122.537667, 45.506806 ], [ -122.53892, 45.506806 ], [ -122.537676, 45.510621 ] ] ] ] } },
{ "type": "Feature", "properties": { "zipcode": "97233", "approval_t": "Average MAX approval score", "calculation": 4.037974683544304 }, "geometry": { "type": "MultiPolygon", "coordinates": [ [ [ [ -122.537676, 45.510621 ], [ -122.537767, 45.522494 ], [ -122.500888, 45.522274 ], [ -122.500799, 45.523853 ], [ -122.49901, 45.522214 ], [ -122.496456, 45.522201 ], [ -122.493288, 45.522182 ], [ -122.493268, 45.52308 ], [ -122.487541, 45.52311 ], [ -122.486147, 45.522103 ], [ -122.478723, 45.522011 ], [ -122.478758, 45.52332 ], [ -122.477105, 45.522643 ], [ -122.472477, 45.522452 ], [ -122.47209, 45.523233 ], [ -122.470044, 45.522403 ], [ -122.466785, 45.521906 ], [ -122.463237, 45.522211 ], [ -122.460074, 45.523108 ], [ -122.457826, 45.52215 ], [ -122.455551, 45.522854 ], [ -122.455179, 45.521549 ], [ -122.453692, 45.524178 ], [ -122.453655, 45.519136 ], [ -122.455189, 45.519147 ], [ -122.455301, 45.515043 ], [ -122.460283, 45.516114 ], [ -122.460322, 45.511832 ], [ -122.467977, 45.511739 ], [ -122.467888, 45.504956 ], [ -122.471363, 45.504536 ], [ -122.475593, 45.504564 ], [ -122.482954, 45.504585 ], [ -122.483133, 45.505905 ], [ -122.484663, 45.504581 ], [ -122.489016, 45.504583 ], [ -122.488879, 45.508732 ], [ -122.493984, 45.508732 ], [ -122.49368, 45.507352 ], [ -122.496587, 45.50731 ], [ -122.496624, 45.504572 ], [ -122.523218, 45.504074 ], [ -122.524261, 45.505407 ], [ -122.524742, 45.504064 ], [ -122.527244, 45.504053 ], [ -122.527313, 45.505568 ], [ -122.529767, 45.504404 ], [ -122.534316, 45.505168 ], [ -122.534315, 45.504078 ], [ -122.537683, 45.504093 ], [ -122.537667, 45.506806 ], [ -122.53892, 45.506806 ], [ -122.537676, 45.510621 ] ] ] ] } },
{ "type": "Feature", "properties": { "zipcode": "97004", "approval_t": "Average bus approval score", "calculation": 4.0 }, "geometry": { "type": "MultiPolygon", "coordinates": [ [ [ [ -122.564289, 45.290465 ], [ -122.56356, 45.293976 ], [ -122.558007, 45.293546 ], [ -122.552712, 45.293536 ], [ -122.551708, 45.29358 ], [ -122.55091, 45.293696 ], [ -122.549264, 45.295008 ], [ -122.549576, 45.291321 ], [ -122.546252, 45.288808 ], [ -122.546228, 45.293337 ], [ -122.537797, 45.293492 ], [ -122.538576, 45.296429 ], [ -122.533153, 45.296313 ], [ -122.533172, 45.295196 ], [ -122.527929, 45.295248 ], [ -122.517584, 45.295467 ], [ -122.517695, 45.299904 ], [ -122.510221, 45.303291 ], [ -122.509661, 45.302264 ], [ -122.504877, 45.302263 ], [ -122.504114, 45.301493 ], [ -122.502449, 45.30233 ], [ -122.497658, 45.303326 ], [ -122.49247, 45.300804 ], [ -122.490288, 45.300804 ], [ -122.489555, 45.301651 ], [ -122.487244, 45.300835 ], [ -122.483925, 45.300793 ], [ -122.481407, 45.299999 ], [ -122.480835, 45.298862 ], [ -122.480888, 45.29475 ], [ -122.478256, 45.292561 ], [ -122.478233, 45.291531 ], [ -122.480659, 45.287754 ], [ -122.480995, 45.284584 ], [ -122.483025, 45.281715 ], [ -122.482046, 45.281156 ], [ -122.47747, 45.281108 ], [ -122.478958, 45.282196 ], [ -122.47611, 45.282116 ], [ -122.471433, 45.281069 ], [ -122.454902, 45.280981 ], [ -122.454812, 45.277689 ], [ -122.455464, 45.277004 ], [ -122.454583, 45.274129 ], [ -122.453557, 45.27419 ], [ -122.45282, 45.276756 ], [ -122.450221, 45.277604 ], [ -122.449341, 45.279156 ], [ -122.446445, 45.280788 ], [ -122.443213, 45.278372 ], [ -122.442047, 45.280499 ], [ -122.442627, 45.283062 ], [ -122.432922, 45.284374 ], [ -122.426669, 45.286724 ], [ -122.425853, 45.28738 ], [ -122.425805, 45.295236 ], [ -122.421826, 45.303081 ], [ -122.414592, 45.299016 ], [ -122.411198, 45.298027 ], [ -122.408705, 45.298574 ], [ -122.40757, 45.296452 ], [ -122.40937, 45.294712 ], [ -122.4076, 45.293316 ], [ -122.407059, 45.29192 ], [ -122.404434, 45.291763 ], [ -122.40451, 45.289913 ], [ -122.402115, 45.289513 ], [ -122.39959, 45.288097 ], [ -122.39798, 45.286228 ], [ -122.396034, 45.28558 ], [ -122.395119, 45.284332 ], [ -122.393181, 45.284851 ], [ -122.392006, 45.282295 ], [ -122.389107, 45.282078 ], [ -122.387047, 45.282413 ], [ -122.383911, 45.281509 ], [ -122.383133, 45.280834 ], [ -122.382843, 45.279621 ], [ -122.381371, 45.27924 ], [ -122.381004, 45.276371 ], [ -122.379807, 45.272949 ], [ -122.38237, 45.270767 ], [ -122.380213, 45.26971 ], [ -122.378508, 45.271651 ], [ -122.376556, 45.269523 ], [ -122.376196, 45.267603 ], [ -122.374854, 45.266046 ], [ -122.374454, 45.264205 ], [ -122.373263, 45.263247 ], [ -122.373159, 45.254446 ], [ -122.372261, 45.254311 ], [ -122.37056, 45.252522 ], [ -122.367744, 45.252079 ], [ -122.367325, 45.251087 ], [ -122.365189, 45.249844 ], [ -122.362297, 45.246513 ], [ -122.359856, 45.245083 ], [ -122.361183, 45.243275 ], [ -122.360794, 45.241901 ], [ -122.363251, 45.240509 ], [ -122.365417, 45.238152 ], [ -122.366158, 45.236458 ], [ -122.367645, 45.235634 ], [ -122.367981, 45.233513 ], [ -122.369644, 45.23138 ], [ -122.367317, 45.227863 ], [ -122.364311, 45.228096 ], [ -122.361847, 45.226379 ], [ -122.359352, 45.225876 ], [ -122.356735, 45.226059 ], [ -122.35392, 45.226791 ], [ -122.3526, 45.225747 ], [ -122.354529, 45.225513 ], [ -122.362355, 45.223301 ], [ -122.363889, 45.221646 ], [ -122.364164, 45.219082 ], [ -122.372441, 45.219127 ], [ -122.373016, 45.223424 ], [ -122.37546, 45.226085 ], [ -122.372447, 45.227632 ], [ -122.374278, 45.230807 ], [ -122.374813, 45.233096 ], [ -122.374548, 45.235502 ], [ -122.378513, 45.238408 ], [ -122.381856, 45.241864 ], [ -122.383088, 45.242486 ], [ -122.390593, 45.243688 ], [ -122.395559, 45.243818 ], [ -122.398565, 45.245206 ], [ -122.398134, 45.228175 ], [ -122.395996, 45.228241 ], [ -122.395437, 45.224362 ], [ -122.395401, 45.216229 ], [ -122.415805, 45.216126 ], [ -122.415612, 45.206796 ], [ -122.417443, 45.20676 ], [ -122.419514, 45.205488 ], [ -122.422656, 45.204603 ], [ -122.424785, 45.204822 ], [ -122.425171, 45.197832 ], [ -122.430767, 45.197853 ], [ -122.430169, 45.195645 ], [ -122.427411, 45.195719 ], [ -122.4274, 45.194039 ], [ -122.429586, 45.193963 ], [ -122.429659, 45.192888 ], [ -122.431526, 45.191044 ], [ -122.43586, 45.189442 ], [ -122.440399, 45.187001 ], [ -122.445249, 45.186895 ], [ -122.445257, 45.184403 ], [ -122.455349, 45.184301 ], [ -122.455188, 45.186859 ], [ -122.465955, 45.186793 ], [ -122.465988, 45.190348 ], [ -122.467768, 45.190291 ], [ -122.465935, 45.192776 ], [ -122.46257, 45.194172 ], [ -122.461143, 45.195339 ], [ -122.458305, 45.199844 ], [ -122.456398, 45.201374 ], [ -122.45644, 45.202225 ], [ -122.458765, 45.202023 ], [ -122.459564, 45.204408 ], [ -122.471054, 45.204704 ], [ -122.471013, 45.215504 ], [ -122.481297, 45.215508 ], [ -122.481453, 45.219284 ], [ -122.487442, 45.222765 ], [ -122.487513, 45.229337 ], [ -122.493717, 45.229335 ], [ -122.49554, 45.229908 ], [ -122.495502, 45.215521 ], [ -122.526938, 45.215593 ], [ -122.529153, 45.215168 ], [ -122.532744, 45.213075 ], [ -122.534909, 45.214589 ], [ -122.535149, 45.215563 ], [ -122.537641, 45.215576 ], [ -122.537225, 45.230225 ], [ -122.53582, 45.230196 ], [ -122.530675, 45.228856 ], [ -122.530034, 45.230224 ], [ -122.526836, 45.23026 ], [ -122.526945, 45.240753 ], [ -122.528045, 45.241345 ], [ -122.528596, 45.240073 ], [ -122.531586, 45.240075 ], [ -122.532696, 45.239785 ], [ -122.532406, 45.23775 ], [ -122.53493, 45.237888 ], [ -122.536969, 45.238986 ], [ -122.536612, 45.240815 ], [ -122.530105, 45.243476 ], [ -122.526976, 45.2438 ], [ -122.526982, 45.244648 ], [ -122.524384, 45.244972 ], [ -122.519173, 45.248196 ], [ -122.518364, 45.249912 ], [ -122.518094, 45.260712 ], [ -122.522937, 45.2626 ], [ -122.528075, 45.264995 ], [ -122.533305, 45.265765 ], [ -122.531192, 45.266205 ], [ -122.531238, 45.267551 ], [ -122.534652, 45.268733 ], [ -122.535191, 45.273667 ], [ -122.535263, 45.279557 ], [ -122.535786, 45.281048 ], [ -122.535722, 45.281869 ], [ -122.536949, 45.282291 ], [ -122.53878, 45.281322 ], [ -122.53828, 45.281064 ], [ -122.543105, 45.28074 ], [ -122.543011, 45.273435 ], [ -122.545292, 45.273433 ], [ -122.546866, 45.272081 ], [ -122.547752, 45.269462 ], [ -122.549664, 45.269123 ], [ -122.570115, 45.271237 ], [ -122.564289, 45.290465 ] ] ] ] } },
{ "type": "Feature", "properties": { "zipcode": "97004", "approval_t": "Average MAX approval score", "calculation": 1.0 }, "geometry": { "type": "MultiPolygon", "coordinates": [ [ [ [ -122.564289, 45.290465 ], [ -122.56356, 45.293976 ], [ -122.558007, 45.293546 ], [ -122.552712, 45.293536 ], [ -122.551708, 45.29358 ], [ -122.55091, 45.293696 ], [ -122.549264, 45.295008 ], [ -122.549576, 45.291321 ], [ -122.546252, 45.288808 ], [ -122.546228, 45.293337 ], [ -122.537797, 45.293492 ], [ -122.538576, 45.296429 ], [ -122.533153, 45.296313 ], [ -122.533172, 45.295196 ], [ -122.527929, 45.295248 ], [ -122.517584, 45.295467 ], [ -122.517695, 45.299904 ], [ -122.510221, 45.303291 ], [ -122.509661, 45.302264 ], [ -122.504877, 45.302263 ], [ -122.504114, 45.301493 ], [ -122.502449, 45.30233 ], [ -122.497658, 45.303326 ], [ -122.49247, 45.300804 ], [ -122.490288, 45.300804 ], [ -122.489555, 45.301651 ], [ -122.487244, 45.300835 ], [ -122.483925, 45.300793 ], [ -122.481407, 45.299999 ], [ -122.480835, 45.298862 ], [ -122.480888, 45.29475 ], [ -122.478256, 45.292561 ], [ -122.478233, 45.291531 ], [ -122.480659, 45.287754 ], [ -122.480995, 45.284584 ], [ -122.483025, 45.281715 ], [ -122.482046, 45.281156 ], [ -122.47747, 45.281108 ], [ -122.478958, 45.282196 ], [ -122.47611, 45.282116 ], [ -122.471433, 45.281069 ], [ -122.454902, 45.280981 ], [ -122.454812, 45.277689 ], [ -122.455464, 45.277004 ], [ -122.454583, 45.274129 ], [ -122.453557, 45.27419 ], [ -122.45282, 45.276756 ], [ -122.450221, 45.277604 ], [ -122.449341, 45.279156 ], [ -122.446445, 45.280788 ], [ -122.443213, 45.278372 ], [ -122.442047, 45.280499 ], [ -122.442627, 45.283062 ], [ -122.432922, 45.284374 ], [ -122.426669, 45.286724 ], [ -122.425853, 45.28738 ], [ -122.425805, 45.295236 ], [ -122.421826, 45.303081 ], [ -122.414592, 45.299016 ], [ -122.411198, 45.298027 ], [ -122.408705, 45.298574 ], [ -122.40757, 45.296452 ], [ -122.40937, 45.294712 ], [ -122.4076, 45.293316 ], [ -122.407059, 45.29192 ], [ -122.404434, 45.291763 ], [ -122.40451, 45.289913 ], [ -122.402115, 45.289513 ], [ -122.39959, 45.288097 ], [ -122.39798, 45.286228 ], [ -122.396034, 45.28558 ], [ -122.395119, 45.284332 ], [ -122.393181, 45.284851 ], [ -122.392006, 45.282295 ], [ -122.389107, 45.282078 ], [ -122.387047, 45.282413 ], [ -122.383911, 45.281509 ], [ -122.383133, 45.280834 ], [ -122.382843, 45.279621 ], [ -122.381371, 45.27924 ], [ -122.381004, 45.276371 ], [ -122.379807, 45.272949 ], [ -122.38237, 45.270767 ], [ -122.380213, 45.26971 ], [ -122.378508, 45.271651 ], [ -122.376556, 45.269523 ], [ -122.376196, 45.267603 ], [ -122.374854, 45.266046 ], [ -122.374454, 45.264205 ], [ -122.373263, 45.263247 ], [ -122.373159, 45.254446 ], [ -122.372261, 45.254311 ], [ -122.37056, 45.252522 ], [ -122.367744, 45.252079 ], [ -122.367325, 45.251087 ], [ -122.365189, 45.249844 ], [ -122.362297, 45.246513 ], [ -122.359856, 45.245083 ], [ -122.361183, 45.243275 ], [ -122.360794, 45.241901 ], [ -122.363251, 45.240509 ], [ -122.365417, 45.238152 ], [ -122.366158, 45.236458 ], [ -122.367645, 45.235634 ], [ -122.367981, 45.233513 ], [ -122.369644, 45.23138 ], [ -122.367317, 45.227863 ], [ -122.364311, 45.228096 ], [ -122.361847, 45.226379 ], [ -122.359352, 45.225876 ], [ -122.356735, 45.226059 ], [ -122.35392, 45.226791 ], [ -122.3526, 45.225747 ], [ -122.354529, 45.225513 ], [ -122.362355, 45.223301 ], [ -122.363889, 45.221646 ], [ -122.364164, 45.219082 ], [ -122.372441, 45.219127 ], [ -122.373016, 45.223424 ], [ -122.37546, 45.226085 ], [ -122.372447, 45.227632 ], [ -122.374278, 45.230807 ], [ -122.374813, 45.233096 ], [ -122.374548, 45.235502 ], [ -122.378513, 45.238408 ], [ -122.381856, 45.241864 ], [ -122.383088, 45.242486 ], [ -122.390593, 45.243688 ], [ -122.395559, 45.243818 ], [ -122.398565, 45.245206 ], [ -122.398134, 45.228175 ], [ -122.395996, 45.228241 ], [ -122.395437, 45.224362 ], [ -122.395401, 45.216229 ], [ -122.415805, 45.216126 ], [ -122.415612, 45.206796 ], [ -122.417443, 45.20676 ], [ -122.419514, 45.205488 ], [ -122.422656, 45.204603 ], [ -122.424785, 45.204822 ], [ -122.425171, 45.197832 ], [ -122.430767, 45.197853 ], [ -122.430169, 45.195645 ], [ -122.427411, 45.195719 ], [ -122.4274, 45.194039 ], [ -122.429586, 45.193963 ], [ -122.429659, 45.192888 ], [ -122.431526, 45.191044 ], [ -122.43586, 45.189442 ], [ -122.440399, 45.187001 ], [ -122.445249, 45.186895 ], [ -122.445257, 45.184403 ], [ -122.455349, 45.184301 ], [ -122.455188, 45.186859 ], [ -122.465955, 45.186793 ], [ -122.465988, 45.190348 ], [ -122.467768, 45.190291 ], [ -122.465935, 45.192776 ], [ -122.46257, 45.194172 ], [ -122.461143, 45.195339 ], [ -122.458305, 45.199844 ], [ -122.456398, 45.201374 ], [ -122.45644, 45.202225 ], [ -122.458765, 45.202023 ], [ -122.459564, 45.204408 ], [ -122.471054, 45.204704 ], [ -122.471013, 45.215504 ], [ -122.481297, 45.215508 ], [ -122.481453, 45.219284 ], [ -122.487442, 45.222765 ], [ -122.487513, 45.229337 ], [ -122.493717, 45.229335 ], [ -122.49554, 45.229908 ], [ -122.495502, 45.215521 ], [ -122.526938, 45.215593 ], [ -122.529153, 45.215168 ], [ -122.532744, 45.213075 ], [ -122.534909, 45.214589 ], [ -122.535149, 45.215563 ], [ -122.537641, 45.215576 ], [ -122.537225, 45.230225 ], [ -122.53582, 45.230196 ], [ -122.530675, 45.228856 ], [ -122.530034, 45.230224 ], [ -122.526836, 45.23026 ], [ -122.526945, 45.240753 ], [ -122.528045, 45.241345 ], [ -122.528596, 45.240073 ], [ -122.531586, 45.240075 ], [ -122.532696, 45.239785 ], [ -122.532406, 45.23775 ], [ -122.53493, 45.237888 ], [ -122.536969, 45.238986 ], [ -122.536612, 45.240815 ], [ -122.530105, 45.243476 ], [ -122.526976, 45.2438 ], [ -122.526982, 45.244648 ], [ -122.524384, 45.244972 ], [ -122.519173, 45.248196 ], [ -122.518364, 45.249912 ], [ -122.518094, 45.260712 ], [ -122.522937, 45.2626 ], [ -122.528075, 45.264995 ], [ -122.533305, 45.265765 ], [ -122.531192, 45.266205 ], [ -122.531238, 45.267551 ], [ -122.534652, 45.268733 ], [ -122.535191, 45.273667 ], [ -122.535263, 45.279557 ], [ -122.535786, 45.281048 ], [ -122.535722, 45.281869 ], [ -122.536949, 45.282291 ], [ -122.53878, 45.281322 ], [ -122.53828, 45.281064 ], [ -122.543105, 45.28074 ], [ -122.543011, 45.273435 ], [ -122.545292, 45.273433 ], [ -122.546866, 45.272081 ], [ -122.547752, 45.269462 ], [ -122.549664, 45.269123 ], [ -122.570115, 45.271237 ], [ -122.564289, 45.290465 ] ] ] ] } },
{ "type": "Feature", "properties": { "zipcode": "97034", "approval_t": "Average bus approval score", "calculation": 3.55 }, "geometry": { "type": "MultiPolygon", "coordinates": [ [ [ [ -122.720055, 45.385078 ], [ -122.720589, 45.389763 ], [ -122.71962, 45.392715 ], [ -122.719063, 45.397198 ], [ -122.716858, 45.400379 ], [ -122.7145, 45.401848 ], [ -122.713606, 45.405641 ], [ -122.700607, 45.408862 ], [ -122.705358, 45.409124 ], [ -122.70484, 45.412586 ], [ -122.706291, 45.412762 ], [ -122.70826, 45.414433 ], [ -122.707525, 45.417967 ], [ -122.706194, 45.418491 ], [ -122.703951, 45.41779 ], [ -122.700932, 45.418618 ], [ -122.699949, 45.422467 ], [ -122.697753, 45.423766 ], [ -122.70304, 45.425157 ], [ -122.707838, 45.424479 ], [ -122.704021, 45.427671 ], [ -122.70251, 45.431809 ], [ -122.700032, 45.432208 ], [ -122.700007, 45.43304 ], [ -122.700004, 45.43432 ], [ -122.699044, 45.433545 ], [ -122.697396, 45.436014 ], [ -122.687102, 45.436453 ], [ -122.687141, 45.437219 ], [ -122.683975, 45.434582 ], [ -122.681876, 45.434612 ], [ -122.681893, 45.432841 ], [ -122.673311, 45.432795 ], [ -122.672523, 45.431141 ], [ -122.669319, 45.428642 ], [ -122.666252, 45.427399 ], [ -122.664955, 45.426231 ], [ -122.660973, 45.424168 ], [ -122.65867, 45.426752 ], [ -122.658081, 45.428817 ], [ -122.656366, 45.430323 ], [ -122.654959, 45.432668 ], [ -122.654223, 45.432668 ], [ -122.652928, 45.433566 ], [ -122.652582, 45.434151 ], [ -122.65302, 45.43598 ], [ -122.652455, 45.437184 ], [ -122.651074, 45.437934 ], [ -122.649789, 45.438527 ], [ -122.647743, 45.438514 ], [ -122.650834, 45.436781 ], [ -122.65101, 45.436299 ], [ -122.648725, 45.432718 ], [ -122.649304, 45.42944 ], [ -122.654339, 45.424991 ], [ -122.655605, 45.422341 ], [ -122.655504, 45.417141 ], [ -122.657004, 45.413941 ], [ -122.657004, 45.409441 ], [ -122.645804, 45.403142 ], [ -122.641258, 45.401632 ], [ -122.637436, 45.39853 ], [ -122.637951, 45.397278 ], [ -122.641445, 45.396295 ], [ -122.643866, 45.397249 ], [ -122.646718, 45.396456 ], [ -122.653299, 45.395376 ], [ -122.65544, 45.397727 ], [ -122.656882, 45.397579 ], [ -122.657303, 45.394443 ], [ -122.662833, 45.39221 ], [ -122.663587, 45.393851 ], [ -122.666184, 45.393833 ], [ -122.66628, 45.395415 ], [ -122.66982, 45.395462 ], [ -122.669826, 45.396911 ], [ -122.678627, 45.396893 ], [ -122.678653, 45.395621 ], [ -122.68056, 45.395612 ], [ -122.680611, 45.396913 ], [ -122.685614, 45.396835 ], [ -122.685617, 45.395577 ], [ -122.688889, 45.395605 ], [ -122.690071, 45.39344 ], [ -122.691446, 45.389249 ], [ -122.694831, 45.38707 ], [ -122.695056, 45.385673 ], [ -122.696922, 45.385479 ], [ -122.696278, 45.382926 ], [ -122.706964, 45.383118 ], [ -122.706729, 45.381386 ], [ -122.708577, 45.381962 ], [ -122.710129, 45.383499 ], [ -122.715034, 45.382595 ], [ -122.721413, 45.382614 ], [ -122.720055, 45.385078 ] ] ] ] } },
{ "type": "Feature", "properties": { "zipcode": "97034", "approval_t": "Average MAX approval score", "calculation": 3.7391304347826089 }, "geometry": { "type": "MultiPolygon", "coordinates": [ [ [ [ -122.720055, 45.385078 ], [ -122.720589, 45.389763 ], [ -122.71962, 45.392715 ], [ -122.719063, 45.397198 ], [ -122.716858, 45.400379 ], [ -122.7145, 45.401848 ], [ -122.713606, 45.405641 ], [ -122.700607, 45.408862 ], [ -122.705358, 45.409124 ], [ -122.70484, 45.412586 ], [ -122.706291, 45.412762 ], [ -122.70826, 45.414433 ], [ -122.707525, 45.417967 ], [ -122.706194, 45.418491 ], [ -122.703951, 45.41779 ], [ -122.700932, 45.418618 ], [ -122.699949, 45.422467 ], [ -122.697753, 45.423766 ], [ -122.70304, 45.425157 ], [ -122.707838, 45.424479 ], [ -122.704021, 45.427671 ], [ -122.70251, 45.431809 ], [ -122.700032, 45.432208 ], [ -122.700007, 45.43304 ], [ -122.700004, 45.43432 ], [ -122.699044, 45.433545 ], [ -122.697396, 45.436014 ], [ -122.687102, 45.436453 ], [ -122.687141, 45.437219 ], [ -122.683975, 45.434582 ], [ -122.681876, 45.434612 ], [ -122.681893, 45.432841 ], [ -122.673311, 45.432795 ], [ -122.672523, 45.431141 ], [ -122.669319, 45.428642 ], [ -122.666252, 45.427399 ], [ -122.664955, 45.426231 ], [ -122.660973, 45.424168 ], [ -122.65867, 45.426752 ], [ -122.658081, 45.428817 ], [ -122.656366, 45.430323 ], [ -122.654959, 45.432668 ], [ -122.654223, 45.432668 ], [ -122.652928, 45.433566 ], [ -122.652582, 45.434151 ], [ -122.65302, 45.43598 ], [ -122.652455, 45.437184 ], [ -122.651074, 45.437934 ], [ -122.649789, 45.438527 ], [ -122.647743, 45.438514 ], [ -122.650834, 45.436781 ], [ -122.65101, 45.436299 ], [ -122.648725, 45.432718 ], [ -122.649304, 45.42944 ], [ -122.654339, 45.424991 ], [ -122.655605, 45.422341 ], [ -122.655504, 45.417141 ], [ -122.657004, 45.413941 ], [ -122.657004, 45.409441 ], [ -122.645804, 45.403142 ], [ -122.641258, 45.401632 ], [ -122.637436, 45.39853 ], [ -122.637951, 45.397278 ], [ -122.641445, 45.396295 ], [ -122.643866, 45.397249 ], [ -122.646718, 45.396456 ], [ -122.653299, 45.395376 ], [ -122.65544, 45.397727 ], [ -122.656882, 45.397579 ], [ -122.657303, 45.394443 ], [ -122.662833, 45.39221 ], [ -122.663587, 45.393851 ], [ -122.666184, 45.393833 ], [ -122.66628, 45.395415 ], [ -122.66982, 45.395462 ], [ -122.669826, 45.396911 ], [ -122.678627, 45.396893 ], [ -122.678653, 45.395621 ], [ -122.68056, 45.395612 ], [ -122.680611, 45.396913 ], [ -122.685614, 45.396835 ], [ -122.685617, 45.395577 ], [ -122.688889, 45.395605 ], [ -122.690071, 45.39344 ], [ -122.691446, 45.389249 ], [ -122.694831, 45.38707 ], [ -122.695056, 45.385673 ], [ -122.696922, 45.385479 ], [ -122.696278, 45.382926 ], [ -122.706964, 45.383118 ], [ -122.706729, 45.381386 ], [ -122.708577, 45.381962 ], [ -122.710129, 45.383499 ], [ -122.715034, 45.382595 ], [ -122.721413, 45.382614 ], [ -122.720055, 45.385078 ] ] ] ] } },
{ "type": "Feature", "properties": { "zipcode": "97203", "approval_t": "Average bus approval score", "calculation": 4.1190476190476186 }, "geometry": { "type": "MultiPolygon", "coordinates": [ [ [ [ -122.791065, 45.626451 ], [ -122.790567, 45.628146 ], [ -122.790115, 45.632735 ], [ -122.782765, 45.639 ], [ -122.769215, 45.648806 ], [ -122.763775, 45.654424 ], [ -122.762599, 45.653647 ], [ -122.743446, 45.638342 ], [ -122.743589, 45.637068 ], [ -122.743664, 45.636403 ], [ -122.752117, 45.636483 ], [ -122.739771, 45.629977 ], [ -122.741623, 45.628323 ], [ -122.744959, 45.630108 ], [ -122.746184, 45.629281 ], [ -122.750532, 45.629355 ], [ -122.756835, 45.632826 ], [ -122.75748, 45.63366 ], [ -122.756403, 45.636443 ], [ -122.761504, 45.636266 ], [ -122.759463, 45.63215 ], [ -122.761039, 45.627638 ], [ -122.760965, 45.625926 ], [ -122.759234, 45.62204 ], [ -122.761458, 45.620052 ], [ -122.75907, 45.617994 ], [ -122.760902, 45.617113 ], [ -122.762461, 45.615357 ], [ -122.754471, 45.610611 ], [ -122.749559, 45.609291 ], [ -122.746279, 45.607583 ], [ -122.740916, 45.60703 ], [ -122.736455, 45.604031 ], [ -122.730415, 45.603283 ], [ -122.725785, 45.601293 ], [ -122.721519, 45.601022 ], [ -122.719197, 45.600059 ], [ -122.724111, 45.595993 ], [ -122.712322, 45.593024 ], [ -122.705408, 45.59104 ], [ -122.705415, 45.59018 ], [ -122.707908, 45.590809 ], [ -122.707917, 45.587833 ], [ -122.705426, 45.587823 ], [ -122.7086, 45.583608 ], [ -122.708612, 45.580821 ], [ -122.712392, 45.580826 ], [ -122.712394, 45.578192 ], [ -122.708959, 45.578225 ], [ -122.708177, 45.574982 ], [ -122.714262, 45.5753 ], [ -122.718534, 45.574564 ], [ -122.72201, 45.573092 ], [ -122.724103, 45.571624 ], [ -122.72323, 45.571256 ], [ -122.730522, 45.564932 ], [ -122.736197, 45.568535 ], [ -122.737594, 45.571535 ], [ -122.738774, 45.57201 ], [ -122.747077, 45.576997 ], [ -122.756377, 45.581082 ], [ -122.764308, 45.585316 ], [ -122.771838, 45.591807 ], [ -122.77846, 45.599491 ], [ -122.788341, 45.614874 ], [ -122.790063, 45.616892 ], [ -122.79101, 45.620025 ], [ -122.791065, 45.626451 ] ] ] ] } },
{ "type": "Feature", "properties": { "zipcode": "97203", "approval_t": "Average MAX approval score", "calculation": 3.81 }, "geometry": { "type": "MultiPolygon", "coordinates": [ [ [ [ -122.791065, 45.626451 ], [ -122.790567, 45.628146 ], [ -122.790115, 45.632735 ], [ -122.782765, 45.639 ], [ -122.769215, 45.648806 ], [ -122.763775, 45.654424 ], [ -122.762599, 45.653647 ], [ -122.743446, 45.638342 ], [ -122.743589, 45.637068 ], [ -122.743664, 45.636403 ], [ -122.752117, 45.636483 ], [ -122.739771, 45.629977 ], [ -122.741623, 45.628323 ], [ -122.744959, 45.630108 ], [ -122.746184, 45.629281 ], [ -122.750532, 45.629355 ], [ -122.756835, 45.632826 ], [ -122.75748, 45.63366 ], [ -122.756403, 45.636443 ], [ -122.761504, 45.636266 ], [ -122.759463, 45.63215 ], [ -122.761039, 45.627638 ], [ -122.760965, 45.625926 ], [ -122.759234, 45.62204 ], [ -122.761458, 45.620052 ], [ -122.75907, 45.617994 ], [ -122.760902, 45.617113 ], [ -122.762461, 45.615357 ], [ -122.754471, 45.610611 ], [ -122.749559, 45.609291 ], [ -122.746279, 45.607583 ], [ -122.740916, 45.60703 ], [ -122.736455, 45.604031 ], [ -122.730415, 45.603283 ], [ -122.725785, 45.601293 ], [ -122.721519, 45.601022 ], [ -122.719197, 45.600059 ], [ -122.724111, 45.595993 ], [ -122.712322, 45.593024 ], [ -122.705408, 45.59104 ], [ -122.705415, 45.59018 ], [ -122.707908, 45.590809 ], [ -122.707917, 45.587833 ], [ -122.705426, 45.587823 ], [ -122.7086, 45.583608 ], [ -122.708612, 45.580821 ], [ -122.712392, 45.580826 ], [ -122.712394, 45.578192 ], [ -122.708959, 45.578225 ], [ -122.708177, 45.574982 ], [ -122.714262, 45.5753 ], [ -122.718534, 45.574564 ], [ -122.72201, 45.573092 ], [ -122.724103, 45.571624 ], [ -122.72323, 45.571256 ], [ -122.730522, 45.564932 ], [ -122.736197, 45.568535 ], [ -122.737594, 45.571535 ], [ -122.738774, 45.57201 ], [ -122.747077, 45.576997 ], [ -122.756377, 45.581082 ], [ -122.764308, 45.585316 ], [ -122.771838, 45.591807 ], [ -122.77846, 45.599491 ], [ -122.788341, 45.614874 ], [ -122.790063, 45.616892 ], [ -122.79101, 45.620025 ], [ -122.791065, 45.626451 ] ] ] ] } },
{ "type": "Feature", "properties": { "zipcode": "97223", "approval_t": "Average bus approval score", "calculation": 3.84375 }, "geometry": { "type": "MultiPolygon", "coordinates": [ [ [ [ -122.853466, 45.426371 ], [ -122.848518, 45.426873 ], [ -122.846198, 45.427713 ], [ -122.84402, 45.426789 ], [ -122.835014, 45.426605 ], [ -122.833073, 45.428164 ], [ -122.82926, 45.429814 ], [ -122.827786, 45.429558 ], [ -122.825609, 45.431056 ], [ -122.818323, 45.439032 ], [ -122.816966, 45.441103 ], [ -122.810537, 45.442875 ], [ -122.805352, 45.443693 ], [ -122.801353, 45.444018 ], [ -122.793568, 45.445774 ], [ -122.787969, 45.448074 ], [ -122.78661, 45.449157 ], [ -122.786076, 45.449717 ], [ -122.786395, 45.450121 ], [ -122.785778, 45.450696 ], [ -122.785016, 45.452132 ], [ -122.784936, 45.453413 ], [ -122.785101, 45.457369 ], [ -122.786602, 45.4581 ], [ -122.786577, 45.458641 ], [ -122.784507, 45.457785 ], [ -122.784423, 45.451477 ], [ -122.78378, 45.454108 ], [ -122.782441, 45.456836 ], [ -122.779575, 45.46208 ], [ -122.774258, 45.462012 ], [ -122.773886, 45.467007 ], [ -122.771314, 45.466427 ], [ -122.773475, 45.467635 ], [ -122.772888, 45.469469 ], [ -122.773876, 45.47196 ], [ -122.773069, 45.47249 ], [ -122.772005, 45.476254 ], [ -122.770892, 45.476636 ], [ -122.765153, 45.47661 ], [ -122.762635, 45.479508 ], [ -122.761228, 45.480332 ], [ -122.759632, 45.477878 ], [ -122.756069, 45.478667 ], [ -122.753869, 45.478071 ], [ -122.749996, 45.478783 ], [ -122.749297, 45.480805 ], [ -122.748882, 45.479161 ], [ -122.750272, 45.478275 ], [ -122.750259, 45.476703 ], [ -122.745729, 45.476464 ], [ -122.74544, 45.477398 ], [ -122.743671, 45.476442 ], [ -122.743626, 45.476439 ], [ -122.743667, 45.458486 ], [ -122.745197, 45.458493 ], [ -122.743665, 45.45815 ], [ -122.743649, 45.454892 ], [ -122.743713, 45.438377 ], [ -122.744065, 45.433283 ], [ -122.743991, 45.426023 ], [ -122.744029, 45.415311 ], [ -122.749067, 45.415237 ], [ -122.749046, 45.418222 ], [ -122.754137, 45.418194 ], [ -122.76292, 45.424951 ], [ -122.76253, 45.42425 ], [ -122.756017, 45.419328 ], [ -122.756236, 45.418357 ], [ -122.753782, 45.415172 ], [ -122.756911, 45.417093 ], [ -122.7561, 45.417694 ], [ -122.757813, 45.418792 ], [ -122.763652, 45.418706 ], [ -122.766374, 45.419896 ], [ -122.775556, 45.419723 ], [ -122.777537, 45.418742 ], [ -122.787243, 45.41868 ], [ -122.788052, 45.417861 ], [ -122.789402, 45.418707 ], [ -122.801258, 45.418633 ], [ -122.805611, 45.418827 ], [ -122.809256, 45.417556 ], [ -122.809481, 45.414257 ], [ -122.81022, 45.414264 ], [ -122.810223, 45.416021 ], [ -122.812804, 45.415713 ], [ -122.812894, 45.417589 ], [ -122.811082, 45.417594 ], [ -122.810991, 45.418625 ], [ -122.81853, 45.41871 ], [ -122.820218, 45.418211 ], [ -122.826431, 45.41819 ], [ -122.826416, 45.419889 ], [ -122.832338, 45.419408 ], [ -122.83648, 45.419375 ], [ -122.836459, 45.420191 ], [ -122.838809, 45.420442 ], [ -122.839673, 45.41749 ], [ -122.845031, 45.416543 ], [ -122.846216, 45.419419 ], [ -122.848342, 45.419396 ], [ -122.848519, 45.421058 ], [ -122.851847, 45.421032 ], [ -122.853146, 45.423341 ], [ -122.853466, 45.426371 ] ] ] ] } },
{ "type": "Feature", "properties": { "zipcode": "97223", "approval_t": "Average MAX approval score", "calculation": 4.0941176470588232 }, "geometry": { "type": "MultiPolygon", "coordinates": [ [ [ [ -122.853466, 45.426371 ], [ -122.848518, 45.426873 ], [ -122.846198, 45.427713 ], [ -122.84402, 45.426789 ], [ -122.835014, 45.426605 ], [ -122.833073, 45.428164 ], [ -122.82926, 45.429814 ], [ -122.827786, 45.429558 ], [ -122.825609, 45.431056 ], [ -122.818323, 45.439032 ], [ -122.816966, 45.441103 ], [ -122.810537, 45.442875 ], [ -122.805352, 45.443693 ], [ -122.801353, 45.444018 ], [ -122.793568, 45.445774 ], [ -122.787969, 45.448074 ], [ -122.78661, 45.449157 ], [ -122.786076, 45.449717 ], [ -122.786395, 45.450121 ], [ -122.785778, 45.450696 ], [ -122.785016, 45.452132 ], [ -122.784936, 45.453413 ], [ -122.785101, 45.457369 ], [ -122.786602, 45.4581 ], [ -122.786577, 45.458641 ], [ -122.784507, 45.457785 ], [ -122.784423, 45.451477 ], [ -122.78378, 45.454108 ], [ -122.782441, 45.456836 ], [ -122.779575, 45.46208 ], [ -122.774258, 45.462012 ], [ -122.773886, 45.467007 ], [ -122.771314, 45.466427 ], [ -122.773475, 45.467635 ], [ -122.772888, 45.469469 ], [ -122.773876, 45.47196 ], [ -122.773069, 45.47249 ], [ -122.772005, 45.476254 ], [ -122.770892, 45.476636 ], [ -122.765153, 45.47661 ], [ -122.762635, 45.479508 ], [ -122.761228, 45.480332 ], [ -122.759632, 45.477878 ], [ -122.756069, 45.478667 ], [ -122.753869, 45.478071 ], [ -122.749996, 45.478783 ], [ -122.749297, 45.480805 ], [ -122.748882, 45.479161 ], [ -122.750272, 45.478275 ], [ -122.750259, 45.476703 ], [ -122.745729, 45.476464 ], [ -122.74544, 45.477398 ], [ -122.743671, 45.476442 ], [ -122.743626, 45.476439 ], [ -122.743667, 45.458486 ], [ -122.745197, 45.458493 ], [ -122.743665, 45.45815 ], [ -122.743649, 45.454892 ], [ -122.743713, 45.438377 ], [ -122.744065, 45.433283 ], [ -122.743991, 45.426023 ], [ -122.744029, 45.415311 ], [ -122.749067, 45.415237 ], [ -122.749046, 45.418222 ], [ -122.754137, 45.418194 ], [ -122.76292, 45.424951 ], [ -122.76253, 45.42425 ], [ -122.756017, 45.419328 ], [ -122.756236, 45.418357 ], [ -122.753782, 45.415172 ], [ -122.756911, 45.417093 ], [ -122.7561, 45.417694 ], [ -122.757813, 45.418792 ], [ -122.763652, 45.418706 ], [ -122.766374, 45.419896 ], [ -122.775556, 45.419723 ], [ -122.777537, 45.418742 ], [ -122.787243, 45.41868 ], [ -122.788052, 45.417861 ], [ -122.789402, 45.418707 ], [ -122.801258, 45.418633 ], [ -122.805611, 45.418827 ], [ -122.809256, 45.417556 ], [ -122.809481, 45.414257 ], [ -122.81022, 45.414264 ], [ -122.810223, 45.416021 ], [ -122.812804, 45.415713 ], [ -122.812894, 45.417589 ], [ -122.811082, 45.417594 ], [ -122.810991, 45.418625 ], [ -122.81853, 45.41871 ], [ -122.820218, 45.418211 ], [ -122.826431, 45.41819 ], [ -122.826416, 45.419889 ], [ -122.832338, 45.419408 ], [ -122.83648, 45.419375 ], [ -122.836459, 45.420191 ], [ -122.838809, 45.420442 ], [ -122.839673, 45.41749 ], [ -122.845031, 45.416543 ], [ -122.846216, 45.419419 ], [ -122.848342, 45.419396 ], [ -122.848519, 45.421058 ], [ -122.851847, 45.421032 ], [ -122.853146, 45.423341 ], [ -122.853466, 45.426371 ] ] ] ] } },
{ "type": "Feature", "properties": { "zipcode": "97210", "approval_t": "Average bus approval score", "calculation": 3.9761904761904763 }, "geometry": { "type": "MultiPolygon", "coordinates": [ [ [ [ -122.770411, 45.565031 ], [ -122.767516, 45.56652 ], [ -122.76727, 45.567477 ], [ -122.763345, 45.569352 ], [ -122.766914, 45.568221 ], [ -122.769279, 45.566844 ], [ -122.768949, 45.569668 ], [ -122.765747, 45.572612 ], [ -122.7594, 45.575079 ], [ -122.768033, 45.583542 ], [ -122.764308, 45.585316 ], [ -122.756377, 45.581082 ], [ -122.747077, 45.576997 ], [ -122.738774, 45.57201 ], [ -122.737594, 45.571535 ], [ -122.736197, 45.568535 ], [ -122.730522, 45.564932 ], [ -122.722695, 45.560297 ], [ -122.7169, 45.557408 ], [ -122.702642, 45.552166 ], [ -122.697985, 45.550291 ], [ -122.692003, 45.544869 ], [ -122.696076, 45.541682 ], [ -122.692338, 45.539038 ], [ -122.694897, 45.539131 ], [ -122.69478, 45.536724 ], [ -122.693136, 45.536066 ], [ -122.696854, 45.537032 ], [ -122.6968, 45.53553 ], [ -122.694711, 45.534141 ], [ -122.69429, 45.523215 ], [ -122.703335, 45.5242 ], [ -122.70829, 45.523825 ], [ -122.719839, 45.521386 ], [ -122.720892, 45.520439 ], [ -122.722672, 45.519031 ], [ -122.726961, 45.519803 ], [ -122.728634, 45.519438 ], [ -122.730944, 45.518659 ], [ -122.73716, 45.519554 ], [ -122.741318, 45.51829 ], [ -122.743859, 45.516665 ], [ -122.74583, 45.515958 ], [ -122.74897, 45.516188 ], [ -122.747321, 45.517232 ], [ -122.746926, 45.518996 ], [ -122.748381, 45.519517 ], [ -122.743862, 45.519509 ], [ -122.743846, 45.521277 ], [ -122.746693, 45.525078 ], [ -122.747136, 45.525441 ], [ -122.746705, 45.526864 ], [ -122.743808, 45.526694 ], [ -122.743766, 45.533825 ], [ -122.746102, 45.533847 ], [ -122.744144, 45.534614 ], [ -122.741193, 45.534759 ], [ -122.739373, 45.537438 ], [ -122.740645, 45.539412 ], [ -122.74454, 45.541372 ], [ -122.749023, 45.542258 ], [ -122.748766, 45.544193 ], [ -122.747075, 45.544294 ], [ -122.745087, 45.545992 ], [ -122.745066, 45.547673 ], [ -122.743701, 45.547627 ], [ -122.745451, 45.549757 ], [ -122.746477, 45.552176 ], [ -122.749255, 45.554063 ], [ -122.748868, 45.557273 ], [ -122.752182, 45.553682 ], [ -122.75318, 45.553003 ], [ -122.752816, 45.556604 ], [ -122.754885, 45.556185 ], [ -122.75719, 45.554589 ], [ -122.755723, 45.557396 ], [ -122.757708, 45.558089 ], [ -122.760991, 45.557762 ], [ -122.760594, 45.558622 ], [ -122.763577, 45.558873 ], [ -122.760256, 45.560296 ], [ -122.760492, 45.561834 ], [ -122.762242, 45.56121 ], [ -122.76311, 45.561951 ], [ -122.765322, 45.561442 ], [ -122.772113, 45.562938 ], [ -122.770411, 45.565031 ] ] ] ] } },
{ "type": "Feature", "properties": { "zipcode": "97210", "approval_t": "Average MAX approval score", "calculation": 3.6153846153846154 }, "geometry": { "type": "MultiPolygon", "coordinates": [ [ [ [ -122.770411, 45.565031 ], [ -122.767516, 45.56652 ], [ -122.76727, 45.567477 ], [ -122.763345, 45.569352 ], [ -122.766914, 45.568221 ], [ -122.769279, 45.566844 ], [ -122.768949, 45.569668 ], [ -122.765747, 45.572612 ], [ -122.7594, 45.575079 ], [ -122.768033, 45.583542 ], [ -122.764308, 45.585316 ], [ -122.756377, 45.581082 ], [ -122.747077, 45.576997 ], [ -122.738774, 45.57201 ], [ -122.737594, 45.571535 ], [ -122.736197, 45.568535 ], [ -122.730522, 45.564932 ], [ -122.722695, 45.560297 ], [ -122.7169, 45.557408 ], [ -122.702642, 45.552166 ], [ -122.697985, 45.550291 ], [ -122.692003, 45.544869 ], [ -122.696076, 45.541682 ], [ -122.692338, 45.539038 ], [ -122.694897, 45.539131 ], [ -122.69478, 45.536724 ], [ -122.693136, 45.536066 ], [ -122.696854, 45.537032 ], [ -122.6968, 45.53553 ], [ -122.694711, 45.534141 ], [ -122.69429, 45.523215 ], [ -122.703335, 45.5242 ], [ -122.70829, 45.523825 ], [ -122.719839, 45.521386 ], [ -122.720892, 45.520439 ], [ -122.722672, 45.519031 ], [ -122.726961, 45.519803 ], [ -122.728634, 45.519438 ], [ -122.730944, 45.518659 ], [ -122.73716, 45.519554 ], [ -122.741318, 45.51829 ], [ -122.743859, 45.516665 ], [ -122.74583, 45.515958 ], [ -122.74897, 45.516188 ], [ -122.747321, 45.517232 ], [ -122.746926, 45.518996 ], [ -122.748381, 45.519517 ], [ -122.743862, 45.519509 ], [ -122.743846, 45.521277 ], [ -122.746693, 45.525078 ], [ -122.747136, 45.525441 ], [ -122.746705, 45.526864 ], [ -122.743808, 45.526694 ], [ -122.743766, 45.533825 ], [ -122.746102, 45.533847 ], [ -122.744144, 45.534614 ], [ -122.741193, 45.534759 ], [ -122.739373, 45.537438 ], [ -122.740645, 45.539412 ], [ -122.74454, 45.541372 ], [ -122.749023, 45.542258 ], [ -122.748766, 45.544193 ], [ -122.747075, 45.544294 ], [ -122.745087, 45.545992 ], [ -122.745066, 45.547673 ], [ -122.743701, 45.547627 ], [ -122.745451, 45.549757 ], [ -122.746477, 45.552176 ], [ -122.749255, 45.554063 ], [ -122.748868, 45.557273 ], [ -122.752182, 45.553682 ], [ -122.75318, 45.553003 ], [ -122.752816, 45.556604 ], [ -122.754885, 45.556185 ], [ -122.75719, 45.554589 ], [ -122.755723, 45.557396 ], [ -122.757708, 45.558089 ], [ -122.760991, 45.557762 ], [ -122.760594, 45.558622 ], [ -122.763577, 45.558873 ], [ -122.760256, 45.560296 ], [ -122.760492, 45.561834 ], [ -122.762242, 45.56121 ], [ -122.76311, 45.561951 ], [ -122.765322, 45.561442 ], [ -122.772113, 45.562938 ], [ -122.770411, 45.565031 ] ] ] ] } },
{ "type": "Feature", "properties": { "zipcode": "97015", "approval_t": "Average bus approval score", "calculation": 3.6666666666666665 }, "geometry": { "type": "MultiPolygon", "coordinates": [ [ [ [ -122.579253, 45.433196 ], [ -122.566455, 45.4333 ], [ -122.566943, 45.438381 ], [ -122.565878, 45.436133 ], [ -122.558825, 45.436073 ], [ -122.558793, 45.435134 ], [ -122.55665, 45.435129 ], [ -122.555319, 45.433657 ], [ -122.552474, 45.433748 ], [ -122.547371, 45.433211 ], [ -122.544749, 45.432271 ], [ -122.536096, 45.427912 ], [ -122.524032, 45.426162 ], [ -122.521271, 45.424926 ], [ -122.509699, 45.424863 ], [ -122.507139, 45.425269 ], [ -122.50363, 45.42666 ], [ -122.492758, 45.427229 ], [ -122.49102, 45.42717 ], [ -122.485745, 45.426259 ], [ -122.483829, 45.425853 ], [ -122.484692, 45.424873 ], [ -122.484078, 45.420053 ], [ -122.480507, 45.420011 ], [ -122.479864, 45.417498 ], [ -122.479823, 45.410857 ], [ -122.483375, 45.4118 ], [ -122.485659, 45.411922 ], [ -122.489125, 45.410362 ], [ -122.49822, 45.4102 ], [ -122.500271, 45.408724 ], [ -122.501883, 45.408394 ], [ -122.506406, 45.409932 ], [ -122.506134, 45.411163 ], [ -122.505196, 45.413055 ], [ -122.5037, 45.413319 ], [ -122.502625, 45.414188 ], [ -122.502861, 45.41445 ], [ -122.50306, 45.413997 ], [ -122.504854, 45.41438 ], [ -122.507763, 45.411032 ], [ -122.507892, 45.409733 ], [ -122.506409, 45.409733 ], [ -122.509346, 45.408394 ], [ -122.513245, 45.409065 ], [ -122.513788, 45.409314 ], [ -122.516899, 45.409142 ], [ -122.518517, 45.406498 ], [ -122.523048, 45.402142 ], [ -122.524132, 45.398106 ], [ -122.52449, 45.395046 ], [ -122.530052, 45.393833 ], [ -122.536194, 45.39389 ], [ -122.5345, 45.393198 ], [ -122.536835, 45.393417 ], [ -122.537865, 45.393478 ], [ -122.538033, 45.393467 ], [ -122.538963, 45.393047 ], [ -122.540657, 45.393719 ], [ -122.541625, 45.393993 ], [ -122.54274, 45.39431 ], [ -122.543793, 45.394661 ], [ -122.544235, 45.394855 ], [ -122.545097, 45.395348 ], [ -122.546786, 45.397129 ], [ -122.547324, 45.39763 ], [ -122.549171, 45.397911 ], [ -122.55278, 45.400089 ], [ -122.554832, 45.400127 ], [ -122.557281, 45.397732 ], [ -122.561768, 45.396385 ], [ -122.571079, 45.3914 ], [ -122.575338, 45.391334 ], [ -122.573489, 45.395349 ], [ -122.57584, 45.393211 ], [ -122.573975, 45.397787 ], [ -122.572393, 45.401916 ], [ -122.577074, 45.402741 ], [ -122.576376, 45.40541 ], [ -122.5772, 45.406409 ], [ -122.576121, 45.407194 ], [ -122.578391, 45.407194 ], [ -122.577866, 45.410691 ], [ -122.57586, 45.410669 ], [ -122.576911, 45.412626 ], [ -122.573521, 45.41351 ], [ -122.577203, 45.424081 ], [ -122.579185, 45.430866 ], [ -122.579235, 45.432535 ], [ -122.579253, 45.433196 ] ] ] ] } },
{ "type": "Feature", "properties": { "zipcode": "97015", "approval_t": "Average MAX approval score", "calculation": 3.7586206896551726 }, "geometry": { "type": "MultiPolygon", "coordinates": [ [ [ [ -122.579253, 45.433196 ], [ -122.566455, 45.4333 ], [ -122.566943, 45.438381 ], [ -122.565878, 45.436133 ], [ -122.558825, 45.436073 ], [ -122.558793, 45.435134 ], [ -122.55665, 45.435129 ], [ -122.555319, 45.433657 ], [ -122.552474, 45.433748 ], [ -122.547371, 45.433211 ], [ -122.544749, 45.432271 ], [ -122.536096, 45.427912 ], [ -122.524032, 45.426162 ], [ -122.521271, 45.424926 ], [ -122.509699, 45.424863 ], [ -122.507139, 45.425269 ], [ -122.50363, 45.42666 ], [ -122.492758, 45.427229 ], [ -122.49102, 45.42717 ], [ -122.485745, 45.426259 ], [ -122.483829, 45.425853 ], [ -122.484692, 45.424873 ], [ -122.484078, 45.420053 ], [ -122.480507, 45.420011 ], [ -122.479864, 45.417498 ], [ -122.479823, 45.410857 ], [ -122.483375, 45.4118 ], [ -122.485659, 45.411922 ], [ -122.489125, 45.410362 ], [ -122.49822, 45.4102 ], [ -122.500271, 45.408724 ], [ -122.501883, 45.408394 ], [ -122.506406, 45.409932 ], [ -122.506134, 45.411163 ], [ -122.505196, 45.413055 ], [ -122.5037, 45.413319 ], [ -122.502625, 45.414188 ], [ -122.502861, 45.41445 ], [ -122.50306, 45.413997 ], [ -122.504854, 45.41438 ], [ -122.507763, 45.411032 ], [ -122.507892, 45.409733 ], [ -122.506409, 45.409733 ], [ -122.509346, 45.408394 ], [ -122.513245, 45.409065 ], [ -122.513788, 45.409314 ], [ -122.516899, 45.409142 ], [ -122.518517, 45.406498 ], [ -122.523048, 45.402142 ], [ -122.524132, 45.398106 ], [ -122.52449, 45.395046 ], [ -122.530052, 45.393833 ], [ -122.536194, 45.39389 ], [ -122.5345, 45.393198 ], [ -122.536835, 45.393417 ], [ -122.537865, 45.393478 ], [ -122.538033, 45.393467 ], [ -122.538963, 45.393047 ], [ -122.540657, 45.393719 ], [ -122.541625, 45.393993 ], [ -122.54274, 45.39431 ], [ -122.543793, 45.394661 ], [ -122.544235, 45.394855 ], [ -122.545097, 45.395348 ], [ -122.546786, 45.397129 ], [ -122.547324, 45.39763 ], [ -122.549171, 45.397911 ], [ -122.55278, 45.400089 ], [ -122.554832, 45.400127 ], [ -122.557281, 45.397732 ], [ -122.561768, 45.396385 ], [ -122.571079, 45.3914 ], [ -122.575338, 45.391334 ], [ -122.573489, 45.395349 ], [ -122.57584, 45.393211 ], [ -122.573975, 45.397787 ], [ -122.572393, 45.401916 ], [ -122.577074, 45.402741 ], [ -122.576376, 45.40541 ], [ -122.5772, 45.406409 ], [ -122.576121, 45.407194 ], [ -122.578391, 45.407194 ], [ -122.577866, 45.410691 ], [ -122.57586, 45.410669 ], [ -122.576911, 45.412626 ], [ -122.573521, 45.41351 ], [ -122.577203, 45.424081 ], [ -122.579185, 45.430866 ], [ -122.579235, 45.432535 ], [ -122.579253, 45.433196 ] ] ] ] } },
{ "type": "Feature", "properties": { "zipcode": "97201", "approval_t": "Average bus approval score", "calculation": 3.9900990099009901 }, "geometry": { "type": "MultiPolygon", "coordinates": [ [ [ [ -122.719351, 45.507349 ], [ -122.71496, 45.506576 ], [ -122.711017, 45.507105 ], [ -122.709016, 45.508079 ], [ -122.706733, 45.510907 ], [ -122.70242, 45.513001 ], [ -122.699572, 45.516206 ], [ -122.700208, 45.518136 ], [ -122.699638, 45.51934 ], [ -122.691373, 45.517758 ], [ -122.690423, 45.519939 ], [ -122.687118, 45.519065 ], [ -122.687917, 45.516973 ], [ -122.681792, 45.515349 ], [ -122.674502, 45.51354 ], [ -122.670417, 45.51307 ], [ -122.668563, 45.508276 ], [ -122.665115, 45.50293 ], [ -122.665103, 45.501184 ], [ -122.675244, 45.500389 ], [ -122.682566, 45.499218 ], [ -122.684232, 45.498216 ], [ -122.68652, 45.498091 ], [ -122.683882, 45.500561 ], [ -122.684444, 45.502233 ], [ -122.686599, 45.501607 ], [ -122.691934, 45.502762 ], [ -122.694377, 45.501455 ], [ -122.695621, 45.49861 ], [ -122.698766, 45.498608 ], [ -122.701157, 45.500362 ], [ -122.702512, 45.499537 ], [ -122.707617, 45.501136 ], [ -122.710272, 45.50092 ], [ -122.713216, 45.502181 ], [ -122.712983, 45.504784 ], [ -122.719351, 45.50494 ], [ -122.719351, 45.507349 ] ] ] ] } },
{ "type": "Feature", "properties": { "zipcode": "97201", "approval_t": "Average MAX approval score", "calculation": 3.9830508474576272 }, "geometry": { "type": "MultiPolygon", "coordinates": [ [ [ [ -122.719351, 45.507349 ], [ -122.71496, 45.506576 ], [ -122.711017, 45.507105 ], [ -122.709016, 45.508079 ], [ -122.706733, 45.510907 ], [ -122.70242, 45.513001 ], [ -122.699572, 45.516206 ], [ -122.700208, 45.518136 ], [ -122.699638, 45.51934 ], [ -122.691373, 45.517758 ], [ -122.690423, 45.519939 ], [ -122.687118, 45.519065 ], [ -122.687917, 45.516973 ], [ -122.681792, 45.515349 ], [ -122.674502, 45.51354 ], [ -122.670417, 45.51307 ], [ -122.668563, 45.508276 ], [ -122.665115, 45.50293 ], [ -122.665103, 45.501184 ], [ -122.675244, 45.500389 ], [ -122.682566, 45.499218 ], [ -122.684232, 45.498216 ], [ -122.68652, 45.498091 ], [ -122.683882, 45.500561 ], [ -122.684444, 45.502233 ], [ -122.686599, 45.501607 ], [ -122.691934, 45.502762 ], [ -122.694377, 45.501455 ], [ -122.695621, 45.49861 ], [ -122.698766, 45.498608 ], [ -122.701157, 45.500362 ], [ -122.702512, 45.499537 ], [ -122.707617, 45.501136 ], [ -122.710272, 45.50092 ], [ -122.713216, 45.502181 ], [ -122.712983, 45.504784 ], [ -122.719351, 45.50494 ], [ -122.719351, 45.507349 ] ] ] ] } },
{ "type": "Feature", "properties": { "zipcode": "97229", "approval_t": "Average bus approval score", "calculation": 3.883116883116883 }, "geometry": { "type": "MultiPolygon", "coordinates": [ [ [ [ -122.899194, 45.559036 ], [ -122.894028, 45.566338 ], [ -122.883182, 45.560319 ], [ -122.875228, 45.559121 ], [ -122.875323, 45.566363 ], [ -122.87194, 45.565659 ], [ -122.872032, 45.572073 ], [ -122.867631, 45.572064 ], [ -122.867598, 45.569861 ], [ -122.863994, 45.571793 ], [ -122.861487, 45.573973 ], [ -122.86005, 45.574007 ], [ -122.860231, 45.57529 ], [ -122.858419, 45.576143 ], [ -122.858256, 45.577572 ], [ -122.846978, 45.577516 ], [ -122.838845, 45.577482 ], [ -122.840697, 45.581047 ], [ -122.838028, 45.581807 ], [ -122.837068, 45.58055 ], [ -122.832663, 45.58103 ], [ -122.823652, 45.581035 ], [ -122.822471, 45.580185 ], [ -122.815831, 45.581103 ], [ -122.816594, 45.579401 ], [ -122.813548, 45.578762 ], [ -122.811436, 45.577556 ], [ -122.811681, 45.580429 ], [ -122.810056, 45.579613 ], [ -122.809456, 45.581106 ], [ -122.804497, 45.580408 ], [ -122.80181, 45.581083 ], [ -122.799193, 45.58317 ], [ -122.798337, 45.585667 ], [ -122.797165, 45.586991 ], [ -122.795356, 45.586795 ], [ -122.79064, 45.589684 ], [ -122.789238, 45.588317 ], [ -122.790849, 45.585681 ], [ -122.79007, 45.58476 ], [ -122.787639, 45.586305 ], [ -122.784747, 45.586808 ], [ -122.784561, 45.584703 ], [ -122.786882, 45.58429 ], [ -122.787903, 45.58298 ], [ -122.785799, 45.582449 ], [ -122.78661, 45.581065 ], [ -122.783087, 45.582805 ], [ -122.784765, 45.580746 ], [ -122.786266, 45.57728 ], [ -122.785135, 45.577278 ], [ -122.78471, 45.565539 ], [ -122.772113, 45.562938 ], [ -122.765322, 45.561442 ], [ -122.76311, 45.561951 ], [ -122.762242, 45.56121 ], [ -122.760492, 45.561834 ], [ -122.760256, 45.560296 ], [ -122.763577, 45.558873 ], [ -122.760594, 45.558622 ], [ -122.760991, 45.557762 ], [ -122.757708, 45.558089 ], [ -122.755723, 45.557396 ], [ -122.75719, 45.554589 ], [ -122.754885, 45.556185 ], [ -122.752816, 45.556604 ], [ -122.75318, 45.553003 ], [ -122.752182, 45.553682 ], [ -122.748868, 45.557273 ], [ -122.749255, 45.554063 ], [ -122.746477, 45.552176 ], [ -122.745451, 45.549757 ], [ -122.743701, 45.547627 ], [ -122.745066, 45.547673 ], [ -122.745087, 45.545992 ], [ -122.747075, 45.544294 ], [ -122.748766, 45.544193 ], [ -122.749023, 45.542258 ], [ -122.74454, 45.541372 ], [ -122.740645, 45.539412 ], [ -122.739373, 45.537438 ], [ -122.741193, 45.534759 ], [ -122.744144, 45.534614 ], [ -122.746102, 45.533847 ], [ -122.743766, 45.533825 ], [ -122.743808, 45.526694 ], [ -122.746705, 45.526864 ], [ -122.747136, 45.525441 ], [ -122.746693, 45.525078 ], [ -122.743846, 45.521277 ], [ -122.743862, 45.519509 ], [ -122.748381, 45.519517 ], [ -122.764464, 45.519562 ], [ -122.775116, 45.519592 ], [ -122.777601, 45.51867 ], [ -122.777367, 45.521787 ], [ -122.779053, 45.521693 ], [ -122.779336, 45.518893 ], [ -122.781257, 45.5196 ], [ -122.791115, 45.519705 ], [ -122.792229, 45.516322 ], [ -122.795458, 45.5171 ], [ -122.795448, 45.52141 ], [ -122.796154, 45.521461 ], [ -122.797731, 45.519762 ], [ -122.799732, 45.519051 ], [ -122.798962, 45.518266 ], [ -122.802765, 45.517415 ], [ -122.807544, 45.519295 ], [ -122.815711, 45.52239 ], [ -122.815971, 45.519959 ], [ -122.820266, 45.52002 ], [ -122.820521, 45.521451 ], [ -122.824742, 45.521428 ], [ -122.824318, 45.523208 ], [ -122.827658, 45.523236 ], [ -122.827623, 45.52478 ], [ -122.825373, 45.52469 ], [ -122.827585, 45.526438 ], [ -122.82777, 45.526738 ], [ -122.827796, 45.526953 ], [ -122.836763, 45.530479 ], [ -122.837367, 45.531148 ], [ -122.834913, 45.531864 ], [ -122.831253, 45.531866 ], [ -122.831253, 45.533219 ], [ -122.826277, 45.534261 ], [ -122.824453, 45.534217 ], [ -122.824497, 45.542768 ], [ -122.829315, 45.542598 ], [ -122.836188, 45.543411 ], [ -122.839414, 45.54477 ], [ -122.840292, 45.543949 ], [ -122.842642, 45.543687 ], [ -122.845499, 45.541414 ], [ -122.848162, 45.541561 ], [ -122.848345, 45.542499 ], [ -122.846361, 45.542548 ], [ -122.843693, 45.54354 ], [ -122.843344, 45.545078 ], [ -122.840886, 45.545847 ], [ -122.844753, 45.549195 ], [ -122.847824, 45.548919 ], [ -122.848202, 45.549959 ], [ -122.846457, 45.550497 ], [ -122.847454, 45.551259 ], [ -122.849163, 45.550766 ], [ -122.850887, 45.551856 ], [ -122.854629, 45.550533 ], [ -122.855997, 45.549131 ], [ -122.855939, 45.541977 ], [ -122.855379, 45.540946 ], [ -122.856065, 45.537673 ], [ -122.867553, 45.541975 ], [ -122.899232, 45.553965 ], [ -122.899194, 45.559036 ] ], [ [ -122.857313, 45.552336 ], [ -122.853663, 45.552114 ], [ -122.853389, 45.552545 ], [ -122.855339, 45.552781 ], [ -122.855159, 45.553859 ], [ -122.857271, 45.554056 ], [ -122.857313, 45.552336 ] ], [ [ -122.854629, 45.550533 ], [ -122.854351, 45.550872 ], [ -122.853935, 45.551654 ], [ -122.855909, 45.551781 ], [ -122.856814, 45.550988 ], [ -122.856831, 45.550098 ], [ -122.854867, 45.550644 ], [ -122.854629, 45.550533 ] ] ] ] } },
{ "type": "Feature", "properties": { "zipcode": "97229", "approval_t": "Average MAX approval score", "calculation": 4.0808080808080804 }, "geometry": { "type": "MultiPolygon", "coordinates": [ [ [ [ -122.899194, 45.559036 ], [ -122.894028, 45.566338 ], [ -122.883182, 45.560319 ], [ -122.875228, 45.559121 ], [ -122.875323, 45.566363 ], [ -122.87194, 45.565659 ], [ -122.872032, 45.572073 ], [ -122.867631, 45.572064 ], [ -122.867598, 45.569861 ], [ -122.863994, 45.571793 ], [ -122.861487, 45.573973 ], [ -122.86005, 45.574007 ], [ -122.860231, 45.57529 ], [ -122.858419, 45.576143 ], [ -122.858256, 45.577572 ], [ -122.846978, 45.577516 ], [ -122.838845, 45.577482 ], [ -122.840697, 45.581047 ], [ -122.838028, 45.581807 ], [ -122.837068, 45.58055 ], [ -122.832663, 45.58103 ], [ -122.823652, 45.581035 ], [ -122.822471, 45.580185 ], [ -122.815831, 45.581103 ], [ -122.816594, 45.579401 ], [ -122.813548, 45.578762 ], [ -122.811436, 45.577556 ], [ -122.811681, 45.580429 ], [ -122.810056, 45.579613 ], [ -122.809456, 45.581106 ], [ -122.804497, 45.580408 ], [ -122.80181, 45.581083 ], [ -122.799193, 45.58317 ], [ -122.798337, 45.585667 ], [ -122.797165, 45.586991 ], [ -122.795356, 45.586795 ], [ -122.79064, 45.589684 ], [ -122.789238, 45.588317 ], [ -122.790849, 45.585681 ], [ -122.79007, 45.58476 ], [ -122.787639, 45.586305 ], [ -122.784747, 45.586808 ], [ -122.784561, 45.584703 ], [ -122.786882, 45.58429 ], [ -122.787903, 45.58298 ], [ -122.785799, 45.582449 ], [ -122.78661, 45.581065 ], [ -122.783087, 45.582805 ], [ -122.784765, 45.580746 ], [ -122.786266, 45.57728 ], [ -122.785135, 45.577278 ], [ -122.78471, 45.565539 ], [ -122.772113, 45.562938 ], [ -122.765322, 45.561442 ], [ -122.76311, 45.561951 ], [ -122.762242, 45.56121 ], [ -122.760492, 45.561834 ], [ -122.760256, 45.560296 ], [ -122.763577, 45.558873 ], [ -122.760594, 45.558622 ], [ -122.760991, 45.557762 ], [ -122.757708, 45.558089 ], [ -122.755723, 45.557396 ], [ -122.75719, 45.554589 ], [ -122.754885, 45.556185 ], [ -122.752816, 45.556604 ], [ -122.75318, 45.553003 ], [ -122.752182, 45.553682 ], [ -122.748868, 45.557273 ], [ -122.749255, 45.554063 ], [ -122.746477, 45.552176 ], [ -122.745451, 45.549757 ], [ -122.743701, 45.547627 ], [ -122.745066, 45.547673 ], [ -122.745087, 45.545992 ], [ -122.747075, 45.544294 ], [ -122.748766, 45.544193 ], [ -122.749023, 45.542258 ], [ -122.74454, 45.541372 ], [ -122.740645, 45.539412 ], [ -122.739373, 45.537438 ], [ -122.741193, 45.534759 ], [ -122.744144, 45.534614 ], [ -122.746102, 45.533847 ], [ -122.743766, 45.533825 ], [ -122.743808, 45.526694 ], [ -122.746705, 45.526864 ], [ -122.747136, 45.525441 ], [ -122.746693, 45.525078 ], [ -122.743846, 45.521277 ], [ -122.743862, 45.519509 ], [ -122.748381, 45.519517 ], [ -122.764464, 45.519562 ], [ -122.775116, 45.519592 ], [ -122.777601, 45.51867 ], [ -122.777367, 45.521787 ], [ -122.779053, 45.521693 ], [ -122.779336, 45.518893 ], [ -122.781257, 45.5196 ], [ -122.791115, 45.519705 ], [ -122.792229, 45.516322 ], [ -122.795458, 45.5171 ], [ -122.795448, 45.52141 ], [ -122.796154, 45.521461 ], [ -122.797731, 45.519762 ], [ -122.799732, 45.519051 ], [ -122.798962, 45.518266 ], [ -122.802765, 45.517415 ], [ -122.807544, 45.519295 ], [ -122.815711, 45.52239 ], [ -122.815971, 45.519959 ], [ -122.820266, 45.52002 ], [ -122.820521, 45.521451 ], [ -122.824742, 45.521428 ], [ -122.824318, 45.523208 ], [ -122.827658, 45.523236 ], [ -122.827623, 45.52478 ], [ -122.825373, 45.52469 ], [ -122.827585, 45.526438 ], [ -122.82777, 45.526738 ], [ -122.827796, 45.526953 ], [ -122.836763, 45.530479 ], [ -122.837367, 45.531148 ], [ -122.834913, 45.531864 ], [ -122.831253, 45.531866 ], [ -122.831253, 45.533219 ], [ -122.826277, 45.534261 ], [ -122.824453, 45.534217 ], [ -122.824497, 45.542768 ], [ -122.829315, 45.542598 ], [ -122.836188, 45.543411 ], [ -122.839414, 45.54477 ], [ -122.840292, 45.543949 ], [ -122.842642, 45.543687 ], [ -122.845499, 45.541414 ], [ -122.848162, 45.541561 ], [ -122.848345, 45.542499 ], [ -122.846361, 45.542548 ], [ -122.843693, 45.54354 ], [ -122.843344, 45.545078 ], [ -122.840886, 45.545847 ], [ -122.844753, 45.549195 ], [ -122.847824, 45.548919 ], [ -122.848202, 45.549959 ], [ -122.846457, 45.550497 ], [ -122.847454, 45.551259 ], [ -122.849163, 45.550766 ], [ -122.850887, 45.551856 ], [ -122.854629, 45.550533 ], [ -122.855997, 45.549131 ], [ -122.855939, 45.541977 ], [ -122.855379, 45.540946 ], [ -122.856065, 45.537673 ], [ -122.867553, 45.541975 ], [ -122.899232, 45.553965 ], [ -122.899194, 45.559036 ] ], [ [ -122.857313, 45.552336 ], [ -122.853663, 45.552114 ], [ -122.853389, 45.552545 ], [ -122.855339, 45.552781 ], [ -122.855159, 45.553859 ], [ -122.857271, 45.554056 ], [ -122.857313, 45.552336 ] ], [ [ -122.854629, 45.550533 ], [ -122.854351, 45.550872 ], [ -122.853935, 45.551654 ], [ -122.855909, 45.551781 ], [ -122.856814, 45.550988 ], [ -122.856831, 45.550098 ], [ -122.854867, 45.550644 ], [ -122.854629, 45.550533 ] ] ] ] } },
{ "type": "Feature", "properties": { "zipcode": "97007", "approval_t": "Average bus approval score", "calculation": 3.9242424242424243 }, "geometry": { "type": "MultiPolygon", "coordinates": [ [ [ [ -122.946371, 45.450944 ], [ -122.942232, 45.453326 ], [ -122.932622, 45.453328 ], [ -122.933346, 45.456168 ], [ -122.933349, 45.46314 ], [ -122.936824, 45.463004 ], [ -122.933382, 45.467206 ], [ -122.93104, 45.471311 ], [ -122.931203, 45.47247 ], [ -122.926532, 45.472281 ], [ -122.924489, 45.472779 ], [ -122.921119, 45.475117 ], [ -122.919601, 45.475637 ], [ -122.918329, 45.478338 ], [ -122.932619, 45.478286 ], [ -122.934118, 45.482247 ], [ -122.93786, 45.486483 ], [ -122.932356, 45.487461 ], [ -122.928812, 45.489401 ], [ -122.923763, 45.49115 ], [ -122.923712, 45.48972 ], [ -122.919875, 45.490506 ], [ -122.919503, 45.492177 ], [ -122.912552, 45.490046 ], [ -122.912523, 45.49109 ], [ -122.915673, 45.491126 ], [ -122.915598, 45.49356 ], [ -122.912556, 45.493509 ], [ -122.912548, 45.494225 ], [ -122.915576, 45.494834 ], [ -122.915576, 45.49378 ], [ -122.918913, 45.49419 ], [ -122.918024, 45.496016 ], [ -122.914032, 45.49546 ], [ -122.91236, 45.49609 ], [ -122.912239, 45.498361 ], [ -122.902211, 45.497268 ], [ -122.901569, 45.497191 ], [ -122.89168, 45.49623 ], [ -122.867177, 45.493628 ], [ -122.86428, 45.493525 ], [ -122.851967, 45.492095 ], [ -122.838608, 45.490688 ], [ -122.828844, 45.489648 ], [ -122.826111, 45.489394 ], [ -122.826112, 45.485842 ], [ -122.826112, 45.481831 ], [ -122.829933, 45.481914 ], [ -122.829904, 45.481085 ], [ -122.829203, 45.481078 ], [ -122.8294, 45.479119 ], [ -122.826912, 45.479104 ], [ -122.826109, 45.478529 ], [ -122.826094, 45.476447 ], [ -122.828689, 45.474566 ], [ -122.826103, 45.473485 ], [ -122.825985, 45.462046 ], [ -122.825988, 45.447608 ], [ -122.829608, 45.447614 ], [ -122.829599, 45.446803 ], [ -122.828947, 45.446809 ], [ -122.828895, 45.445992 ], [ -122.827881, 45.445243 ], [ -122.825978, 45.444616 ], [ -122.825971, 45.43825 ], [ -122.816966, 45.441103 ], [ -122.818323, 45.439032 ], [ -122.825609, 45.431056 ], [ -122.827786, 45.429558 ], [ -122.82926, 45.429814 ], [ -122.833073, 45.428164 ], [ -122.835014, 45.426605 ], [ -122.84402, 45.426789 ], [ -122.846198, 45.427713 ], [ -122.848518, 45.426873 ], [ -122.853466, 45.426371 ], [ -122.856156, 45.425913 ], [ -122.858719, 45.425847 ], [ -122.858723, 45.420339 ], [ -122.862461, 45.4183 ], [ -122.864533, 45.413705 ], [ -122.867105, 45.410708 ], [ -122.866557, 45.408019 ], [ -122.874753, 45.406696 ], [ -122.876102, 45.406018 ], [ -122.880981, 45.401331 ], [ -122.883054, 45.399837 ], [ -122.887497, 45.397789 ], [ -122.890127, 45.396158 ], [ -122.892572, 45.396377 ], [ -122.89236, 45.398613 ], [ -122.893441, 45.399396 ], [ -122.895847, 45.398112 ], [ -122.898201, 45.398607 ], [ -122.900496, 45.397663 ], [ -122.900568, 45.396915 ], [ -122.89624, 45.39707 ], [ -122.894179, 45.396586 ], [ -122.894148, 45.395451 ], [ -122.897722, 45.395275 ], [ -122.899509, 45.393783 ], [ -122.903043, 45.395062 ], [ -122.90436, 45.397235 ], [ -122.905115, 45.401247 ], [ -122.902964, 45.401841 ], [ -122.897652, 45.401961 ], [ -122.892652, 45.401276 ], [ -122.892861, 45.403303 ], [ -122.895534, 45.40573 ], [ -122.895404, 45.40737 ], [ -122.897235, 45.408955 ], [ -122.90001, 45.409647 ], [ -122.903885, 45.41001 ], [ -122.90611, 45.409322 ], [ -122.906793, 45.40748 ], [ -122.907885, 45.407467 ], [ -122.911741, 45.409071 ], [ -122.910858, 45.410027 ], [ -122.911633, 45.410727 ], [ -122.91552, 45.411762 ], [ -122.91842, 45.411998 ], [ -122.920102, 45.412963 ], [ -122.920942, 45.414981 ], [ -122.920118, 45.416108 ], [ -122.917865, 45.421448 ], [ -122.914696, 45.422361 ], [ -122.906855, 45.420267 ], [ -122.903949, 45.425612 ], [ -122.905295, 45.427336 ], [ -122.904301, 45.428575 ], [ -122.904166, 45.434611 ], [ -122.907231, 45.434678 ], [ -122.915077, 45.436311 ], [ -122.922602, 45.438983 ], [ -122.925269, 45.440473 ], [ -122.929109, 45.443604 ], [ -122.930666, 45.443755 ], [ -122.929705, 45.446934 ], [ -122.931617, 45.44672 ], [ -122.947479, 45.448977 ], [ -122.946371, 45.450944 ] ] ] ] } },
{ "type": "Feature", "properties": { "zipcode": "97007", "approval_t": "Average MAX approval score", "calculation": 3.9078947368421053 }, "geometry": { "type": "MultiPolygon", "coordinates": [ [ [ [ -122.946371, 45.450944 ], [ -122.942232, 45.453326 ], [ -122.932622, 45.453328 ], [ -122.933346, 45.456168 ], [ -122.933349, 45.46314 ], [ -122.936824, 45.463004 ], [ -122.933382, 45.467206 ], [ -122.93104, 45.471311 ], [ -122.931203, 45.47247 ], [ -122.926532, 45.472281 ], [ -122.924489, 45.472779 ], [ -122.921119, 45.475117 ], [ -122.919601, 45.475637 ], [ -122.918329, 45.478338 ], [ -122.932619, 45.478286 ], [ -122.934118, 45.482247 ], [ -122.93786, 45.486483 ], [ -122.932356, 45.487461 ], [ -122.928812, 45.489401 ], [ -122.923763, 45.49115 ], [ -122.923712, 45.48972 ], [ -122.919875, 45.490506 ], [ -122.919503, 45.492177 ], [ -122.912552, 45.490046 ], [ -122.912523, 45.49109 ], [ -122.915673, 45.491126 ], [ -122.915598, 45.49356 ], [ -122.912556, 45.493509 ], [ -122.912548, 45.494225 ], [ -122.915576, 45.494834 ], [ -122.915576, 45.49378 ], [ -122.918913, 45.49419 ], [ -122.918024, 45.496016 ], [ -122.914032, 45.49546 ], [ -122.91236, 45.49609 ], [ -122.912239, 45.498361 ], [ -122.902211, 45.497268 ], [ -122.901569, 45.497191 ], [ -122.89168, 45.49623 ], [ -122.867177, 45.493628 ], [ -122.86428, 45.493525 ], [ -122.851967, 45.492095 ], [ -122.838608, 45.490688 ], [ -122.828844, 45.489648 ], [ -122.826111, 45.489394 ], [ -122.826112, 45.485842 ], [ -122.826112, 45.481831 ], [ -122.829933, 45.481914 ], [ -122.829904, 45.481085 ], [ -122.829203, 45.481078 ], [ -122.8294, 45.479119 ], [ -122.826912, 45.479104 ], [ -122.826109, 45.478529 ], [ -122.826094, 45.476447 ], [ -122.828689, 45.474566 ], [ -122.826103, 45.473485 ], [ -122.825985, 45.462046 ], [ -122.825988, 45.447608 ], [ -122.829608, 45.447614 ], [ -122.829599, 45.446803 ], [ -122.828947, 45.446809 ], [ -122.828895, 45.445992 ], [ -122.827881, 45.445243 ], [ -122.825978, 45.444616 ], [ -122.825971, 45.43825 ], [ -122.816966, 45.441103 ], [ -122.818323, 45.439032 ], [ -122.825609, 45.431056 ], [ -122.827786, 45.429558 ], [ -122.82926, 45.429814 ], [ -122.833073, 45.428164 ], [ -122.835014, 45.426605 ], [ -122.84402, 45.426789 ], [ -122.846198, 45.427713 ], [ -122.848518, 45.426873 ], [ -122.853466, 45.426371 ], [ -122.856156, 45.425913 ], [ -122.858719, 45.425847 ], [ -122.858723, 45.420339 ], [ -122.862461, 45.4183 ], [ -122.864533, 45.413705 ], [ -122.867105, 45.410708 ], [ -122.866557, 45.408019 ], [ -122.874753, 45.406696 ], [ -122.876102, 45.406018 ], [ -122.880981, 45.401331 ], [ -122.883054, 45.399837 ], [ -122.887497, 45.397789 ], [ -122.890127, 45.396158 ], [ -122.892572, 45.396377 ], [ -122.89236, 45.398613 ], [ -122.893441, 45.399396 ], [ -122.895847, 45.398112 ], [ -122.898201, 45.398607 ], [ -122.900496, 45.397663 ], [ -122.900568, 45.396915 ], [ -122.89624, 45.39707 ], [ -122.894179, 45.396586 ], [ -122.894148, 45.395451 ], [ -122.897722, 45.395275 ], [ -122.899509, 45.393783 ], [ -122.903043, 45.395062 ], [ -122.90436, 45.397235 ], [ -122.905115, 45.401247 ], [ -122.902964, 45.401841 ], [ -122.897652, 45.401961 ], [ -122.892652, 45.401276 ], [ -122.892861, 45.403303 ], [ -122.895534, 45.40573 ], [ -122.895404, 45.40737 ], [ -122.897235, 45.408955 ], [ -122.90001, 45.409647 ], [ -122.903885, 45.41001 ], [ -122.90611, 45.409322 ], [ -122.906793, 45.40748 ], [ -122.907885, 45.407467 ], [ -122.911741, 45.409071 ], [ -122.910858, 45.410027 ], [ -122.911633, 45.410727 ], [ -122.91552, 45.411762 ], [ -122.91842, 45.411998 ], [ -122.920102, 45.412963 ], [ -122.920942, 45.414981 ], [ -122.920118, 45.416108 ], [ -122.917865, 45.421448 ], [ -122.914696, 45.422361 ], [ -122.906855, 45.420267 ], [ -122.903949, 45.425612 ], [ -122.905295, 45.427336 ], [ -122.904301, 45.428575 ], [ -122.904166, 45.434611 ], [ -122.907231, 45.434678 ], [ -122.915077, 45.436311 ], [ -122.922602, 45.438983 ], [ -122.925269, 45.440473 ], [ -122.929109, 45.443604 ], [ -122.930666, 45.443755 ], [ -122.929705, 45.446934 ], [ -122.931617, 45.44672 ], [ -122.947479, 45.448977 ], [ -122.946371, 45.450944 ] ] ] ] } },
{ "type": "Feature", "properties": { "zipcode": "97086", "approval_t": "Average bus approval score", "calculation": 3.4242424242424243 }, "geometry": { "type": "MultiPolygon", "coordinates": [ [ [ [ -122.582587, 45.451821 ], [ -122.579024, 45.451798 ], [ -122.580196, 45.454277 ], [ -122.579079, 45.455264 ], [ -122.581134, 45.45527 ], [ -122.581109, 45.457042 ], [ -122.579083, 45.456947 ], [ -122.57905, 45.461518 ], [ -122.548002, 45.461045 ], [ -122.537618, 45.461353 ], [ -122.506773, 45.461249 ], [ -122.496748, 45.460982 ], [ -122.486584, 45.461132 ], [ -122.486541, 45.458805 ], [ -122.486139, 45.460461 ], [ -122.480678, 45.460515 ], [ -122.479906, 45.459536 ], [ -122.478663, 45.459168 ], [ -122.477303, 45.456191 ], [ -122.480978, 45.456177 ], [ -122.481374, 45.453253 ], [ -122.480013, 45.448918 ], [ -122.482535, 45.448879 ], [ -122.482532, 45.446578 ], [ -122.481126, 45.44658 ], [ -122.482297, 45.444351 ], [ -122.480196, 45.444359 ], [ -122.480222, 45.442671 ], [ -122.480266, 45.439868 ], [ -122.480609, 45.438033 ], [ -122.482744, 45.438015 ], [ -122.484694, 45.438001 ], [ -122.485639, 45.438474 ], [ -122.485754, 45.438455 ], [ -122.485771, 45.43582 ], [ -122.481616, 45.43584 ], [ -122.480499, 45.436086 ], [ -122.480356, 45.432046 ], [ -122.48382, 45.43202 ], [ -122.48384, 45.428655 ], [ -122.482391, 45.428653 ], [ -122.485758, 45.428539 ], [ -122.485745, 45.426259 ], [ -122.49102, 45.42717 ], [ -122.492758, 45.427229 ], [ -122.50363, 45.42666 ], [ -122.507139, 45.425269 ], [ -122.509699, 45.424863 ], [ -122.521271, 45.424926 ], [ -122.524032, 45.426162 ], [ -122.536096, 45.427912 ], [ -122.544749, 45.432271 ], [ -122.547371, 45.433211 ], [ -122.552474, 45.433748 ], [ -122.555319, 45.433657 ], [ -122.55665, 45.435129 ], [ -122.558793, 45.435134 ], [ -122.558825, 45.436073 ], [ -122.565878, 45.436133 ], [ -122.566943, 45.438381 ], [ -122.566455, 45.4333 ], [ -122.579253, 45.433196 ], [ -122.579235, 45.432535 ], [ -122.580656, 45.432534 ], [ -122.581192, 45.43626 ], [ -122.581284, 45.440988 ], [ -122.582363, 45.440901 ], [ -122.578899, 45.446965 ], [ -122.578931, 45.449398 ], [ -122.582547, 45.449422 ], [ -122.582587, 45.451821 ] ] ] ] } },
{ "type": "Feature", "properties": { "zipcode": "97086", "approval_t": "Average MAX approval score", "calculation": 3.2820512820512819 }, "geometry": { "type": "MultiPolygon", "coordinates": [ [ [ [ -122.582587, 45.451821 ], [ -122.579024, 45.451798 ], [ -122.580196, 45.454277 ], [ -122.579079, 45.455264 ], [ -122.581134, 45.45527 ], [ -122.581109, 45.457042 ], [ -122.579083, 45.456947 ], [ -122.57905, 45.461518 ], [ -122.548002, 45.461045 ], [ -122.537618, 45.461353 ], [ -122.506773, 45.461249 ], [ -122.496748, 45.460982 ], [ -122.486584, 45.461132 ], [ -122.486541, 45.458805 ], [ -122.486139, 45.460461 ], [ -122.480678, 45.460515 ], [ -122.479906, 45.459536 ], [ -122.478663, 45.459168 ], [ -122.477303, 45.456191 ], [ -122.480978, 45.456177 ], [ -122.481374, 45.453253 ], [ -122.480013, 45.448918 ], [ -122.482535, 45.448879 ], [ -122.482532, 45.446578 ], [ -122.481126, 45.44658 ], [ -122.482297, 45.444351 ], [ -122.480196, 45.444359 ], [ -122.480222, 45.442671 ], [ -122.480266, 45.439868 ], [ -122.480609, 45.438033 ], [ -122.482744, 45.438015 ], [ -122.484694, 45.438001 ], [ -122.485639, 45.438474 ], [ -122.485754, 45.438455 ], [ -122.485771, 45.43582 ], [ -122.481616, 45.43584 ], [ -122.480499, 45.436086 ], [ -122.480356, 45.432046 ], [ -122.48382, 45.43202 ], [ -122.48384, 45.428655 ], [ -122.482391, 45.428653 ], [ -122.485758, 45.428539 ], [ -122.485745, 45.426259 ], [ -122.49102, 45.42717 ], [ -122.492758, 45.427229 ], [ -122.50363, 45.42666 ], [ -122.507139, 45.425269 ], [ -122.509699, 45.424863 ], [ -122.521271, 45.424926 ], [ -122.524032, 45.426162 ], [ -122.536096, 45.427912 ], [ -122.544749, 45.432271 ], [ -122.547371, 45.433211 ], [ -122.552474, 45.433748 ], [ -122.555319, 45.433657 ], [ -122.55665, 45.435129 ], [ -122.558793, 45.435134 ], [ -122.558825, 45.436073 ], [ -122.565878, 45.436133 ], [ -122.566943, 45.438381 ], [ -122.566455, 45.4333 ], [ -122.579253, 45.433196 ], [ -122.579235, 45.432535 ], [ -122.580656, 45.432534 ], [ -122.581192, 45.43626 ], [ -122.581284, 45.440988 ], [ -122.582363, 45.440901 ], [ -122.578899, 45.446965 ], [ -122.578931, 45.449398 ], [ -122.582547, 45.449422 ], [ -122.582587, 45.451821 ] ] ] ] } },
{ "type": "Feature", "properties": { "zipcode": "97231", "approval_t": "Average bus approval score", "calculation": 3.2857142857142856 }, "geometry": { "type": "MultiPolygon", "coordinates": [ [ [ [ -122.929103, 45.653055 ], [ -122.927075, 45.653317 ], [ -122.917548, 45.653393 ], [ -122.913568, 45.654464 ], [ -122.911166, 45.653592 ], [ -122.908378, 45.653627 ], [ -122.90441, 45.654631 ], [ -122.902646, 45.657121 ], [ -122.901879, 45.657337 ], [ -122.903752, 45.658785 ], [ -122.904391, 45.662433 ], [ -122.906225, 45.665874 ], [ -122.9105, 45.663453 ], [ -122.910854, 45.665894 ], [ -122.911905, 45.667032 ], [ -122.911112, 45.669193 ], [ -122.914126, 45.672867 ], [ -122.913506, 45.674783 ], [ -122.914937, 45.676206 ], [ -122.916761, 45.677058 ], [ -122.917087, 45.678035 ], [ -122.919539, 45.679085 ], [ -122.919769, 45.679783 ], [ -122.916259, 45.680947 ], [ -122.916302, 45.682352 ], [ -122.917749, 45.683364 ], [ -122.917512, 45.684845 ], [ -122.918294, 45.685953 ], [ -122.916549, 45.689305 ], [ -122.91455, 45.690261 ], [ -122.91347, 45.692381 ], [ -122.915073, 45.693891 ], [ -122.889384, 45.693971 ], [ -122.888908, 45.696427 ], [ -122.885533, 45.696653 ], [ -122.880698, 45.69579 ], [ -122.879515, 45.69702 ], [ -122.875479, 45.698017 ], [ -122.873509, 45.700322 ], [ -122.873173, 45.706621 ], [ -122.87262, 45.707308 ], [ -122.873829, 45.712003 ], [ -122.87192, 45.710504 ], [ -122.871471, 45.708064 ], [ -122.869859, 45.708208 ], [ -122.872831, 45.713949 ], [ -122.871871, 45.71449 ], [ -122.86932, 45.714053 ], [ -122.867578, 45.714028 ], [ -122.86607, 45.71858 ], [ -122.863423, 45.721416 ], [ -122.862053, 45.721406 ], [ -122.859029, 45.725322 ], [ -122.855208, 45.731373 ], [ -122.851905, 45.733419 ], [ -122.847514, 45.734374 ], [ -122.844855, 45.734595 ], [ -122.841089, 45.735536 ], [ -122.839342, 45.736446 ], [ -122.837641, 45.738943 ], [ -122.83754, 45.742275 ], [ -122.838227, 45.744278 ], [ -122.836895, 45.745734 ], [ -122.833723, 45.746131 ], [ -122.828677, 45.745868 ], [ -122.824271, 45.746631 ], [ -122.823051, 45.7482 ], [ -122.823223, 45.75363 ], [ -122.821617, 45.756718 ], [ -122.818049, 45.760285 ], [ -122.8151, 45.764927 ], [ -122.814673, 45.766849 ], [ -122.815487, 45.769231 ], [ -122.814732, 45.771245 ], [ -122.812505, 45.773942 ], [ -122.809584, 45.781057 ], [ -122.806931, 45.783778 ], [ -122.804015, 45.786017 ], [ -122.801623, 45.789012 ], [ -122.799302, 45.790748 ], [ -122.798745, 45.793994 ], [ -122.799201, 45.79923 ], [ -122.801031, 45.80131 ], [ -122.803842, 45.802408 ], [ -122.807895, 45.803117 ], [ -122.813223, 45.803254 ], [ -122.818845, 45.804832 ], [ -122.822246, 45.806752 ], [ -122.824011, 45.808695 ], [ -122.825548, 45.812055 ], [ -122.825312, 45.815251 ], [ -122.826696, 45.815247 ], [ -122.827074, 45.81276 ], [ -122.825527, 45.808327 ], [ -122.826921, 45.808375 ], [ -122.827836, 45.809769 ], [ -122.828458, 45.81297 ], [ -122.828099, 45.816513 ], [ -122.826792, 45.818342 ], [ -122.824406, 45.820469 ], [ -122.819305, 45.823075 ], [ -122.817703, 45.825362 ], [ -122.814826, 45.832472 ], [ -122.813027, 45.834963 ], [ -122.810411, 45.836952 ], [ -122.807205, 45.838713 ], [ -122.806426, 45.840912 ], [ -122.801372, 45.843336 ], [ -122.798228, 45.846662 ], [ -122.797537, 45.850075 ], [ -122.794804, 45.856482 ], [ -122.791791, 45.856591 ], [ -122.785299579417, 45.858096865995599 ], [ -122.785515, 45.850536 ], [ -122.785696, 45.844216 ], [ -122.795963, 45.825024 ], [ -122.795605, 45.81 ], [ -122.770646061360011, 45.781839945615204 ], [ -122.769532, 45.780583 ], [ -122.761451, 45.759163 ], [ -122.760108, 45.734413 ], [ -122.762189526428003, 45.728576737557304 ], [ -122.772511, 45.699637 ], [ -122.774511, 45.680437 ], [ -122.76381, 45.657138 ], [ -122.762414110308995, 45.656431935411781 ], [ -122.763775, 45.654424 ], [ -122.769215, 45.648806 ], [ -122.782765, 45.639 ], [ -122.790115, 45.632735 ], [ -122.790567, 45.628146 ], [ -122.791065, 45.626451 ], [ -122.79101, 45.620025 ], [ -122.790063, 45.616892 ], [ -122.788341, 45.614874 ], [ -122.77846, 45.599491 ], [ -122.771838, 45.591807 ], [ -122.764308, 45.585316 ], [ -122.768033, 45.583542 ], [ -122.7594, 45.575079 ], [ -122.765747, 45.572612 ], [ -122.768949, 45.569668 ], [ -122.769279, 45.566844 ], [ -122.766914, 45.568221 ], [ -122.763345, 45.569352 ], [ -122.76727, 45.567477 ], [ -122.767516, 45.56652 ], [ -122.770411, 45.565031 ], [ -122.772113, 45.562938 ], [ -122.78471, 45.565539 ], [ -122.785135, 45.577278 ], [ -122.786266, 45.57728 ], [ -122.784765, 45.580746 ], [ -122.783087, 45.582805 ], [ -122.78661, 45.581065 ], [ -122.785799, 45.582449 ], [ -122.787903, 45.58298 ], [ -122.786882, 45.58429 ], [ -122.784561, 45.584703 ], [ -122.784747, 45.586808 ], [ -122.787639, 45.586305 ], [ -122.79007, 45.58476 ], [ -122.790849, 45.585681 ], [ -122.789238, 45.588317 ], [ -122.79064, 45.589684 ], [ -122.795356, 45.586795 ], [ -122.797165, 45.586991 ], [ -122.798337, 45.585667 ], [ -122.799193, 45.58317 ], [ -122.80181, 45.581083 ], [ -122.804497, 45.580408 ], [ -122.809456, 45.581106 ], [ -122.810056, 45.579613 ], [ -122.811681, 45.580429 ], [ -122.811436, 45.577556 ], [ -122.813548, 45.578762 ], [ -122.816594, 45.579401 ], [ -122.815831, 45.581103 ], [ -122.822471, 45.580185 ], [ -122.823652, 45.581035 ], [ -122.832663, 45.58103 ], [ -122.837068, 45.58055 ], [ -122.838028, 45.581807 ], [ -122.840697, 45.581047 ], [ -122.838845, 45.577482 ], [ -122.846978, 45.577516 ], [ -122.858256, 45.577572 ], [ -122.858419, 45.576143 ], [ -122.860231, 45.57529 ], [ -122.86005, 45.574007 ], [ -122.861487, 45.573973 ], [ -122.863994, 45.571793 ], [ -122.867598, 45.569861 ], [ -122.867631, 45.572064 ], [ -122.872032, 45.572073 ], [ -122.8721, 45.573914 ], [ -122.867633, 45.573943 ], [ -122.867634, 45.581129 ], [ -122.872787, 45.580388 ], [ -122.87279, 45.581763 ], [ -122.867901, 45.588035 ], [ -122.867762, 45.590416 ], [ -122.868412, 45.592258 ], [ -122.871031, 45.593435 ], [ -122.869815, 45.596602 ], [ -122.870692, 45.598313 ], [ -122.873258, 45.600053 ], [ -122.874462, 45.599789 ], [ -122.877579, 45.601944 ], [ -122.879969, 45.604701 ], [ -122.879934, 45.606225 ], [ -122.887963, 45.606352 ], [ -122.887837, 45.620466 ], [ -122.908992, 45.620763 ], [ -122.909078, 45.635228 ], [ -122.918725, 45.635399 ], [ -122.929128, 45.635313 ], [ -122.929103, 45.653055 ] ] ] ] } },
{ "type": "Feature", "properties": { "zipcode": "97231", "approval_t": "Average MAX approval score", "calculation": 2.625 }, "geometry": { "type": "MultiPolygon", "coordinates": [ [ [ [ -122.929103, 45.653055 ], [ -122.927075, 45.653317 ], [ -122.917548, 45.653393 ], [ -122.913568, 45.654464 ], [ -122.911166, 45.653592 ], [ -122.908378, 45.653627 ], [ -122.90441, 45.654631 ], [ -122.902646, 45.657121 ], [ -122.901879, 45.657337 ], [ -122.903752, 45.658785 ], [ -122.904391, 45.662433 ], [ -122.906225, 45.665874 ], [ -122.9105, 45.663453 ], [ -122.910854, 45.665894 ], [ -122.911905, 45.667032 ], [ -122.911112, 45.669193 ], [ -122.914126, 45.672867 ], [ -122.913506, 45.674783 ], [ -122.914937, 45.676206 ], [ -122.916761, 45.677058 ], [ -122.917087, 45.678035 ], [ -122.919539, 45.679085 ], [ -122.919769, 45.679783 ], [ -122.916259, 45.680947 ], [ -122.916302, 45.682352 ], [ -122.917749, 45.683364 ], [ -122.917512, 45.684845 ], [ -122.918294, 45.685953 ], [ -122.916549, 45.689305 ], [ -122.91455, 45.690261 ], [ -122.91347, 45.692381 ], [ -122.915073, 45.693891 ], [ -122.889384, 45.693971 ], [ -122.888908, 45.696427 ], [ -122.885533, 45.696653 ], [ -122.880698, 45.69579 ], [ -122.879515, 45.69702 ], [ -122.875479, 45.698017 ], [ -122.873509, 45.700322 ], [ -122.873173, 45.706621 ], [ -122.87262, 45.707308 ], [ -122.873829, 45.712003 ], [ -122.87192, 45.710504 ], [ -122.871471, 45.708064 ], [ -122.869859, 45.708208 ], [ -122.872831, 45.713949 ], [ -122.871871, 45.71449 ], [ -122.86932, 45.714053 ], [ -122.867578, 45.714028 ], [ -122.86607, 45.71858 ], [ -122.863423, 45.721416 ], [ -122.862053, 45.721406 ], [ -122.859029, 45.725322 ], [ -122.855208, 45.731373 ], [ -122.851905, 45.733419 ], [ -122.847514, 45.734374 ], [ -122.844855, 45.734595 ], [ -122.841089, 45.735536 ], [ -122.839342, 45.736446 ], [ -122.837641, 45.738943 ], [ -122.83754, 45.742275 ], [ -122.838227, 45.744278 ], [ -122.836895, 45.745734 ], [ -122.833723, 45.746131 ], [ -122.828677, 45.745868 ], [ -122.824271, 45.746631 ], [ -122.823051, 45.7482 ], [ -122.823223, 45.75363 ], [ -122.821617, 45.756718 ], [ -122.818049, 45.760285 ], [ -122.8151, 45.764927 ], [ -122.814673, 45.766849 ], [ -122.815487, 45.769231 ], [ -122.814732, 45.771245 ], [ -122.812505, 45.773942 ], [ -122.809584, 45.781057 ], [ -122.806931, 45.783778 ], [ -122.804015, 45.786017 ], [ -122.801623, 45.789012 ], [ -122.799302, 45.790748 ], [ -122.798745, 45.793994 ], [ -122.799201, 45.79923 ], [ -122.801031, 45.80131 ], [ -122.803842, 45.802408 ], [ -122.807895, 45.803117 ], [ -122.813223, 45.803254 ], [ -122.818845, 45.804832 ], [ -122.822246, 45.806752 ], [ -122.824011, 45.808695 ], [ -122.825548, 45.812055 ], [ -122.825312, 45.815251 ], [ -122.826696, 45.815247 ], [ -122.827074, 45.81276 ], [ -122.825527, 45.808327 ], [ -122.826921, 45.808375 ], [ -122.827836, 45.809769 ], [ -122.828458, 45.81297 ], [ -122.828099, 45.816513 ], [ -122.826792, 45.818342 ], [ -122.824406, 45.820469 ], [ -122.819305, 45.823075 ], [ -122.817703, 45.825362 ], [ -122.814826, 45.832472 ], [ -122.813027, 45.834963 ], [ -122.810411, 45.836952 ], [ -122.807205, 45.838713 ], [ -122.806426, 45.840912 ], [ -122.801372, 45.843336 ], [ -122.798228, 45.846662 ], [ -122.797537, 45.850075 ], [ -122.794804, 45.856482 ], [ -122.791791, 45.856591 ], [ -122.785299579417, 45.858096865995599 ], [ -122.785515, 45.850536 ], [ -122.785696, 45.844216 ], [ -122.795963, 45.825024 ], [ -122.795605, 45.81 ], [ -122.770646061360011, 45.781839945615204 ], [ -122.769532, 45.780583 ], [ -122.761451, 45.759163 ], [ -122.760108, 45.734413 ], [ -122.762189526428003, 45.728576737557304 ], [ -122.772511, 45.699637 ], [ -122.774511, 45.680437 ], [ -122.76381, 45.657138 ], [ -122.762414110308995, 45.656431935411781 ], [ -122.763775, 45.654424 ], [ -122.769215, 45.648806 ], [ -122.782765, 45.639 ], [ -122.790115, 45.632735 ], [ -122.790567, 45.628146 ], [ -122.791065, 45.626451 ], [ -122.79101, 45.620025 ], [ -122.790063, 45.616892 ], [ -122.788341, 45.614874 ], [ -122.77846, 45.599491 ], [ -122.771838, 45.591807 ], [ -122.764308, 45.585316 ], [ -122.768033, 45.583542 ], [ -122.7594, 45.575079 ], [ -122.765747, 45.572612 ], [ -122.768949, 45.569668 ], [ -122.769279, 45.566844 ], [ -122.766914, 45.568221 ], [ -122.763345, 45.569352 ], [ -122.76727, 45.567477 ], [ -122.767516, 45.56652 ], [ -122.770411, 45.565031 ], [ -122.772113, 45.562938 ], [ -122.78471, 45.565539 ], [ -122.785135, 45.577278 ], [ -122.786266, 45.57728 ], [ -122.784765, 45.580746 ], [ -122.783087, 45.582805 ], [ -122.78661, 45.581065 ], [ -122.785799, 45.582449 ], [ -122.787903, 45.58298 ], [ -122.786882, 45.58429 ], [ -122.784561, 45.584703 ], [ -122.784747, 45.586808 ], [ -122.787639, 45.586305 ], [ -122.79007, 45.58476 ], [ -122.790849, 45.585681 ], [ -122.789238, 45.588317 ], [ -122.79064, 45.589684 ], [ -122.795356, 45.586795 ], [ -122.797165, 45.586991 ], [ -122.798337, 45.585667 ], [ -122.799193, 45.58317 ], [ -122.80181, 45.581083 ], [ -122.804497, 45.580408 ], [ -122.809456, 45.581106 ], [ -122.810056, 45.579613 ], [ -122.811681, 45.580429 ], [ -122.811436, 45.577556 ], [ -122.813548, 45.578762 ], [ -122.816594, 45.579401 ], [ -122.815831, 45.581103 ], [ -122.822471, 45.580185 ], [ -122.823652, 45.581035 ], [ -122.832663, 45.58103 ], [ -122.837068, 45.58055 ], [ -122.838028, 45.581807 ], [ -122.840697, 45.581047 ], [ -122.838845, 45.577482 ], [ -122.846978, 45.577516 ], [ -122.858256, 45.577572 ], [ -122.858419, 45.576143 ], [ -122.860231, 45.57529 ], [ -122.86005, 45.574007 ], [ -122.861487, 45.573973 ], [ -122.863994, 45.571793 ], [ -122.867598, 45.569861 ], [ -122.867631, 45.572064 ], [ -122.872032, 45.572073 ], [ -122.8721, 45.573914 ], [ -122.867633, 45.573943 ], [ -122.867634, 45.581129 ], [ -122.872787, 45.580388 ], [ -122.87279, 45.581763 ], [ -122.867901, 45.588035 ], [ -122.867762, 45.590416 ], [ -122.868412, 45.592258 ], [ -122.871031, 45.593435 ], [ -122.869815, 45.596602 ], [ -122.870692, 45.598313 ], [ -122.873258, 45.600053 ], [ -122.874462, 45.599789 ], [ -122.877579, 45.601944 ], [ -122.879969, 45.604701 ], [ -122.879934, 45.606225 ], [ -122.887963, 45.606352 ], [ -122.887837, 45.620466 ], [ -122.908992, 45.620763 ], [ -122.909078, 45.635228 ], [ -122.918725, 45.635399 ], [ -122.929128, 45.635313 ], [ -122.929103, 45.653055 ] ] ] ] } },
{ "type": "Feature", "properties": { "zipcode": "97221", "approval_t": "Average bus approval score", "calculation": 3.9411764705882355 }, "geometry": { "type": "MultiPolygon", "coordinates": [ [ [ [ -122.744346, 45.491528 ], [ -122.743794, 45.492555 ], [ -122.743804, 45.499822 ], [ -122.741775, 45.502412 ], [ -122.738598, 45.503424 ], [ -122.738596, 45.504766 ], [ -122.740597, 45.505111 ], [ -122.742341, 45.5048 ], [ -122.74274, 45.504679 ], [ -122.743785, 45.505017 ], [ -122.743859, 45.516665 ], [ -122.741318, 45.51829 ], [ -122.73716, 45.519554 ], [ -122.730944, 45.518659 ], [ -122.728634, 45.519438 ], [ -122.726961, 45.519803 ], [ -122.722672, 45.519031 ], [ -122.720892, 45.520439 ], [ -122.719652, 45.519824 ], [ -122.7193, 45.514231 ], [ -122.717833, 45.514625 ], [ -122.715451, 45.513104 ], [ -122.717005, 45.513067 ], [ -122.717345, 45.511767 ], [ -122.716012, 45.510549 ], [ -122.710484, 45.511476 ], [ -122.709018, 45.512961 ], [ -122.703568, 45.515135 ], [ -122.701405, 45.516779 ], [ -122.703708, 45.51618 ], [ -122.704761, 45.516749 ], [ -122.703718, 45.518997 ], [ -122.704293, 45.520896 ], [ -122.702806, 45.519273 ], [ -122.700781, 45.519425 ], [ -122.700208, 45.518136 ], [ -122.699572, 45.516206 ], [ -122.70242, 45.513001 ], [ -122.706733, 45.510907 ], [ -122.709016, 45.508079 ], [ -122.711017, 45.507105 ], [ -122.71496, 45.506576 ], [ -122.719351, 45.507349 ], [ -122.719351, 45.50494 ], [ -122.712983, 45.504784 ], [ -122.713216, 45.502181 ], [ -122.712252, 45.500346 ], [ -122.712993, 45.498206 ], [ -122.711611, 45.496211 ], [ -122.711637, 45.493043 ], [ -122.713085, 45.493509 ], [ -122.713327, 45.49111 ], [ -122.711949, 45.490592 ], [ -122.712783, 45.489459 ], [ -122.713169, 45.483155 ], [ -122.710265, 45.481937 ], [ -122.718326, 45.485142 ], [ -122.720143, 45.485319 ], [ -122.720567, 45.483742 ], [ -122.718875, 45.483927 ], [ -122.717026, 45.482578 ], [ -122.712955, 45.481842 ], [ -122.716297, 45.480547 ], [ -122.714171, 45.480114 ], [ -122.713671, 45.477952 ], [ -122.712576, 45.478686 ], [ -122.712031, 45.476137 ], [ -122.716338, 45.476164 ], [ -122.721006, 45.476704 ], [ -122.721746, 45.477533 ], [ -122.724915, 45.477077 ], [ -122.725087, 45.476252 ], [ -122.728757, 45.476798 ], [ -122.731712, 45.476327 ], [ -122.739115, 45.477354 ], [ -122.741567, 45.47642 ], [ -122.743626, 45.476439 ], [ -122.743671, 45.476442 ], [ -122.743786, 45.490804 ], [ -122.744771, 45.490865 ], [ -122.744346, 45.491528 ] ] ] ] } },
{ "type": "Feature", "properties": { "zipcode": "97221", "approval_t": "Average MAX approval score", "calculation": 3.8095238095238093 }, "geometry": { "type": "MultiPolygon", "coordinates": [ [ [ [ -122.744346, 45.491528 ], [ -122.743794, 45.492555 ], [ -122.743804, 45.499822 ], [ -122.741775, 45.502412 ], [ -122.738598, 45.503424 ], [ -122.738596, 45.504766 ], [ -122.740597, 45.505111 ], [ -122.742341, 45.5048 ], [ -122.74274, 45.504679 ], [ -122.743785, 45.505017 ], [ -122.743859, 45.516665 ], [ -122.741318, 45.51829 ], [ -122.73716, 45.519554 ], [ -122.730944, 45.518659 ], [ -122.728634, 45.519438 ], [ -122.726961, 45.519803 ], [ -122.722672, 45.519031 ], [ -122.720892, 45.520439 ], [ -122.719652, 45.519824 ], [ -122.7193, 45.514231 ], [ -122.717833, 45.514625 ], [ -122.715451, 45.513104 ], [ -122.717005, 45.513067 ], [ -122.717345, 45.511767 ], [ -122.716012, 45.510549 ], [ -122.710484, 45.511476 ], [ -122.709018, 45.512961 ], [ -122.703568, 45.515135 ], [ -122.701405, 45.516779 ], [ -122.703708, 45.51618 ], [ -122.704761, 45.516749 ], [ -122.703718, 45.518997 ], [ -122.704293, 45.520896 ], [ -122.702806, 45.519273 ], [ -122.700781, 45.519425 ], [ -122.700208, 45.518136 ], [ -122.699572, 45.516206 ], [ -122.70242, 45.513001 ], [ -122.706733, 45.510907 ], [ -122.709016, 45.508079 ], [ -122.711017, 45.507105 ], [ -122.71496, 45.506576 ], [ -122.719351, 45.507349 ], [ -122.719351, 45.50494 ], [ -122.712983, 45.504784 ], [ -122.713216, 45.502181 ], [ -122.712252, 45.500346 ], [ -122.712993, 45.498206 ], [ -122.711611, 45.496211 ], [ -122.711637, 45.493043 ], [ -122.713085, 45.493509 ], [ -122.713327, 45.49111 ], [ -122.711949, 45.490592 ], [ -122.712783, 45.489459 ], [ -122.713169, 45.483155 ], [ -122.710265, 45.481937 ], [ -122.718326, 45.485142 ], [ -122.720143, 45.485319 ], [ -122.720567, 45.483742 ], [ -122.718875, 45.483927 ], [ -122.717026, 45.482578 ], [ -122.712955, 45.481842 ], [ -122.716297, 45.480547 ], [ -122.714171, 45.480114 ], [ -122.713671, 45.477952 ], [ -122.712576, 45.478686 ], [ -122.712031, 45.476137 ], [ -122.716338, 45.476164 ], [ -122.721006, 45.476704 ], [ -122.721746, 45.477533 ], [ -122.724915, 45.477077 ], [ -122.725087, 45.476252 ], [ -122.728757, 45.476798 ], [ -122.731712, 45.476327 ], [ -122.739115, 45.477354 ], [ -122.741567, 45.47642 ], [ -122.743626, 45.476439 ], [ -122.743671, 45.476442 ], [ -122.743786, 45.490804 ], [ -122.744771, 45.490865 ], [ -122.744346, 45.491528 ] ] ] ] } },
{ "type": "Feature", "properties": { "zipcode": "97218", "approval_t": "Average bus approval score", "calculation": 4.0857142857142854 }, "geometry": { "type": "MultiPolygon", "coordinates": [ [ [ [ -122.635331, 45.599339 ], [ -122.632366, 45.600377 ], [ -122.624152, 45.600585 ], [ -122.62119, 45.600049 ], [ -122.614383, 45.599479 ], [ -122.607392, 45.599169 ], [ -122.599172, 45.59812 ], [ -122.59576, 45.597125 ], [ -122.586178, 45.593688 ], [ -122.572391, 45.588121 ], [ -122.563286, 45.583366 ], [ -122.563217, 45.577961 ], [ -122.563914, 45.578042 ], [ -122.580297, 45.584218 ], [ -122.572396, 45.58111 ], [ -122.574718, 45.578517 ], [ -122.577308, 45.577432 ], [ -122.577689, 45.575957 ], [ -122.579423, 45.575652 ], [ -122.582524, 45.573788 ], [ -122.581228, 45.572546 ], [ -122.581203, 45.570995 ], [ -122.578041, 45.570059 ], [ -122.57801, 45.568565 ], [ -122.580463, 45.568047 ], [ -122.580447, 45.565143 ], [ -122.578892, 45.564924 ], [ -122.577664, 45.56803 ], [ -122.577705, 45.56438 ], [ -122.577694, 45.561251 ], [ -122.578514, 45.560196 ], [ -122.578616, 45.555425 ], [ -122.579617, 45.555427 ], [ -122.579677, 45.552406 ], [ -122.598321, 45.552462 ], [ -122.598796, 45.552033 ], [ -122.60395, 45.55179 ], [ -122.603352, 45.552488 ], [ -122.612246, 45.552338 ], [ -122.614933, 45.552829 ], [ -122.614942, 45.55259 ], [ -122.620266, 45.552309 ], [ -122.620416, 45.552852 ], [ -122.620438, 45.55501 ], [ -122.620402, 45.555556 ], [ -122.621417, 45.555563 ], [ -122.621442, 45.560233 ], [ -122.620394, 45.560249 ], [ -122.620424, 45.562803 ], [ -122.620169, 45.569261 ], [ -122.61858, 45.570453 ], [ -122.614246, 45.570412 ], [ -122.620379, 45.571721 ], [ -122.620455, 45.578659 ], [ -122.616538, 45.578711 ], [ -122.617186, 45.580057 ], [ -122.615069, 45.58146 ], [ -122.615326, 45.586276 ], [ -122.627152, 45.587018 ], [ -122.631937, 45.587104 ], [ -122.632179, 45.589744 ], [ -122.63567, 45.595676 ], [ -122.635331, 45.599339 ] ] ] ] } },
{ "type": "Feature", "properties": { "zipcode": "97218", "approval_t": "Average MAX approval score", "calculation": 4.0 }, "geometry": { "type": "MultiPolygon", "coordinates": [ [ [ [ -122.635331, 45.599339 ], [ -122.632366, 45.600377 ], [ -122.624152, 45.600585 ], [ -122.62119, 45.600049 ], [ -122.614383, 45.599479 ], [ -122.607392, 45.599169 ], [ -122.599172, 45.59812 ], [ -122.59576, 45.597125 ], [ -122.586178, 45.593688 ], [ -122.572391, 45.588121 ], [ -122.563286, 45.583366 ], [ -122.563217, 45.577961 ], [ -122.563914, 45.578042 ], [ -122.580297, 45.584218 ], [ -122.572396, 45.58111 ], [ -122.574718, 45.578517 ], [ -122.577308, 45.577432 ], [ -122.577689, 45.575957 ], [ -122.579423, 45.575652 ], [ -122.582524, 45.573788 ], [ -122.581228, 45.572546 ], [ -122.581203, 45.570995 ], [ -122.578041, 45.570059 ], [ -122.57801, 45.568565 ], [ -122.580463, 45.568047 ], [ -122.580447, 45.565143 ], [ -122.578892, 45.564924 ], [ -122.577664, 45.56803 ], [ -122.577705, 45.56438 ], [ -122.577694, 45.561251 ], [ -122.578514, 45.560196 ], [ -122.578616, 45.555425 ], [ -122.579617, 45.555427 ], [ -122.579677, 45.552406 ], [ -122.598321, 45.552462 ], [ -122.598796, 45.552033 ], [ -122.60395, 45.55179 ], [ -122.603352, 45.552488 ], [ -122.612246, 45.552338 ], [ -122.614933, 45.552829 ], [ -122.614942, 45.55259 ], [ -122.620266, 45.552309 ], [ -122.620416, 45.552852 ], [ -122.620438, 45.55501 ], [ -122.620402, 45.555556 ], [ -122.621417, 45.555563 ], [ -122.621442, 45.560233 ], [ -122.620394, 45.560249 ], [ -122.620424, 45.562803 ], [ -122.620169, 45.569261 ], [ -122.61858, 45.570453 ], [ -122.614246, 45.570412 ], [ -122.620379, 45.571721 ], [ -122.620455, 45.578659 ], [ -122.616538, 45.578711 ], [ -122.617186, 45.580057 ], [ -122.615069, 45.58146 ], [ -122.615326, 45.586276 ], [ -122.627152, 45.587018 ], [ -122.631937, 45.587104 ], [ -122.632179, 45.589744 ], [ -122.63567, 45.595676 ], [ -122.635331, 45.599339 ] ] ] ] } },
{ "type": "Feature", "properties": { "zipcode": "97239", "approval_t": "Average bus approval score", "calculation": 3.9565217391304346 }, "geometry": { "type": "MultiPolygon", "coordinates": [ [ [ [ -122.720143, 45.485319 ], [ -122.718326, 45.485142 ], [ -122.710265, 45.481937 ], [ -122.713169, 45.483155 ], [ -122.712783, 45.489459 ], [ -122.711949, 45.490592 ], [ -122.713327, 45.49111 ], [ -122.713085, 45.493509 ], [ -122.711637, 45.493043 ], [ -122.711611, 45.496211 ], [ -122.712993, 45.498206 ], [ -122.712252, 45.500346 ], [ -122.713216, 45.502181 ], [ -122.710272, 45.50092 ], [ -122.707617, 45.501136 ], [ -122.702512, 45.499537 ], [ -122.701157, 45.500362 ], [ -122.698766, 45.498608 ], [ -122.695621, 45.49861 ], [ -122.694377, 45.501455 ], [ -122.691934, 45.502762 ], [ -122.686599, 45.501607 ], [ -122.684444, 45.502233 ], [ -122.683882, 45.500561 ], [ -122.68652, 45.498091 ], [ -122.684232, 45.498216 ], [ -122.682566, 45.499218 ], [ -122.675244, 45.500389 ], [ -122.665103, 45.501184 ], [ -122.665453, 45.497914 ], [ -122.668511, 45.489634 ], [ -122.669145, 45.484237 ], [ -122.667839, 45.476478 ], [ -122.669526, 45.476333 ], [ -122.670118, 45.477326 ], [ -122.672104, 45.477245 ], [ -122.671784, 45.475828 ], [ -122.673874, 45.476546 ], [ -122.676916, 45.476569 ], [ -122.678415, 45.475909 ], [ -122.677627, 45.472726 ], [ -122.679432, 45.47282 ], [ -122.679672, 45.476924 ], [ -122.684267, 45.4772 ], [ -122.685326, 45.475776 ], [ -122.688673, 45.476017 ], [ -122.712031, 45.476137 ], [ -122.712576, 45.478686 ], [ -122.713671, 45.477952 ], [ -122.714171, 45.480114 ], [ -122.716297, 45.480547 ], [ -122.712955, 45.481842 ], [ -122.717026, 45.482578 ], [ -122.718875, 45.483927 ], [ -122.720567, 45.483742 ], [ -122.720143, 45.485319 ] ] ] ] } },
{ "type": "Feature", "properties": { "zipcode": "97239", "approval_t": "Average MAX approval score", "calculation": 3.5471698113207548 }, "geometry": { "type": "MultiPolygon", "coordinates": [ [ [ [ -122.720143, 45.485319 ], [ -122.718326, 45.485142 ], [ -122.710265, 45.481937 ], [ -122.713169, 45.483155 ], [ -122.712783, 45.489459 ], [ -122.711949, 45.490592 ], [ -122.713327, 45.49111 ], [ -122.713085, 45.493509 ], [ -122.711637, 45.493043 ], [ -122.711611, 45.496211 ], [ -122.712993, 45.498206 ], [ -122.712252, 45.500346 ], [ -122.713216, 45.502181 ], [ -122.710272, 45.50092 ], [ -122.707617, 45.501136 ], [ -122.702512, 45.499537 ], [ -122.701157, 45.500362 ], [ -122.698766, 45.498608 ], [ -122.695621, 45.49861 ], [ -122.694377, 45.501455 ], [ -122.691934, 45.502762 ], [ -122.686599, 45.501607 ], [ -122.684444, 45.502233 ], [ -122.683882, 45.500561 ], [ -122.68652, 45.498091 ], [ -122.684232, 45.498216 ], [ -122.682566, 45.499218 ], [ -122.675244, 45.500389 ], [ -122.665103, 45.501184 ], [ -122.665453, 45.497914 ], [ -122.668511, 45.489634 ], [ -122.669145, 45.484237 ], [ -122.667839, 45.476478 ], [ -122.669526, 45.476333 ], [ -122.670118, 45.477326 ], [ -122.672104, 45.477245 ], [ -122.671784, 45.475828 ], [ -122.673874, 45.476546 ], [ -122.676916, 45.476569 ], [ -122.678415, 45.475909 ], [ -122.677627, 45.472726 ], [ -122.679432, 45.47282 ], [ -122.679672, 45.476924 ], [ -122.684267, 45.4772 ], [ -122.685326, 45.475776 ], [ -122.688673, 45.476017 ], [ -122.712031, 45.476137 ], [ -122.712576, 45.478686 ], [ -122.713671, 45.477952 ], [ -122.714171, 45.480114 ], [ -122.716297, 45.480547 ], [ -122.712955, 45.481842 ], [ -122.717026, 45.482578 ], [ -122.718875, 45.483927 ], [ -122.720567, 45.483742 ], [ -122.720143, 45.485319 ] ] ] ] } },
{ "type": "Feature", "properties": { "zipcode": "97006", "approval_t": "Average bus approval score", "calculation": 3.8181818181818183 }, "geometry": { "type": "MultiPolygon", "coordinates": [ [ [ [ -122.856814, 45.550988 ], [ -122.855909, 45.551781 ], [ -122.853935, 45.551654 ], [ -122.854351, 45.550872 ], [ -122.854629, 45.550533 ], [ -122.854867, 45.550644 ], [ -122.856831, 45.550098 ], [ -122.856814, 45.550988 ] ] ], [ [ [ -122.857271, 45.554056 ], [ -122.855159, 45.553859 ], [ -122.855339, 45.552781 ], [ -122.853389, 45.552545 ], [ -122.853663, 45.552114 ], [ -122.857313, 45.552336 ], [ -122.857271, 45.554056 ] ] ], [ [ [ -122.902129, 45.499478 ], [ -122.900667, 45.499475 ], [ -122.900668, 45.497934 ], [ -122.901458, 45.497936 ], [ -122.901481, 45.497401 ], [ -122.899312, 45.497364 ], [ -122.899453, 45.498323 ], [ -122.899391, 45.500607 ], [ -122.902132, 45.500638 ], [ -122.902, 45.513231 ], [ -122.90156, 45.514203 ], [ -122.899627, 45.515234 ], [ -122.900029, 45.525862 ], [ -122.899625, 45.529157 ], [ -122.895067, 45.52904 ], [ -122.893762, 45.530753 ], [ -122.894174, 45.532752 ], [ -122.892753, 45.532553 ], [ -122.892994, 45.534587 ], [ -122.89069, 45.535935 ], [ -122.89022, 45.538565 ], [ -122.886027, 45.537746 ], [ -122.87617, 45.534201 ], [ -122.867476, 45.534205 ], [ -122.867553, 45.541975 ], [ -122.856065, 45.537673 ], [ -122.855379, 45.540946 ], [ -122.855939, 45.541977 ], [ -122.855997, 45.549131 ], [ -122.854629, 45.550533 ], [ -122.850887, 45.551856 ], [ -122.849163, 45.550766 ], [ -122.847454, 45.551259 ], [ -122.846457, 45.550497 ], [ -122.848202, 45.549959 ], [ -122.847824, 45.548919 ], [ -122.844753, 45.549195 ], [ -122.840886, 45.545847 ], [ -122.843344, 45.545078 ], [ -122.843693, 45.54354 ], [ -122.846361, 45.542548 ], [ -122.848345, 45.542499 ], [ -122.848162, 45.541561 ], [ -122.845499, 45.541414 ], [ -122.842642, 45.543687 ], [ -122.840292, 45.543949 ], [ -122.839414, 45.54477 ], [ -122.836188, 45.543411 ], [ -122.829315, 45.542598 ], [ -122.824497, 45.542768 ], [ -122.824453, 45.534217 ], [ -122.826277, 45.534261 ], [ -122.831253, 45.533219 ], [ -122.831253, 45.531866 ], [ -122.834913, 45.531864 ], [ -122.837367, 45.531148 ], [ -122.836763, 45.530479 ], [ -122.827796, 45.526953 ], [ -122.82777, 45.526738 ], [ -122.827585, 45.526438 ], [ -122.825373, 45.52469 ], [ -122.827623, 45.52478 ], [ -122.827658, 45.523236 ], [ -122.824318, 45.523208 ], [ -122.824742, 45.521428 ], [ -122.820521, 45.521451 ], [ -122.820266, 45.52002 ], [ -122.815971, 45.519959 ], [ -122.817744, 45.516222 ], [ -122.819983, 45.512496 ], [ -122.823189, 45.50956 ], [ -122.827548, 45.50242 ], [ -122.828451, 45.499364 ], [ -122.826755, 45.495699 ], [ -122.826126, 45.492814 ], [ -122.830008, 45.493357 ], [ -122.832579, 45.493252 ], [ -122.831999, 45.492559 ], [ -122.832798, 45.490376 ], [ -122.826111, 45.489394 ], [ -122.828844, 45.489648 ], [ -122.838608, 45.490688 ], [ -122.851967, 45.492095 ], [ -122.86428, 45.493525 ], [ -122.867177, 45.493628 ], [ -122.89168, 45.49623 ], [ -122.901569, 45.497191 ], [ -122.902211, 45.497268 ], [ -122.902129, 45.499478 ] ] ] ] } },
{ "type": "Feature", "properties": { "zipcode": "97006", "approval_t": "Average MAX approval score", "calculation": 3.9333333333333331 }, "geometry": { "type": "MultiPolygon", "coordinates": [ [ [ [ -122.856814, 45.550988 ], [ -122.855909, 45.551781 ], [ -122.853935, 45.551654 ], [ -122.854351, 45.550872 ], [ -122.854629, 45.550533 ], [ -122.854867, 45.550644 ], [ -122.856831, 45.550098 ], [ -122.856814, 45.550988 ] ] ], [ [ [ -122.857271, 45.554056 ], [ -122.855159, 45.553859 ], [ -122.855339, 45.552781 ], [ -122.853389, 45.552545 ], [ -122.853663, 45.552114 ], [ -122.857313, 45.552336 ], [ -122.857271, 45.554056 ] ] ], [ [ [ -122.902129, 45.499478 ], [ -122.900667, 45.499475 ], [ -122.900668, 45.497934 ], [ -122.901458, 45.497936 ], [ -122.901481, 45.497401 ], [ -122.899312, 45.497364 ], [ -122.899453, 45.498323 ], [ -122.899391, 45.500607 ], [ -122.902132, 45.500638 ], [ -122.902, 45.513231 ], [ -122.90156, 45.514203 ], [ -122.899627, 45.515234 ], [ -122.900029, 45.525862 ], [ -122.899625, 45.529157 ], [ -122.895067, 45.52904 ], [ -122.893762, 45.530753 ], [ -122.894174, 45.532752 ], [ -122.892753, 45.532553 ], [ -122.892994, 45.534587 ], [ -122.89069, 45.535935 ], [ -122.89022, 45.538565 ], [ -122.886027, 45.537746 ], [ -122.87617, 45.534201 ], [ -122.867476, 45.534205 ], [ -122.867553, 45.541975 ], [ -122.856065, 45.537673 ], [ -122.855379, 45.540946 ], [ -122.855939, 45.541977 ], [ -122.855997, 45.549131 ], [ -122.854629, 45.550533 ], [ -122.850887, 45.551856 ], [ -122.849163, 45.550766 ], [ -122.847454, 45.551259 ], [ -122.846457, 45.550497 ], [ -122.848202, 45.549959 ], [ -122.847824, 45.548919 ], [ -122.844753, 45.549195 ], [ -122.840886, 45.545847 ], [ -122.843344, 45.545078 ], [ -122.843693, 45.54354 ], [ -122.846361, 45.542548 ], [ -122.848345, 45.542499 ], [ -122.848162, 45.541561 ], [ -122.845499, 45.541414 ], [ -122.842642, 45.543687 ], [ -122.840292, 45.543949 ], [ -122.839414, 45.54477 ], [ -122.836188, 45.543411 ], [ -122.829315, 45.542598 ], [ -122.824497, 45.542768 ], [ -122.824453, 45.534217 ], [ -122.826277, 45.534261 ], [ -122.831253, 45.533219 ], [ -122.831253, 45.531866 ], [ -122.834913, 45.531864 ], [ -122.837367, 45.531148 ], [ -122.836763, 45.530479 ], [ -122.827796, 45.526953 ], [ -122.82777, 45.526738 ], [ -122.827585, 45.526438 ], [ -122.825373, 45.52469 ], [ -122.827623, 45.52478 ], [ -122.827658, 45.523236 ], [ -122.824318, 45.523208 ], [ -122.824742, 45.521428 ], [ -122.820521, 45.521451 ], [ -122.820266, 45.52002 ], [ -122.815971, 45.519959 ], [ -122.817744, 45.516222 ], [ -122.819983, 45.512496 ], [ -122.823189, 45.50956 ], [ -122.827548, 45.50242 ], [ -122.828451, 45.499364 ], [ -122.826755, 45.495699 ], [ -122.826126, 45.492814 ], [ -122.830008, 45.493357 ], [ -122.832579, 45.493252 ], [ -122.831999, 45.492559 ], [ -122.832798, 45.490376 ], [ -122.826111, 45.489394 ], [ -122.828844, 45.489648 ], [ -122.838608, 45.490688 ], [ -122.851967, 45.492095 ], [ -122.86428, 45.493525 ], [ -122.867177, 45.493628 ], [ -122.89168, 45.49623 ], [ -122.901569, 45.497191 ], [ -122.902211, 45.497268 ], [ -122.902129, 45.499478 ] ] ] ] } },
{ "type": "Feature", "properties": { "zipcode": "97024", "approval_t": "Average bus approval score", "calculation": 3.6 }, "geometry": { "type": "MultiPolygon", "coordinates": [ [ [ [ -122.477155, 45.548161 ], [ -122.472665, 45.547964 ], [ -122.472419, 45.549289 ], [ -122.46282, 45.548337 ], [ -122.456792, 45.549985 ], [ -122.457119, 45.552357 ], [ -122.456367, 45.553468 ], [ -122.459871, 45.556594 ], [ -122.459564, 45.557573 ], [ -122.458689, 45.558243 ], [ -122.458579, 45.560333 ], [ -122.441061761000014, 45.56416997555408 ], [ -122.438674, 45.563585 ], [ -122.416934004748015, 45.566731578260097 ], [ -122.416879, 45.56085 ], [ -122.423165, 45.56045 ], [ -122.423152, 45.555171 ], [ -122.423146, 45.552918 ], [ -122.423185, 45.551679 ], [ -122.426593, 45.549304 ], [ -122.430956, 45.548102 ], [ -122.425697, 45.54862 ], [ -122.419765, 45.547546 ], [ -122.419751, 45.546333 ], [ -122.421493, 45.546349 ], [ -122.42148, 45.542943 ], [ -122.425111, 45.542948 ], [ -122.425124, 45.540556 ], [ -122.42386, 45.540343 ], [ -122.423877, 45.536353 ], [ -122.427495, 45.535876 ], [ -122.427474, 45.534258 ], [ -122.432626, 45.534268 ], [ -122.433654, 45.533297 ], [ -122.433621, 45.527827 ], [ -122.450709, 45.527789 ], [ -122.453713, 45.526999 ], [ -122.457216, 45.527898 ], [ -122.457216, 45.530785 ], [ -122.456907, 45.534385 ], [ -122.458286, 45.534385 ], [ -122.458285, 45.536897 ], [ -122.456664, 45.536913 ], [ -122.456627, 45.545033 ], [ -122.477183, 45.545984 ], [ -122.477155, 45.548161 ] ] ] ] } },
{ "type": "Feature", "properties": { "zipcode": "97024", "approval_t": "Average MAX approval score", "calculation": 3.8666666666666667 }, "geometry": { "type": "MultiPolygon", "coordinates": [ [ [ [ -122.477155, 45.548161 ], [ -122.472665, 45.547964 ], [ -122.472419, 45.549289 ], [ -122.46282, 45.548337 ], [ -122.456792, 45.549985 ], [ -122.457119, 45.552357 ], [ -122.456367, 45.553468 ], [ -122.459871, 45.556594 ], [ -122.459564, 45.557573 ], [ -122.458689, 45.558243 ], [ -122.458579, 45.560333 ], [ -122.441061761000014, 45.56416997555408 ], [ -122.438674, 45.563585 ], [ -122.416934004748015, 45.566731578260097 ], [ -122.416879, 45.56085 ], [ -122.423165, 45.56045 ], [ -122.423152, 45.555171 ], [ -122.423146, 45.552918 ], [ -122.423185, 45.551679 ], [ -122.426593, 45.549304 ], [ -122.430956, 45.548102 ], [ -122.425697, 45.54862 ], [ -122.419765, 45.547546 ], [ -122.419751, 45.546333 ], [ -122.421493, 45.546349 ], [ -122.42148, 45.542943 ], [ -122.425111, 45.542948 ], [ -122.425124, 45.540556 ], [ -122.42386, 45.540343 ], [ -122.423877, 45.536353 ], [ -122.427495, 45.535876 ], [ -122.427474, 45.534258 ], [ -122.432626, 45.534268 ], [ -122.433654, 45.533297 ], [ -122.433621, 45.527827 ], [ -122.450709, 45.527789 ], [ -122.453713, 45.526999 ], [ -122.457216, 45.527898 ], [ -122.457216, 45.530785 ], [ -122.456907, 45.534385 ], [ -122.458286, 45.534385 ], [ -122.458285, 45.536897 ], [ -122.456664, 45.536913 ], [ -122.456627, 45.545033 ], [ -122.477183, 45.545984 ], [ -122.477155, 45.548161 ] ] ] ] } },
{ "type": "Feature", "properties": { "zipcode": "97027", "approval_t": "Average bus approval score", "calculation": 4.166666666666667 }, "geometry": { "type": "MultiPolygon", "coordinates": [ [ [ [ -122.621237, 45.38027 ], [ -122.619865, 45.380684 ], [ -122.617279, 45.379517 ], [ -122.614497, 45.379482 ], [ -122.60779, 45.381809 ], [ -122.60833, 45.382945 ], [ -122.607093, 45.383669 ], [ -122.608172, 45.385054 ], [ -122.60326, 45.388647 ], [ -122.60228, 45.388996 ], [ -122.604261, 45.390608 ], [ -122.601505, 45.391857 ], [ -122.601966, 45.392547 ], [ -122.59821, 45.395166 ], [ -122.598785, 45.395871 ], [ -122.594166, 45.399531 ], [ -122.595109, 45.400929 ], [ -122.597027, 45.401601 ], [ -122.599826, 45.400312 ], [ -122.599895, 45.399052 ], [ -122.603219, 45.401023 ], [ -122.598119, 45.404032 ], [ -122.593938, 45.401876 ], [ -122.59182, 45.401603 ], [ -122.590199, 45.400515 ], [ -122.588166, 45.401823 ], [ -122.587269, 45.401202 ], [ -122.583117, 45.401239 ], [ -122.581954, 45.400602 ], [ -122.573975, 45.397787 ], [ -122.57584, 45.393211 ], [ -122.573489, 45.395349 ], [ -122.575338, 45.391334 ], [ -122.571079, 45.3914 ], [ -122.574165, 45.38884 ], [ -122.5737, 45.385277 ], [ -122.574425, 45.38213 ], [ -122.576302, 45.379211 ], [ -122.577565, 45.379756 ], [ -122.579987, 45.380638 ], [ -122.581703, 45.380676 ], [ -122.582787, 45.37925 ], [ -122.584991, 45.378563 ], [ -122.591164, 45.378559 ], [ -122.596153, 45.375164 ], [ -122.599594, 45.37463 ], [ -122.601776, 45.373283 ], [ -122.603905, 45.372673 ], [ -122.607802, 45.372342 ], [ -122.617403, 45.375342 ], [ -122.620103, 45.377642 ], [ -122.620703, 45.378642 ], [ -122.621237, 45.38027 ] ] ] ] } },
{ "type": "Feature", "properties": { "zipcode": "97027", "approval_t": "Average MAX approval score", "calculation": 4.1428571428571432 }, "geometry": { "type": "MultiPolygon", "coordinates": [ [ [ [ -122.621237, 45.38027 ], [ -122.619865, 45.380684 ], [ -122.617279, 45.379517 ], [ -122.614497, 45.379482 ], [ -122.60779, 45.381809 ], [ -122.60833, 45.382945 ], [ -122.607093, 45.383669 ], [ -122.608172, 45.385054 ], [ -122.60326, 45.388647 ], [ -122.60228, 45.388996 ], [ -122.604261, 45.390608 ], [ -122.601505, 45.391857 ], [ -122.601966, 45.392547 ], [ -122.59821, 45.395166 ], [ -122.598785, 45.395871 ], [ -122.594166, 45.399531 ], [ -122.595109, 45.400929 ], [ -122.597027, 45.401601 ], [ -122.599826, 45.400312 ], [ -122.599895, 45.399052 ], [ -122.603219, 45.401023 ], [ -122.598119, 45.404032 ], [ -122.593938, 45.401876 ], [ -122.59182, 45.401603 ], [ -122.590199, 45.400515 ], [ -122.588166, 45.401823 ], [ -122.587269, 45.401202 ], [ -122.583117, 45.401239 ], [ -122.581954, 45.400602 ], [ -122.573975, 45.397787 ], [ -122.57584, 45.393211 ], [ -122.573489, 45.395349 ], [ -122.575338, 45.391334 ], [ -122.571079, 45.3914 ], [ -122.574165, 45.38884 ], [ -122.5737, 45.385277 ], [ -122.574425, 45.38213 ], [ -122.576302, 45.379211 ], [ -122.577565, 45.379756 ], [ -122.579987, 45.380638 ], [ -122.581703, 45.380676 ], [ -122.582787, 45.37925 ], [ -122.584991, 45.378563 ], [ -122.591164, 45.378559 ], [ -122.596153, 45.375164 ], [ -122.599594, 45.37463 ], [ -122.601776, 45.373283 ], [ -122.603905, 45.372673 ], [ -122.607802, 45.372342 ], [ -122.617403, 45.375342 ], [ -122.620103, 45.377642 ], [ -122.620703, 45.378642 ], [ -122.621237, 45.38027 ] ] ] ] } },
{ "type": "Feature", "properties": { "zipcode": "97030", "approval_t": "Average bus approval score", "calculation": 3.8076923076923075 }, "geometry": { "type": "MultiPolygon", "coordinates": [ [ [ [ -122.482943, 45.493571 ], [ -122.479508, 45.494467 ], [ -122.475555, 45.494454 ], [ -122.475593, 45.504564 ], [ -122.471363, 45.504536 ], [ -122.467888, 45.504956 ], [ -122.467977, 45.511739 ], [ -122.460322, 45.511832 ], [ -122.460283, 45.516114 ], [ -122.455301, 45.515043 ], [ -122.455189, 45.519147 ], [ -122.453655, 45.519136 ], [ -122.453692, 45.524178 ], [ -122.453713, 45.526999 ], [ -122.450709, 45.527789 ], [ -122.433621, 45.527827 ], [ -122.413133, 45.527719 ], [ -122.413142, 45.52431 ], [ -122.4088, 45.524316 ], [ -122.408958, 45.522939 ], [ -122.410574, 45.522952 ], [ -122.410577, 45.519049 ], [ -122.401138, 45.519066 ], [ -122.401332, 45.516874 ], [ -122.399003, 45.516308 ], [ -122.398418, 45.519069 ], [ -122.386881, 45.519034 ], [ -122.387139, 45.51117 ], [ -122.386534, 45.510294 ], [ -122.390126, 45.509892 ], [ -122.390811, 45.507046 ], [ -122.389599, 45.506898 ], [ -122.389602, 45.504659 ], [ -122.386427, 45.502158 ], [ -122.385445, 45.502143 ], [ -122.384994, 45.500123 ], [ -122.387388, 45.501709 ], [ -122.387004, 45.49629 ], [ -122.389814, 45.496315 ], [ -122.389777, 45.498436 ], [ -122.390787, 45.498441 ], [ -122.390927, 45.496567 ], [ -122.393392, 45.496601 ], [ -122.398739, 45.497558 ], [ -122.398771, 45.498264 ], [ -122.401191, 45.497605 ], [ -122.413379, 45.497717 ], [ -122.422651, 45.498038 ], [ -122.424041, 45.497393 ], [ -122.42599, 45.498031 ], [ -122.430939, 45.497936 ], [ -122.430854, 45.49582 ], [ -122.432985, 45.496585 ], [ -122.434593, 45.495243 ], [ -122.434611, 45.497174 ], [ -122.438218, 45.497126 ], [ -122.439754, 45.495627 ], [ -122.442256, 45.495141 ], [ -122.44018, 45.496609 ], [ -122.444773, 45.497117 ], [ -122.444725, 45.494875 ], [ -122.447016, 45.494639 ], [ -122.44702, 45.497104 ], [ -122.456836, 45.496985 ], [ -122.456815, 45.494817 ], [ -122.455453, 45.494153 ], [ -122.456955, 45.493485 ], [ -122.456186, 45.489133 ], [ -122.469312, 45.488592 ], [ -122.476652, 45.490752 ], [ -122.482949, 45.491962 ], [ -122.482943, 45.493571 ] ] ] ] } },
{ "type": "Feature", "properties": { "zipcode": "97030", "approval_t": "Average MAX approval score", "calculation": 3.7868852459016393 }, "geometry": { "type": "MultiPolygon", "coordinates": [ [ [ [ -122.482943, 45.493571 ], [ -122.479508, 45.494467 ], [ -122.475555, 45.494454 ], [ -122.475593, 45.504564 ], [ -122.471363, 45.504536 ], [ -122.467888, 45.504956 ], [ -122.467977, 45.511739 ], [ -122.460322, 45.511832 ], [ -122.460283, 45.516114 ], [ -122.455301, 45.515043 ], [ -122.455189, 45.519147 ], [ -122.453655, 45.519136 ], [ -122.453692, 45.524178 ], [ -122.453713, 45.526999 ], [ -122.450709, 45.527789 ], [ -122.433621, 45.527827 ], [ -122.413133, 45.527719 ], [ -122.413142, 45.52431 ], [ -122.4088, 45.524316 ], [ -122.408958, 45.522939 ], [ -122.410574, 45.522952 ], [ -122.410577, 45.519049 ], [ -122.401138, 45.519066 ], [ -122.401332, 45.516874 ], [ -122.399003, 45.516308 ], [ -122.398418, 45.519069 ], [ -122.386881, 45.519034 ], [ -122.387139, 45.51117 ], [ -122.386534, 45.510294 ], [ -122.390126, 45.509892 ], [ -122.390811, 45.507046 ], [ -122.389599, 45.506898 ], [ -122.389602, 45.504659 ], [ -122.386427, 45.502158 ], [ -122.385445, 45.502143 ], [ -122.384994, 45.500123 ], [ -122.387388, 45.501709 ], [ -122.387004, 45.49629 ], [ -122.389814, 45.496315 ], [ -122.389777, 45.498436 ], [ -122.390787, 45.498441 ], [ -122.390927, 45.496567 ], [ -122.393392, 45.496601 ], [ -122.398739, 45.497558 ], [ -122.398771, 45.498264 ], [ -122.401191, 45.497605 ], [ -122.413379, 45.497717 ], [ -122.422651, 45.498038 ], [ -122.424041, 45.497393 ], [ -122.42599, 45.498031 ], [ -122.430939, 45.497936 ], [ -122.430854, 45.49582 ], [ -122.432985, 45.496585 ], [ -122.434593, 45.495243 ], [ -122.434611, 45.497174 ], [ -122.438218, 45.497126 ], [ -122.439754, 45.495627 ], [ -122.442256, 45.495141 ], [ -122.44018, 45.496609 ], [ -122.444773, 45.497117 ], [ -122.444725, 45.494875 ], [ -122.447016, 45.494639 ], [ -122.44702, 45.497104 ], [ -122.456836, 45.496985 ], [ -122.456815, 45.494817 ], [ -122.455453, 45.494153 ], [ -122.456955, 45.493485 ], [ -122.456186, 45.489133 ], [ -122.469312, 45.488592 ], [ -122.476652, 45.490752 ], [ -122.482949, 45.491962 ], [ -122.482943, 45.493571 ] ] ] ] } },
{ "type": "Feature", "properties": { "zipcode": "97035", "approval_t": "Average bus approval score", "calculation": 3.44 }, "geometry": { "type": "MultiPolygon", "coordinates": [ [ [ [ -122.750439, 45.388439 ], [ -122.746507, 45.39018 ], [ -122.743939, 45.393033 ], [ -122.743848, 45.396544 ], [ -122.747247, 45.396382 ], [ -122.745405, 45.401068 ], [ -122.744721, 45.403146 ], [ -122.743942, 45.402702 ], [ -122.744029, 45.415311 ], [ -122.743991, 45.426023 ], [ -122.74037, 45.426086 ], [ -122.738574, 45.427188 ], [ -122.73853, 45.433238 ], [ -122.733422, 45.433199 ], [ -122.733418, 45.434371 ], [ -122.728199, 45.43433 ], [ -122.726477, 45.437316 ], [ -122.727069, 45.440383 ], [ -122.717218, 45.440302 ], [ -122.717248, 45.438164 ], [ -122.715036, 45.438148 ], [ -122.714952, 45.44024 ], [ -122.712821, 45.440225 ], [ -122.712797, 45.434929 ], [ -122.710239, 45.434678 ], [ -122.710227, 45.440207 ], [ -122.70762, 45.440179 ], [ -122.707632, 45.43881 ], [ -122.703856, 45.4388 ], [ -122.702593, 45.438343 ], [ -122.698148, 45.438287 ], [ -122.697396, 45.436014 ], [ -122.699044, 45.433545 ], [ -122.700004, 45.43432 ], [ -122.700007, 45.43304 ], [ -122.700032, 45.432208 ], [ -122.70251, 45.431809 ], [ -122.704021, 45.427671 ], [ -122.707838, 45.424479 ], [ -122.70304, 45.425157 ], [ -122.697753, 45.423766 ], [ -122.699949, 45.422467 ], [ -122.700932, 45.418618 ], [ -122.703951, 45.41779 ], [ -122.706194, 45.418491 ], [ -122.707525, 45.417967 ], [ -122.70826, 45.414433 ], [ -122.706291, 45.412762 ], [ -122.70484, 45.412586 ], [ -122.705358, 45.409124 ], [ -122.700607, 45.408862 ], [ -122.713606, 45.405641 ], [ -122.7145, 45.401848 ], [ -122.716858, 45.400379 ], [ -122.719063, 45.397198 ], [ -122.71962, 45.392715 ], [ -122.720589, 45.389763 ], [ -122.720055, 45.385078 ], [ -122.721413, 45.382614 ], [ -122.729179, 45.383522 ], [ -122.734909, 45.383881 ], [ -122.74012, 45.385082 ], [ -122.743156, 45.386215 ], [ -122.743919, 45.386122 ], [ -122.750703, 45.387604 ], [ -122.750439, 45.388439 ] ] ] ] } },
{ "type": "Feature", "properties": { "zipcode": "97035", "approval_t": "Average MAX approval score", "calculation": 3.5806451612903225 }, "geometry": { "type": "MultiPolygon", "coordinates": [ [ [ [ -122.750439, 45.388439 ], [ -122.746507, 45.39018 ], [ -122.743939, 45.393033 ], [ -122.743848, 45.396544 ], [ -122.747247, 45.396382 ], [ -122.745405, 45.401068 ], [ -122.744721, 45.403146 ], [ -122.743942, 45.402702 ], [ -122.744029, 45.415311 ], [ -122.743991, 45.426023 ], [ -122.74037, 45.426086 ], [ -122.738574, 45.427188 ], [ -122.73853, 45.433238 ], [ -122.733422, 45.433199 ], [ -122.733418, 45.434371 ], [ -122.728199, 45.43433 ], [ -122.726477, 45.437316 ], [ -122.727069, 45.440383 ], [ -122.717218, 45.440302 ], [ -122.717248, 45.438164 ], [ -122.715036, 45.438148 ], [ -122.714952, 45.44024 ], [ -122.712821, 45.440225 ], [ -122.712797, 45.434929 ], [ -122.710239, 45.434678 ], [ -122.710227, 45.440207 ], [ -122.70762, 45.440179 ], [ -122.707632, 45.43881 ], [ -122.703856, 45.4388 ], [ -122.702593, 45.438343 ], [ -122.698148, 45.438287 ], [ -122.697396, 45.436014 ], [ -122.699044, 45.433545 ], [ -122.700004, 45.43432 ], [ -122.700007, 45.43304 ], [ -122.700032, 45.432208 ], [ -122.70251, 45.431809 ], [ -122.704021, 45.427671 ], [ -122.707838, 45.424479 ], [ -122.70304, 45.425157 ], [ -122.697753, 45.423766 ], [ -122.699949, 45.422467 ], [ -122.700932, 45.418618 ], [ -122.703951, 45.41779 ], [ -122.706194, 45.418491 ], [ -122.707525, 45.417967 ], [ -122.70826, 45.414433 ], [ -122.706291, 45.412762 ], [ -122.70484, 45.412586 ], [ -122.705358, 45.409124 ], [ -122.700607, 45.408862 ], [ -122.713606, 45.405641 ], [ -122.7145, 45.401848 ], [ -122.716858, 45.400379 ], [ -122.719063, 45.397198 ], [ -122.71962, 45.392715 ], [ -122.720589, 45.389763 ], [ -122.720055, 45.385078 ], [ -122.721413, 45.382614 ], [ -122.729179, 45.383522 ], [ -122.734909, 45.383881 ], [ -122.74012, 45.385082 ], [ -122.743156, 45.386215 ], [ -122.743919, 45.386122 ], [ -122.750703, 45.387604 ], [ -122.750439, 45.388439 ] ] ] ] } },
{ "type": "Feature", "properties": { "zipcode": "98607", "approval_t": "Average bus approval score", "calculation": 2.25 }, "geometry": { "type": "MultiPolygon", "coordinates": [ [ [ [ -122.477872, 45.599929 ], [ -122.475866, 45.60373 ], [ -122.475948, 45.621288 ], [ -122.47588, 45.635472 ], [ -122.461768, 45.635583 ], [ -122.457717, 45.637894 ], [ -122.45684, 45.638823 ], [ -122.452154, 45.642451 ], [ -122.447576, 45.643199 ], [ -122.466793, 45.656383 ], [ -122.463846, 45.656401 ], [ -122.463831, 45.655719 ], [ -122.455298, 45.655799 ], [ -122.455331, 45.650422 ], [ -122.452054, 45.650428 ], [ -122.452006, 45.646782 ], [ -122.445023, 45.64683 ], [ -122.444922, 45.650552 ], [ -122.434753, 45.650482 ], [ -122.429142, 45.650241 ], [ -122.424407, 45.650436 ], [ -122.424396, 45.650527 ], [ -122.420142, 45.650123 ], [ -122.406457, 45.650121 ], [ -122.404779, 45.651205 ], [ -122.40821, 45.650706 ], [ -122.40943, 45.651299 ], [ -122.41575, 45.65287 ], [ -122.416985, 45.655883 ], [ -122.41716, 45.656916 ], [ -122.404412, 45.657021 ], [ -122.399987, 45.656888 ], [ -122.400075, 45.661023 ], [ -122.393226, 45.661033 ], [ -122.394838, 45.662541 ], [ -122.394722, 45.66401 ], [ -122.393316, 45.664177 ], [ -122.393283, 45.679826 ], [ -122.393454, 45.694262 ], [ -122.372758, 45.694219 ], [ -122.372393, 45.715635 ], [ -122.352778, 45.716026 ], [ -122.346402, 45.715959 ], [ -122.344614, 45.714611 ], [ -122.342508, 45.714446 ], [ -122.341665, 45.71313 ], [ -122.337771, 45.713243 ], [ -122.334395, 45.714173 ], [ -122.329711, 45.716104 ], [ -122.328348, 45.71787 ], [ -122.326021, 45.719437 ], [ -122.324124, 45.719692 ], [ -122.322522, 45.72135 ], [ -122.323005, 45.724134 ], [ -122.322561, 45.725492 ], [ -122.323869, 45.727302 ], [ -122.322973, 45.731134 ], [ -122.31726, 45.72823 ], [ -122.314062, 45.727407 ], [ -122.312789, 45.726059 ], [ -122.310602, 45.72535 ], [ -122.31243, 45.724984 ], [ -122.315726, 45.726973 ], [ -122.317293, 45.726493 ], [ -122.318533, 45.723978 ], [ -122.318141, 45.723064 ], [ -122.314036, 45.720599 ], [ -122.315334, 45.719294 ], [ -122.309054, 45.715749 ], [ -122.308563, 45.714314 ], [ -122.304184, 45.713306 ], [ -122.297813, 45.708186 ], [ -122.296664, 45.706 ], [ -122.293739, 45.704691 ], [ -122.289811, 45.70359 ], [ -122.287229, 45.70341 ], [ -122.284735, 45.702527 ], [ -122.282574, 45.700789 ], [ -122.278593, 45.699379 ], [ -122.278608, 45.696837 ], [ -122.277341, 45.695279 ], [ -122.27355, 45.69345 ], [ -122.275345, 45.692049 ], [ -122.276325, 45.690316 ], [ -122.272282, 45.687504 ], [ -122.271853, 45.685822 ], [ -122.27368, 45.684259 ], [ -122.268416, 45.682139 ], [ -122.266773, 45.679937 ], [ -122.268156, 45.677488 ], [ -122.270622, 45.674499 ], [ -122.266427, 45.673235 ], [ -122.267157, 45.672506 ], [ -122.266598, 45.669534 ], [ -122.263105, 45.669494 ], [ -122.259846, 45.668238 ], [ -122.258362, 45.666686 ], [ -122.251587, 45.666908 ], [ -122.250359, 45.665947 ], [ -122.25081, 45.664765 ], [ -122.280661, 45.66503 ], [ -122.280672, 45.657828 ], [ -122.291055, 45.657787 ], [ -122.291019, 45.655664 ], [ -122.302545, 45.654934 ], [ -122.307209, 45.654932 ], [ -122.312355, 45.655711 ], [ -122.322208, 45.655992 ], [ -122.345719, 45.657561 ], [ -122.347602, 45.656411 ], [ -122.345926, 45.65472 ], [ -122.347653, 45.652638 ], [ -122.349375, 45.651767 ], [ -122.350283, 45.647978 ], [ -122.35169, 45.646529 ], [ -122.350911, 45.645756 ], [ -122.347192, 45.646745 ], [ -122.350039, 45.645065 ], [ -122.35244, 45.644329 ], [ -122.354189, 45.64512 ], [ -122.357918, 45.643614 ], [ -122.362323, 45.643656 ], [ -122.367391, 45.641162 ], [ -122.374034, 45.635655 ], [ -122.375479, 45.635654 ], [ -122.376997, 45.634124 ], [ -122.376081, 45.632237 ], [ -122.37774, 45.63137 ], [ -122.377823, 45.632106 ], [ -122.382685, 45.634858 ], [ -122.383146, 45.635098 ], [ -122.383168, 45.633135 ], [ -122.383182, 45.629719 ], [ -122.383118, 45.628739 ], [ -122.383182, 45.62755 ], [ -122.380887, 45.627556 ], [ -122.380228, 45.625473 ], [ -122.377088, 45.621566 ], [ -122.37566, 45.620656 ], [ -122.37572, 45.621583 ], [ -122.373989, 45.622857 ], [ -122.373335, 45.617289 ], [ -122.373271, 45.613725 ], [ -122.372149, 45.605224 ], [ -122.376207, 45.605869 ], [ -122.380693, 45.606205 ], [ -122.381576, 45.606398 ], [ -122.382621, 45.604804 ], [ -122.38062, 45.604796 ], [ -122.372033, 45.604811 ], [ -122.371593, 45.600943 ], [ -122.371819, 45.597519 ], [ -122.3827, 45.597578 ], [ -122.38559, 45.596462 ], [ -122.385575, 45.595281 ], [ -122.385576, 45.593737 ], [ -122.385596, 45.591797 ], [ -122.373051, 45.58911 ], [ -122.373241, 45.588056 ], [ -122.369492, 45.58484 ], [ -122.368813, 45.586145 ], [ -122.367342, 45.585327 ], [ -122.369146, 45.581717 ], [ -122.379929, 45.582687 ], [ -122.380776, 45.579012 ], [ -122.382249, 45.579085 ], [ -122.38248, 45.577831 ], [ -122.383037, 45.577422 ], [ -122.383435896740991, 45.575559482135894 ], [ -122.391802, 45.574541 ], [ -122.410706, 45.567633 ], [ -122.416934004748015, 45.566731578260097 ], [ -122.438674, 45.563585 ], [ -122.441061761000014, 45.56416997555408 ], [ -122.453891, 45.567313 ], [ -122.474659, 45.578305 ], [ -122.475778139509018, 45.578654971461589 ], [ -122.475789, 45.583272 ], [ -122.475926, 45.598654 ], [ -122.478161, 45.598413 ], [ -122.477872, 45.599929 ] ] ] ] } },
{ "type": "Feature", "properties": { "zipcode": "98607", "approval_t": "Average MAX approval score", "calculation": 2.4 }, "geometry": { "type": "MultiPolygon", "coordinates": [ [ [ [ -122.477872, 45.599929 ], [ -122.475866, 45.60373 ], [ -122.475948, 45.621288 ], [ -122.47588, 45.635472 ], [ -122.461768, 45.635583 ], [ -122.457717, 45.637894 ], [ -122.45684, 45.638823 ], [ -122.452154, 45.642451 ], [ -122.447576, 45.643199 ], [ -122.466793, 45.656383 ], [ -122.463846, 45.656401 ], [ -122.463831, 45.655719 ], [ -122.455298, 45.655799 ], [ -122.455331, 45.650422 ], [ -122.452054, 45.650428 ], [ -122.452006, 45.646782 ], [ -122.445023, 45.64683 ], [ -122.444922, 45.650552 ], [ -122.434753, 45.650482 ], [ -122.429142, 45.650241 ], [ -122.424407, 45.650436 ], [ -122.424396, 45.650527 ], [ -122.420142, 45.650123 ], [ -122.406457, 45.650121 ], [ -122.404779, 45.651205 ], [ -122.40821, 45.650706 ], [ -122.40943, 45.651299 ], [ -122.41575, 45.65287 ], [ -122.416985, 45.655883 ], [ -122.41716, 45.656916 ], [ -122.404412, 45.657021 ], [ -122.399987, 45.656888 ], [ -122.400075, 45.661023 ], [ -122.393226, 45.661033 ], [ -122.394838, 45.662541 ], [ -122.394722, 45.66401 ], [ -122.393316, 45.664177 ], [ -122.393283, 45.679826 ], [ -122.393454, 45.694262 ], [ -122.372758, 45.694219 ], [ -122.372393, 45.715635 ], [ -122.352778, 45.716026 ], [ -122.346402, 45.715959 ], [ -122.344614, 45.714611 ], [ -122.342508, 45.714446 ], [ -122.341665, 45.71313 ], [ -122.337771, 45.713243 ], [ -122.334395, 45.714173 ], [ -122.329711, 45.716104 ], [ -122.328348, 45.71787 ], [ -122.326021, 45.719437 ], [ -122.324124, 45.719692 ], [ -122.322522, 45.72135 ], [ -122.323005, 45.724134 ], [ -122.322561, 45.725492 ], [ -122.323869, 45.727302 ], [ -122.322973, 45.731134 ], [ -122.31726, 45.72823 ], [ -122.314062, 45.727407 ], [ -122.312789, 45.726059 ], [ -122.310602, 45.72535 ], [ -122.31243, 45.724984 ], [ -122.315726, 45.726973 ], [ -122.317293, 45.726493 ], [ -122.318533, 45.723978 ], [ -122.318141, 45.723064 ], [ -122.314036, 45.720599 ], [ -122.315334, 45.719294 ], [ -122.309054, 45.715749 ], [ -122.308563, 45.714314 ], [ -122.304184, 45.713306 ], [ -122.297813, 45.708186 ], [ -122.296664, 45.706 ], [ -122.293739, 45.704691 ], [ -122.289811, 45.70359 ], [ -122.287229, 45.70341 ], [ -122.284735, 45.702527 ], [ -122.282574, 45.700789 ], [ -122.278593, 45.699379 ], [ -122.278608, 45.696837 ], [ -122.277341, 45.695279 ], [ -122.27355, 45.69345 ], [ -122.275345, 45.692049 ], [ -122.276325, 45.690316 ], [ -122.272282, 45.687504 ], [ -122.271853, 45.685822 ], [ -122.27368, 45.684259 ], [ -122.268416, 45.682139 ], [ -122.266773, 45.679937 ], [ -122.268156, 45.677488 ], [ -122.270622, 45.674499 ], [ -122.266427, 45.673235 ], [ -122.267157, 45.672506 ], [ -122.266598, 45.669534 ], [ -122.263105, 45.669494 ], [ -122.259846, 45.668238 ], [ -122.258362, 45.666686 ], [ -122.251587, 45.666908 ], [ -122.250359, 45.665947 ], [ -122.25081, 45.664765 ], [ -122.280661, 45.66503 ], [ -122.280672, 45.657828 ], [ -122.291055, 45.657787 ], [ -122.291019, 45.655664 ], [ -122.302545, 45.654934 ], [ -122.307209, 45.654932 ], [ -122.312355, 45.655711 ], [ -122.322208, 45.655992 ], [ -122.345719, 45.657561 ], [ -122.347602, 45.656411 ], [ -122.345926, 45.65472 ], [ -122.347653, 45.652638 ], [ -122.349375, 45.651767 ], [ -122.350283, 45.647978 ], [ -122.35169, 45.646529 ], [ -122.350911, 45.645756 ], [ -122.347192, 45.646745 ], [ -122.350039, 45.645065 ], [ -122.35244, 45.644329 ], [ -122.354189, 45.64512 ], [ -122.357918, 45.643614 ], [ -122.362323, 45.643656 ], [ -122.367391, 45.641162 ], [ -122.374034, 45.635655 ], [ -122.375479, 45.635654 ], [ -122.376997, 45.634124 ], [ -122.376081, 45.632237 ], [ -122.37774, 45.63137 ], [ -122.377823, 45.632106 ], [ -122.382685, 45.634858 ], [ -122.383146, 45.635098 ], [ -122.383168, 45.633135 ], [ -122.383182, 45.629719 ], [ -122.383118, 45.628739 ], [ -122.383182, 45.62755 ], [ -122.380887, 45.627556 ], [ -122.380228, 45.625473 ], [ -122.377088, 45.621566 ], [ -122.37566, 45.620656 ], [ -122.37572, 45.621583 ], [ -122.373989, 45.622857 ], [ -122.373335, 45.617289 ], [ -122.373271, 45.613725 ], [ -122.372149, 45.605224 ], [ -122.376207, 45.605869 ], [ -122.380693, 45.606205 ], [ -122.381576, 45.606398 ], [ -122.382621, 45.604804 ], [ -122.38062, 45.604796 ], [ -122.372033, 45.604811 ], [ -122.371593, 45.600943 ], [ -122.371819, 45.597519 ], [ -122.3827, 45.597578 ], [ -122.38559, 45.596462 ], [ -122.385575, 45.595281 ], [ -122.385576, 45.593737 ], [ -122.385596, 45.591797 ], [ -122.373051, 45.58911 ], [ -122.373241, 45.588056 ], [ -122.369492, 45.58484 ], [ -122.368813, 45.586145 ], [ -122.367342, 45.585327 ], [ -122.369146, 45.581717 ], [ -122.379929, 45.582687 ], [ -122.380776, 45.579012 ], [ -122.382249, 45.579085 ], [ -122.38248, 45.577831 ], [ -122.383037, 45.577422 ], [ -122.383435896740991, 45.575559482135894 ], [ -122.391802, 45.574541 ], [ -122.410706, 45.567633 ], [ -122.416934004748015, 45.566731578260097 ], [ -122.438674, 45.563585 ], [ -122.441061761000014, 45.56416997555408 ], [ -122.453891, 45.567313 ], [ -122.474659, 45.578305 ], [ -122.475778139509018, 45.578654971461589 ], [ -122.475789, 45.583272 ], [ -122.475926, 45.598654 ], [ -122.478161, 45.598413 ], [ -122.477872, 45.599929 ] ] ] ] } },
{ "type": "Feature", "properties": { "zipcode": "97224", "approval_t": "Average bus approval score", "calculation": 3.6511627906976742 }, "geometry": { "type": "MultiPolygon", "coordinates": [ [ [ [ -122.851823, 45.389564 ], [ -122.848097, 45.389644 ], [ -122.846066, 45.390115 ], [ -122.845714, 45.392244 ], [ -122.843648, 45.393363 ], [ -122.843615, 45.39464 ], [ -122.841636, 45.397667 ], [ -122.841573, 45.400385 ], [ -122.841501, 45.405822 ], [ -122.846736, 45.405817 ], [ -122.846653, 45.412445 ], [ -122.851668, 45.412395 ], [ -122.851847, 45.421032 ], [ -122.848519, 45.421058 ], [ -122.848342, 45.419396 ], [ -122.846216, 45.419419 ], [ -122.845031, 45.416543 ], [ -122.839673, 45.41749 ], [ -122.838809, 45.420442 ], [ -122.836459, 45.420191 ], [ -122.83648, 45.419375 ], [ -122.832338, 45.419408 ], [ -122.826416, 45.419889 ], [ -122.826431, 45.41819 ], [ -122.820218, 45.418211 ], [ -122.81853, 45.41871 ], [ -122.810991, 45.418625 ], [ -122.811082, 45.417594 ], [ -122.812894, 45.417589 ], [ -122.812804, 45.415713 ], [ -122.810223, 45.416021 ], [ -122.81022, 45.414264 ], [ -122.809481, 45.414257 ], [ -122.809256, 45.417556 ], [ -122.805611, 45.418827 ], [ -122.801258, 45.418633 ], [ -122.789402, 45.418707 ], [ -122.788052, 45.417861 ], [ -122.787243, 45.41868 ], [ -122.777537, 45.418742 ], [ -122.775556, 45.419723 ], [ -122.766374, 45.419896 ], [ -122.763652, 45.418706 ], [ -122.757813, 45.418792 ], [ -122.7561, 45.417694 ], [ -122.756911, 45.417093 ], [ -122.753782, 45.415172 ], [ -122.756236, 45.418357 ], [ -122.756017, 45.419328 ], [ -122.76253, 45.42425 ], [ -122.76292, 45.424951 ], [ -122.754137, 45.418194 ], [ -122.749046, 45.418222 ], [ -122.749067, 45.415237 ], [ -122.744029, 45.415311 ], [ -122.743942, 45.402702 ], [ -122.744721, 45.403146 ], [ -122.745405, 45.401068 ], [ -122.747247, 45.396382 ], [ -122.743848, 45.396544 ], [ -122.743939, 45.393033 ], [ -122.746507, 45.39018 ], [ -122.750439, 45.388439 ], [ -122.754788, 45.385586 ], [ -122.757406, 45.386112 ], [ -122.761311, 45.386308 ], [ -122.762205, 45.387334 ], [ -122.764441, 45.387329 ], [ -122.764422, 45.393219 ], [ -122.767052, 45.392764 ], [ -122.768364, 45.393548 ], [ -122.768008, 45.394629 ], [ -122.769112, 45.395305 ], [ -122.772133, 45.393464 ], [ -122.774096, 45.393461 ], [ -122.774283, 45.395358 ], [ -122.775634, 45.397459 ], [ -122.77691, 45.398146 ], [ -122.780502, 45.398752 ], [ -122.783184, 45.398688 ], [ -122.791181, 45.397402 ], [ -122.794882, 45.395609 ], [ -122.800442, 45.393697 ], [ -122.804505, 45.392877 ], [ -122.805662, 45.391801 ], [ -122.806168, 45.390131 ], [ -122.808848, 45.389358 ], [ -122.811965, 45.389252 ], [ -122.815056, 45.389658 ], [ -122.818467, 45.392055 ], [ -122.821039, 45.395089 ], [ -122.822524, 45.395967 ], [ -122.82448, 45.395461 ], [ -122.829612, 45.39612 ], [ -122.835364, 45.395988 ], [ -122.837184, 45.396532 ], [ -122.840139, 45.394682 ], [ -122.840121, 45.39313 ], [ -122.837744, 45.394899 ], [ -122.835666, 45.395015 ], [ -122.835868, 45.392397 ], [ -122.834888, 45.39145 ], [ -122.83034, 45.390033 ], [ -122.829022, 45.38801 ], [ -122.830886, 45.386342 ], [ -122.832239, 45.38632 ], [ -122.834676, 45.388153 ], [ -122.84181, 45.389249 ], [ -122.851883, 45.388272 ], [ -122.851823, 45.389564 ] ] ] ] } },
{ "type": "Feature", "properties": { "zipcode": "97224", "approval_t": "Average MAX approval score", "calculation": 3.6981132075471699 }, "geometry": { "type": "MultiPolygon", "coordinates": [ [ [ [ -122.851823, 45.389564 ], [ -122.848097, 45.389644 ], [ -122.846066, 45.390115 ], [ -122.845714, 45.392244 ], [ -122.843648, 45.393363 ], [ -122.843615, 45.39464 ], [ -122.841636, 45.397667 ], [ -122.841573, 45.400385 ], [ -122.841501, 45.405822 ], [ -122.846736, 45.405817 ], [ -122.846653, 45.412445 ], [ -122.851668, 45.412395 ], [ -122.851847, 45.421032 ], [ -122.848519, 45.421058 ], [ -122.848342, 45.419396 ], [ -122.846216, 45.419419 ], [ -122.845031, 45.416543 ], [ -122.839673, 45.41749 ], [ -122.838809, 45.420442 ], [ -122.836459, 45.420191 ], [ -122.83648, 45.419375 ], [ -122.832338, 45.419408 ], [ -122.826416, 45.419889 ], [ -122.826431, 45.41819 ], [ -122.820218, 45.418211 ], [ -122.81853, 45.41871 ], [ -122.810991, 45.418625 ], [ -122.811082, 45.417594 ], [ -122.812894, 45.417589 ], [ -122.812804, 45.415713 ], [ -122.810223, 45.416021 ], [ -122.81022, 45.414264 ], [ -122.809481, 45.414257 ], [ -122.809256, 45.417556 ], [ -122.805611, 45.418827 ], [ -122.801258, 45.418633 ], [ -122.789402, 45.418707 ], [ -122.788052, 45.417861 ], [ -122.787243, 45.41868 ], [ -122.777537, 45.418742 ], [ -122.775556, 45.419723 ], [ -122.766374, 45.419896 ], [ -122.763652, 45.418706 ], [ -122.757813, 45.418792 ], [ -122.7561, 45.417694 ], [ -122.756911, 45.417093 ], [ -122.753782, 45.415172 ], [ -122.756236, 45.418357 ], [ -122.756017, 45.419328 ], [ -122.76253, 45.42425 ], [ -122.76292, 45.424951 ], [ -122.754137, 45.418194 ], [ -122.749046, 45.418222 ], [ -122.749067, 45.415237 ], [ -122.744029, 45.415311 ], [ -122.743942, 45.402702 ], [ -122.744721, 45.403146 ], [ -122.745405, 45.401068 ], [ -122.747247, 45.396382 ], [ -122.743848, 45.396544 ], [ -122.743939, 45.393033 ], [ -122.746507, 45.39018 ], [ -122.750439, 45.388439 ], [ -122.754788, 45.385586 ], [ -122.757406, 45.386112 ], [ -122.761311, 45.386308 ], [ -122.762205, 45.387334 ], [ -122.764441, 45.387329 ], [ -122.764422, 45.393219 ], [ -122.767052, 45.392764 ], [ -122.768364, 45.393548 ], [ -122.768008, 45.394629 ], [ -122.769112, 45.395305 ], [ -122.772133, 45.393464 ], [ -122.774096, 45.393461 ], [ -122.774283, 45.395358 ], [ -122.775634, 45.397459 ], [ -122.77691, 45.398146 ], [ -122.780502, 45.398752 ], [ -122.783184, 45.398688 ], [ -122.791181, 45.397402 ], [ -122.794882, 45.395609 ], [ -122.800442, 45.393697 ], [ -122.804505, 45.392877 ], [ -122.805662, 45.391801 ], [ -122.806168, 45.390131 ], [ -122.808848, 45.389358 ], [ -122.811965, 45.389252 ], [ -122.815056, 45.389658 ], [ -122.818467, 45.392055 ], [ -122.821039, 45.395089 ], [ -122.822524, 45.395967 ], [ -122.82448, 45.395461 ], [ -122.829612, 45.39612 ], [ -122.835364, 45.395988 ], [ -122.837184, 45.396532 ], [ -122.840139, 45.394682 ], [ -122.840121, 45.39313 ], [ -122.837744, 45.394899 ], [ -122.835666, 45.395015 ], [ -122.835868, 45.392397 ], [ -122.834888, 45.39145 ], [ -122.83034, 45.390033 ], [ -122.829022, 45.38801 ], [ -122.830886, 45.386342 ], [ -122.832239, 45.38632 ], [ -122.834676, 45.388153 ], [ -122.84181, 45.389249 ], [ -122.851883, 45.388272 ], [ -122.851823, 45.389564 ] ] ] ] } },
{ "type": "Feature", "properties": { "zipcode": "97060", "approval_t": "Average bus approval score", "calculation": 3.32 }, "geometry": { "type": "MultiPolygon", "coordinates": [ [ [ [ -122.433654, 45.533297 ], [ -122.432626, 45.534268 ], [ -122.427474, 45.534258 ], [ -122.427495, 45.535876 ], [ -122.423877, 45.536353 ], [ -122.42386, 45.540343 ], [ -122.425124, 45.540556 ], [ -122.425111, 45.542948 ], [ -122.42148, 45.542943 ], [ -122.421493, 45.546349 ], [ -122.419751, 45.546333 ], [ -122.419765, 45.547546 ], [ -122.425697, 45.54862 ], [ -122.430956, 45.548102 ], [ -122.426593, 45.549304 ], [ -122.423185, 45.551679 ], [ -122.423146, 45.552918 ], [ -122.423152, 45.555171 ], [ -122.423165, 45.56045 ], [ -122.416879, 45.56085 ], [ -122.416934004748015, 45.566731578260097 ], [ -122.410706, 45.567633 ], [ -122.391802, 45.574541 ], [ -122.383435896740991, 45.575559482135894 ], [ -122.380302, 45.575941 ], [ -122.352802, 45.569441 ], [ -122.331502, 45.548241 ], [ -122.294901, 45.543541 ], [ -122.294819998052006, 45.543541861722808 ], [ -122.2948, 45.542122 ], [ -122.294653, 45.541489 ], [ -122.306084, 45.539038 ], [ -122.313758, 45.538378 ], [ -122.319541, 45.538127 ], [ -122.32754, 45.538144 ], [ -122.325476, 45.533489 ], [ -122.32653, 45.529689 ], [ -122.326015, 45.527217 ], [ -122.32953, 45.525019 ], [ -122.332045, 45.524872 ], [ -122.333744, 45.52339 ], [ -122.333666, 45.519016 ], [ -122.331629, 45.51899 ], [ -122.331555, 45.515299 ], [ -122.335109, 45.513519 ], [ -122.336863, 45.513235 ], [ -122.338315, 45.510774 ], [ -122.339177, 45.50718 ], [ -122.33873, 45.50491 ], [ -122.333443, 45.502485 ], [ -122.332494, 45.500749 ], [ -122.330893, 45.499928 ], [ -122.324362, 45.498384 ], [ -122.321975, 45.498826 ], [ -122.319968, 45.498358 ], [ -122.321428, 45.496969 ], [ -122.323158, 45.496495 ], [ -122.3259, 45.4928 ], [ -122.326063, 45.490491 ], [ -122.325767, 45.483168 ], [ -122.330028, 45.485596 ], [ -122.332358, 45.488038 ], [ -122.338172, 45.484266 ], [ -122.352245, 45.486888 ], [ -122.352747, 45.488844 ], [ -122.357639, 45.489849 ], [ -122.361025, 45.490922 ], [ -122.362805, 45.493061 ], [ -122.366015, 45.494022 ], [ -122.366554, 45.495675 ], [ -122.36783, 45.495168 ], [ -122.371629, 45.495194 ], [ -122.377931, 45.497182 ], [ -122.378804, 45.497382 ], [ -122.384994, 45.500123 ], [ -122.385445, 45.502143 ], [ -122.386427, 45.502158 ], [ -122.389602, 45.504659 ], [ -122.389599, 45.506898 ], [ -122.390811, 45.507046 ], [ -122.390126, 45.509892 ], [ -122.386534, 45.510294 ], [ -122.387139, 45.51117 ], [ -122.386881, 45.519034 ], [ -122.398418, 45.519069 ], [ -122.399003, 45.516308 ], [ -122.401332, 45.516874 ], [ -122.401138, 45.519066 ], [ -122.410577, 45.519049 ], [ -122.410574, 45.522952 ], [ -122.408958, 45.522939 ], [ -122.4088, 45.524316 ], [ -122.413142, 45.52431 ], [ -122.413133, 45.527719 ], [ -122.433621, 45.527827 ], [ -122.433654, 45.533297 ] ] ] ] } },
{ "type": "Feature", "properties": { "zipcode": "97060", "approval_t": "Average MAX approval score", "calculation": 3.5333333333333332 }, "geometry": { "type": "MultiPolygon", "coordinates": [ [ [ [ -122.433654, 45.533297 ], [ -122.432626, 45.534268 ], [ -122.427474, 45.534258 ], [ -122.427495, 45.535876 ], [ -122.423877, 45.536353 ], [ -122.42386, 45.540343 ], [ -122.425124, 45.540556 ], [ -122.425111, 45.542948 ], [ -122.42148, 45.542943 ], [ -122.421493, 45.546349 ], [ -122.419751, 45.546333 ], [ -122.419765, 45.547546 ], [ -122.425697, 45.54862 ], [ -122.430956, 45.548102 ], [ -122.426593, 45.549304 ], [ -122.423185, 45.551679 ], [ -122.423146, 45.552918 ], [ -122.423152, 45.555171 ], [ -122.423165, 45.56045 ], [ -122.416879, 45.56085 ], [ -122.416934004748015, 45.566731578260097 ], [ -122.410706, 45.567633 ], [ -122.391802, 45.574541 ], [ -122.383435896740991, 45.575559482135894 ], [ -122.380302, 45.575941 ], [ -122.352802, 45.569441 ], [ -122.331502, 45.548241 ], [ -122.294901, 45.543541 ], [ -122.294819998052006, 45.543541861722808 ], [ -122.2948, 45.542122 ], [ -122.294653, 45.541489 ], [ -122.306084, 45.539038 ], [ -122.313758, 45.538378 ], [ -122.319541, 45.538127 ], [ -122.32754, 45.538144 ], [ -122.325476, 45.533489 ], [ -122.32653, 45.529689 ], [ -122.326015, 45.527217 ], [ -122.32953, 45.525019 ], [ -122.332045, 45.524872 ], [ -122.333744, 45.52339 ], [ -122.333666, 45.519016 ], [ -122.331629, 45.51899 ], [ -122.331555, 45.515299 ], [ -122.335109, 45.513519 ], [ -122.336863, 45.513235 ], [ -122.338315, 45.510774 ], [ -122.339177, 45.50718 ], [ -122.33873, 45.50491 ], [ -122.333443, 45.502485 ], [ -122.332494, 45.500749 ], [ -122.330893, 45.499928 ], [ -122.324362, 45.498384 ], [ -122.321975, 45.498826 ], [ -122.319968, 45.498358 ], [ -122.321428, 45.496969 ], [ -122.323158, 45.496495 ], [ -122.3259, 45.4928 ], [ -122.326063, 45.490491 ], [ -122.325767, 45.483168 ], [ -122.330028, 45.485596 ], [ -122.332358, 45.488038 ], [ -122.338172, 45.484266 ], [ -122.352245, 45.486888 ], [ -122.352747, 45.488844 ], [ -122.357639, 45.489849 ], [ -122.361025, 45.490922 ], [ -122.362805, 45.493061 ], [ -122.366015, 45.494022 ], [ -122.366554, 45.495675 ], [ -122.36783, 45.495168 ], [ -122.371629, 45.495194 ], [ -122.377931, 45.497182 ], [ -122.378804, 45.497382 ], [ -122.384994, 45.500123 ], [ -122.385445, 45.502143 ], [ -122.386427, 45.502158 ], [ -122.389602, 45.504659 ], [ -122.389599, 45.506898 ], [ -122.390811, 45.507046 ], [ -122.390126, 45.509892 ], [ -122.386534, 45.510294 ], [ -122.387139, 45.51117 ], [ -122.386881, 45.519034 ], [ -122.398418, 45.519069 ], [ -122.399003, 45.516308 ], [ -122.401332, 45.516874 ], [ -122.401138, 45.519066 ], [ -122.410577, 45.519049 ], [ -122.410574, 45.522952 ], [ -122.408958, 45.522939 ], [ -122.4088, 45.524316 ], [ -122.413142, 45.52431 ], [ -122.413133, 45.527719 ], [ -122.433621, 45.527827 ], [ -122.433654, 45.533297 ] ] ] ] } },
{ "type": "Feature", "properties": { "zipcode": "97022", "approval_t": "Average bus approval score", "calculation": 3.4 }, "geometry": { "type": "MultiPolygon", "coordinates": [ [ [ [ -122.412381, 45.383524 ], [ -122.413311, 45.386225 ], [ -122.408134, 45.386528 ], [ -122.408151, 45.389453 ], [ -122.404976, 45.38837 ], [ -122.396391, 45.386114 ], [ -122.391851, 45.389325 ], [ -122.385537, 45.3893 ], [ -122.383423, 45.391218 ], [ -122.381215, 45.392227 ], [ -122.376103, 45.393314 ], [ -122.373128, 45.392694 ], [ -122.373242, 45.389284 ], [ -122.3529, 45.389035 ], [ -122.352788, 45.382465 ], [ -122.349006, 45.382439 ], [ -122.351389, 45.381378 ], [ -122.347462, 45.379301 ], [ -122.347477, 45.378528 ], [ -122.345688, 45.378551 ], [ -122.341873, 45.376793 ], [ -122.338882, 45.376614 ], [ -122.33242, 45.37458 ], [ -122.327164, 45.374256 ], [ -122.325699, 45.373241 ], [ -122.322934, 45.372869 ], [ -122.321465, 45.371246 ], [ -122.318764, 45.369717 ], [ -122.31823, 45.367771 ], [ -122.31488, 45.365616 ], [ -122.314003, 45.363682 ], [ -122.311508, 45.361309 ], [ -122.308151, 45.360226 ], [ -122.305893, 45.358967 ], [ -122.304474, 45.359039 ], [ -122.300774, 45.360447 ], [ -122.297043, 45.360466 ], [ -122.293625, 45.360939 ], [ -122.291573, 45.360714 ], [ -122.287506, 45.362228 ], [ -122.282784, 45.351734 ], [ -122.286354, 45.349613 ], [ -122.2892, 45.348602 ], [ -122.280464, 45.341591 ], [ -122.277176, 45.341591 ], [ -122.273499, 45.342388 ], [ -122.267921, 45.341785 ], [ -122.263893, 45.342503 ], [ -122.261269, 45.343506 ], [ -122.259163, 45.343513 ], [ -122.25486, 45.344482 ], [ -122.24437, 45.34753 ], [ -122.243483, 45.342986 ], [ -122.236363, 45.342412 ], [ -122.23555, 45.338631 ], [ -122.229875, 45.336919 ], [ -122.229528, 45.335881 ], [ -122.231621, 45.334485 ], [ -122.228809, 45.333612 ], [ -122.229215, 45.332617 ], [ -122.22913, 45.327766 ], [ -122.227866, 45.326654 ], [ -122.225367, 45.327291 ], [ -122.230675, 45.324883 ], [ -122.233849, 45.323029 ], [ -122.235176, 45.320465 ], [ -122.242332, 45.31987 ], [ -122.244507, 45.318153 ], [ -122.244308, 45.316757 ], [ -122.245636, 45.315819 ], [ -122.246803, 45.316116 ], [ -122.248161, 45.315109 ], [ -122.251015, 45.314697 ], [ -122.251778, 45.313942 ], [ -122.254433, 45.313511 ], [ -122.257828, 45.313538 ], [ -122.261383, 45.313114 ], [ -122.264778, 45.313271 ], [ -122.26503, 45.313873 ], [ -122.268219, 45.314945 ], [ -122.267212, 45.317062 ], [ -122.269043, 45.320736 ], [ -122.269844, 45.321263 ], [ -122.269913, 45.305141 ], [ -122.271118, 45.306786 ], [ -122.273819, 45.306896 ], [ -122.276299, 45.307743 ], [ -122.276627, 45.308594 ], [ -122.278915, 45.310238 ], [ -122.280716, 45.312744 ], [ -122.281181, 45.314949 ], [ -122.282532, 45.317139 ], [ -122.286102, 45.319916 ], [ -122.28833, 45.32045 ], [ -122.288277, 45.321392 ], [ -122.289772, 45.323387 ], [ -122.288765, 45.32444 ], [ -122.289459, 45.325089 ], [ -122.291862, 45.325047 ], [ -122.292755, 45.324036 ], [ -122.296364, 45.323643 ], [ -122.301353, 45.323696 ], [ -122.304527, 45.322163 ], [ -122.30587, 45.324741 ], [ -122.309425, 45.326752 ], [ -122.312263, 45.327324 ], [ -122.316872, 45.330563 ], [ -122.318214, 45.330811 ], [ -122.321198, 45.3335 ], [ -122.321922, 45.334785 ], [ -122.325584, 45.335281 ], [ -122.327042, 45.334263 ], [ -122.327797, 45.335876 ], [ -122.330017, 45.336407 ], [ -122.33168, 45.337509 ], [ -122.332909, 45.339966 ], [ -122.335487, 45.340553 ], [ -122.341748, 45.331331 ], [ -122.343047, 45.331883 ], [ -122.346222, 45.331804 ], [ -122.343875, 45.325978 ], [ -122.343485, 45.321793 ], [ -122.346161, 45.322464 ], [ -122.34658, 45.323622 ], [ -122.347556, 45.323707 ], [ -122.346044, 45.315191 ], [ -122.345911, 45.310326 ], [ -122.355417, 45.307843 ], [ -122.352007, 45.301323 ], [ -122.350454, 45.299352 ], [ -122.354868, 45.300804 ], [ -122.358985, 45.300131 ], [ -122.362545, 45.298924 ], [ -122.366578, 45.29651 ], [ -122.368544, 45.298248 ], [ -122.36863, 45.302484 ], [ -122.367366, 45.30416 ], [ -122.364364, 45.306261 ], [ -122.365188, 45.307937 ], [ -122.368392, 45.307964 ], [ -122.376213, 45.311132 ], [ -122.381905, 45.312665 ], [ -122.386494, 45.31456 ], [ -122.387508, 45.315812 ], [ -122.387236, 45.316574 ], [ -122.383995, 45.318641 ], [ -122.381866, 45.32117 ], [ -122.38147, 45.323034 ], [ -122.38132, 45.32806 ], [ -122.381622, 45.330954 ], [ -122.383088, 45.333151 ], [ -122.386954, 45.335161 ], [ -122.389645, 45.33706 ], [ -122.388315, 45.339025 ], [ -122.383475, 45.340466 ], [ -122.381242, 45.342077 ], [ -122.381499, 45.344238 ], [ -122.383644, 45.346395 ], [ -122.385205, 45.349061 ], [ -122.384832, 45.351375 ], [ -122.381547, 45.354607 ], [ -122.381619, 45.355914 ], [ -122.38327, 45.3572 ], [ -122.386748, 45.361096 ], [ -122.395344, 45.366133 ], [ -122.397594, 45.368406 ], [ -122.398568, 45.371142 ], [ -122.398193, 45.373214 ], [ -122.401304, 45.37534 ], [ -122.401979, 45.376349 ], [ -122.404352, 45.377702 ], [ -122.406542, 45.377506 ], [ -122.409719, 45.378136 ], [ -122.413676, 45.381959 ], [ -122.412381, 45.383524 ] ] ] ] } },
{ "type": "Feature", "properties": { "zipcode": "97022", "approval_t": "Average MAX approval score", "calculation": 3.3333333333333335 }, "geometry": { "type": "MultiPolygon", "coordinates": [ [ [ [ -122.412381, 45.383524 ], [ -122.413311, 45.386225 ], [ -122.408134, 45.386528 ], [ -122.408151, 45.389453 ], [ -122.404976, 45.38837 ], [ -122.396391, 45.386114 ], [ -122.391851, 45.389325 ], [ -122.385537, 45.3893 ], [ -122.383423, 45.391218 ], [ -122.381215, 45.392227 ], [ -122.376103, 45.393314 ], [ -122.373128, 45.392694 ], [ -122.373242, 45.389284 ], [ -122.3529, 45.389035 ], [ -122.352788, 45.382465 ], [ -122.349006, 45.382439 ], [ -122.351389, 45.381378 ], [ -122.347462, 45.379301 ], [ -122.347477, 45.378528 ], [ -122.345688, 45.378551 ], [ -122.341873, 45.376793 ], [ -122.338882, 45.376614 ], [ -122.33242, 45.37458 ], [ -122.327164, 45.374256 ], [ -122.325699, 45.373241 ], [ -122.322934, 45.372869 ], [ -122.321465, 45.371246 ], [ -122.318764, 45.369717 ], [ -122.31823, 45.367771 ], [ -122.31488, 45.365616 ], [ -122.314003, 45.363682 ], [ -122.311508, 45.361309 ], [ -122.308151, 45.360226 ], [ -122.305893, 45.358967 ], [ -122.304474, 45.359039 ], [ -122.300774, 45.360447 ], [ -122.297043, 45.360466 ], [ -122.293625, 45.360939 ], [ -122.291573, 45.360714 ], [ -122.287506, 45.362228 ], [ -122.282784, 45.351734 ], [ -122.286354, 45.349613 ], [ -122.2892, 45.348602 ], [ -122.280464, 45.341591 ], [ -122.277176, 45.341591 ], [ -122.273499, 45.342388 ], [ -122.267921, 45.341785 ], [ -122.263893, 45.342503 ], [ -122.261269, 45.343506 ], [ -122.259163, 45.343513 ], [ -122.25486, 45.344482 ], [ -122.24437, 45.34753 ], [ -122.243483, 45.342986 ], [ -122.236363, 45.342412 ], [ -122.23555, 45.338631 ], [ -122.229875, 45.336919 ], [ -122.229528, 45.335881 ], [ -122.231621, 45.334485 ], [ -122.228809, 45.333612 ], [ -122.229215, 45.332617 ], [ -122.22913, 45.327766 ], [ -122.227866, 45.326654 ], [ -122.225367, 45.327291 ], [ -122.230675, 45.324883 ], [ -122.233849, 45.323029 ], [ -122.235176, 45.320465 ], [ -122.242332, 45.31987 ], [ -122.244507, 45.318153 ], [ -122.244308, 45.316757 ], [ -122.245636, 45.315819 ], [ -122.246803, 45.316116 ], [ -122.248161, 45.315109 ], [ -122.251015, 45.314697 ], [ -122.251778, 45.313942 ], [ -122.254433, 45.313511 ], [ -122.257828, 45.313538 ], [ -122.261383, 45.313114 ], [ -122.264778, 45.313271 ], [ -122.26503, 45.313873 ], [ -122.268219, 45.314945 ], [ -122.267212, 45.317062 ], [ -122.269043, 45.320736 ], [ -122.269844, 45.321263 ], [ -122.269913, 45.305141 ], [ -122.271118, 45.306786 ], [ -122.273819, 45.306896 ], [ -122.276299, 45.307743 ], [ -122.276627, 45.308594 ], [ -122.278915, 45.310238 ], [ -122.280716, 45.312744 ], [ -122.281181, 45.314949 ], [ -122.282532, 45.317139 ], [ -122.286102, 45.319916 ], [ -122.28833, 45.32045 ], [ -122.288277, 45.321392 ], [ -122.289772, 45.323387 ], [ -122.288765, 45.32444 ], [ -122.289459, 45.325089 ], [ -122.291862, 45.325047 ], [ -122.292755, 45.324036 ], [ -122.296364, 45.323643 ], [ -122.301353, 45.323696 ], [ -122.304527, 45.322163 ], [ -122.30587, 45.324741 ], [ -122.309425, 45.326752 ], [ -122.312263, 45.327324 ], [ -122.316872, 45.330563 ], [ -122.318214, 45.330811 ], [ -122.321198, 45.3335 ], [ -122.321922, 45.334785 ], [ -122.325584, 45.335281 ], [ -122.327042, 45.334263 ], [ -122.327797, 45.335876 ], [ -122.330017, 45.336407 ], [ -122.33168, 45.337509 ], [ -122.332909, 45.339966 ], [ -122.335487, 45.340553 ], [ -122.341748, 45.331331 ], [ -122.343047, 45.331883 ], [ -122.346222, 45.331804 ], [ -122.343875, 45.325978 ], [ -122.343485, 45.321793 ], [ -122.346161, 45.322464 ], [ -122.34658, 45.323622 ], [ -122.347556, 45.323707 ], [ -122.346044, 45.315191 ], [ -122.345911, 45.310326 ], [ -122.355417, 45.307843 ], [ -122.352007, 45.301323 ], [ -122.350454, 45.299352 ], [ -122.354868, 45.300804 ], [ -122.358985, 45.300131 ], [ -122.362545, 45.298924 ], [ -122.366578, 45.29651 ], [ -122.368544, 45.298248 ], [ -122.36863, 45.302484 ], [ -122.367366, 45.30416 ], [ -122.364364, 45.306261 ], [ -122.365188, 45.307937 ], [ -122.368392, 45.307964 ], [ -122.376213, 45.311132 ], [ -122.381905, 45.312665 ], [ -122.386494, 45.31456 ], [ -122.387508, 45.315812 ], [ -122.387236, 45.316574 ], [ -122.383995, 45.318641 ], [ -122.381866, 45.32117 ], [ -122.38147, 45.323034 ], [ -122.38132, 45.32806 ], [ -122.381622, 45.330954 ], [ -122.383088, 45.333151 ], [ -122.386954, 45.335161 ], [ -122.389645, 45.33706 ], [ -122.388315, 45.339025 ], [ -122.383475, 45.340466 ], [ -122.381242, 45.342077 ], [ -122.381499, 45.344238 ], [ -122.383644, 45.346395 ], [ -122.385205, 45.349061 ], [ -122.384832, 45.351375 ], [ -122.381547, 45.354607 ], [ -122.381619, 45.355914 ], [ -122.38327, 45.3572 ], [ -122.386748, 45.361096 ], [ -122.395344, 45.366133 ], [ -122.397594, 45.368406 ], [ -122.398568, 45.371142 ], [ -122.398193, 45.373214 ], [ -122.401304, 45.37534 ], [ -122.401979, 45.376349 ], [ -122.404352, 45.377702 ], [ -122.406542, 45.377506 ], [ -122.409719, 45.378136 ], [ -122.413676, 45.381959 ], [ -122.412381, 45.383524 ] ] ] ] } },
{ "type": "Feature", "properties": { "zipcode": "98661", "approval_t": "Average bus approval score", "calculation": 3.4 }, "geometry": { "type": "MultiPolygon", "coordinates": [ [ [ [ -122.675324886262004, 45.618171696122204 ], [ -122.672593, 45.622067 ], [ -122.668034, 45.62629 ], [ -122.664842, 45.631559 ], [ -122.661543, 45.630611 ], [ -122.662793, 45.629253 ], [ -122.653561, 45.62707 ], [ -122.654261, 45.626015 ], [ -122.653034, 45.627351 ], [ -122.650239, 45.632335 ], [ -122.65612, 45.632556 ], [ -122.658213, 45.633152 ], [ -122.653448, 45.636124 ], [ -122.647829, 45.638501 ], [ -122.651734, 45.638802 ], [ -122.649631, 45.638126 ], [ -122.653659, 45.636545 ], [ -122.658557, 45.633569 ], [ -122.658054, 45.636526 ], [ -122.660785, 45.637324 ], [ -122.658895, 45.639555 ], [ -122.654885, 45.639354 ], [ -122.647238, 45.642079 ], [ -122.64206, 45.646687 ], [ -122.640417, 45.64848 ], [ -122.638693, 45.649615 ], [ -122.63967, 45.649948 ], [ -122.639044, 45.650832 ], [ -122.638144, 45.652006 ], [ -122.636568, 45.652108 ], [ -122.63602, 45.653293 ], [ -122.637513, 45.653335 ], [ -122.637212, 45.654217 ], [ -122.637224, 45.655092 ], [ -122.637404, 45.655884 ], [ -122.637446, 45.656851 ], [ -122.635995, 45.656843 ], [ -122.636556, 45.671396 ], [ -122.636501, 45.671618 ], [ -122.633407, 45.673611 ], [ -122.62759, 45.676567 ], [ -122.623227, 45.67846 ], [ -122.623055, 45.671484 ], [ -122.620411, 45.671499 ], [ -122.620488, 45.678718 ], [ -122.602233, 45.678824 ], [ -122.599401, 45.678836 ], [ -122.599324, 45.660563 ], [ -122.59744, 45.66057 ], [ -122.597434, 45.659025 ], [ -122.599333, 45.659027 ], [ -122.599361, 45.657686 ], [ -122.596421, 45.657699 ], [ -122.596312, 45.654475 ], [ -122.599316, 45.654577 ], [ -122.599232, 45.651824 ], [ -122.59489, 45.651987 ], [ -122.5939, 45.651448 ], [ -122.599157, 45.649251 ], [ -122.599177, 45.645017 ], [ -122.598201, 45.64516 ], [ -122.595476, 45.64054 ], [ -122.594419, 45.640413 ], [ -122.594741, 45.635611 ], [ -122.591572, 45.635588 ], [ -122.591521, 45.634702 ], [ -122.596063, 45.633702 ], [ -122.600075, 45.634914 ], [ -122.601486, 45.630747 ], [ -122.601638, 45.62357 ], [ -122.602166, 45.621743 ], [ -122.602259, 45.615523 ], [ -122.60439, 45.613993 ], [ -122.600369, 45.61292 ], [ -122.601589, 45.612513 ], [ -122.601467, 45.610789 ], [ -122.60413, 45.611447 ], [ -122.606434, 45.610391 ], [ -122.607718206327988, 45.607898936400808 ], [ -122.643907, 45.609739 ], [ -122.675008, 45.618039 ], [ -122.675324886262004, 45.618171696122204 ] ] ] ] } },
{ "type": "Feature", "properties": { "zipcode": "98661", "approval_t": "Average MAX approval score", "calculation": 4.4285714285714288 }, "geometry": { "type": "MultiPolygon", "coordinates": [ [ [ [ -122.675324886262004, 45.618171696122204 ], [ -122.672593, 45.622067 ], [ -122.668034, 45.62629 ], [ -122.664842, 45.631559 ], [ -122.661543, 45.630611 ], [ -122.662793, 45.629253 ], [ -122.653561, 45.62707 ], [ -122.654261, 45.626015 ], [ -122.653034, 45.627351 ], [ -122.650239, 45.632335 ], [ -122.65612, 45.632556 ], [ -122.658213, 45.633152 ], [ -122.653448, 45.636124 ], [ -122.647829, 45.638501 ], [ -122.651734, 45.638802 ], [ -122.649631, 45.638126 ], [ -122.653659, 45.636545 ], [ -122.658557, 45.633569 ], [ -122.658054, 45.636526 ], [ -122.660785, 45.637324 ], [ -122.658895, 45.639555 ], [ -122.654885, 45.639354 ], [ -122.647238, 45.642079 ], [ -122.64206, 45.646687 ], [ -122.640417, 45.64848 ], [ -122.638693, 45.649615 ], [ -122.63967, 45.649948 ], [ -122.639044, 45.650832 ], [ -122.638144, 45.652006 ], [ -122.636568, 45.652108 ], [ -122.63602, 45.653293 ], [ -122.637513, 45.653335 ], [ -122.637212, 45.654217 ], [ -122.637224, 45.655092 ], [ -122.637404, 45.655884 ], [ -122.637446, 45.656851 ], [ -122.635995, 45.656843 ], [ -122.636556, 45.671396 ], [ -122.636501, 45.671618 ], [ -122.633407, 45.673611 ], [ -122.62759, 45.676567 ], [ -122.623227, 45.67846 ], [ -122.623055, 45.671484 ], [ -122.620411, 45.671499 ], [ -122.620488, 45.678718 ], [ -122.602233, 45.678824 ], [ -122.599401, 45.678836 ], [ -122.599324, 45.660563 ], [ -122.59744, 45.66057 ], [ -122.597434, 45.659025 ], [ -122.599333, 45.659027 ], [ -122.599361, 45.657686 ], [ -122.596421, 45.657699 ], [ -122.596312, 45.654475 ], [ -122.599316, 45.654577 ], [ -122.599232, 45.651824 ], [ -122.59489, 45.651987 ], [ -122.5939, 45.651448 ], [ -122.599157, 45.649251 ], [ -122.599177, 45.645017 ], [ -122.598201, 45.64516 ], [ -122.595476, 45.64054 ], [ -122.594419, 45.640413 ], [ -122.594741, 45.635611 ], [ -122.591572, 45.635588 ], [ -122.591521, 45.634702 ], [ -122.596063, 45.633702 ], [ -122.600075, 45.634914 ], [ -122.601486, 45.630747 ], [ -122.601638, 45.62357 ], [ -122.602166, 45.621743 ], [ -122.602259, 45.615523 ], [ -122.60439, 45.613993 ], [ -122.600369, 45.61292 ], [ -122.601589, 45.612513 ], [ -122.601467, 45.610789 ], [ -122.60413, 45.611447 ], [ -122.606434, 45.610391 ], [ -122.607718206327988, 45.607898936400808 ], [ -122.643907, 45.609739 ], [ -122.675008, 45.618039 ], [ -122.675324886262004, 45.618171696122204 ] ] ] ] } },
{ "type": "Feature", "properties": { "zipcode": "97202", "approval_t": "Average bus approval score", "calculation": 4.0598802395209583 }, "geometry": { "type": "MultiPolygon", "coordinates": [ [ [ [ -122.670417, 45.51307 ], [ -122.667974, 45.512972 ], [ -122.665853, 45.511539 ], [ -122.665451, 45.508684 ], [ -122.663728, 45.508405 ], [ -122.663424, 45.50588 ], [ -122.661853, 45.505876 ], [ -122.661868, 45.504895 ], [ -122.66081, 45.505849 ], [ -122.65372, 45.504854 ], [ -122.651419, 45.506831 ], [ -122.65148, 45.505296 ], [ -122.649422, 45.50529 ], [ -122.649425, 45.504837 ], [ -122.639603, 45.504806 ], [ -122.639546, 45.505208 ], [ -122.636706, 45.50521 ], [ -122.636711, 45.505501 ], [ -122.632665, 45.505496 ], [ -122.632607, 45.504797 ], [ -122.629565, 45.504793 ], [ -122.629584, 45.505462 ], [ -122.627574, 45.505298 ], [ -122.627009, 45.505489 ], [ -122.623926, 45.505486 ], [ -122.623873, 45.504776 ], [ -122.619568, 45.504795 ], [ -122.618885, 45.50513 ], [ -122.618039, 45.505276 ], [ -122.618543, 45.501937 ], [ -122.618523, 45.497547 ], [ -122.61989, 45.497491 ], [ -122.619843, 45.494755 ], [ -122.618924, 45.49475 ], [ -122.618977, 45.490296 ], [ -122.620555, 45.487549 ], [ -122.619528, 45.486675 ], [ -122.618807, 45.482763 ], [ -122.620581, 45.48135 ], [ -122.619596, 45.480634 ], [ -122.619395, 45.465012 ], [ -122.619708, 45.462976 ], [ -122.620776, 45.462676 ], [ -122.624815, 45.462296 ], [ -122.629803, 45.465075 ], [ -122.630043, 45.462856 ], [ -122.635103, 45.461472 ], [ -122.638965, 45.46148 ], [ -122.639206, 45.460783 ], [ -122.639379, 45.46015 ], [ -122.641354, 45.459597 ], [ -122.641414, 45.458671 ], [ -122.646958, 45.458669 ], [ -122.646515, 45.455719 ], [ -122.652565, 45.455397 ], [ -122.652988, 45.458314 ], [ -122.660979, 45.457819 ], [ -122.665304, 45.461978 ], [ -122.666484, 45.464334 ], [ -122.667839, 45.476478 ], [ -122.669145, 45.484237 ], [ -122.668511, 45.489634 ], [ -122.665453, 45.497914 ], [ -122.665103, 45.501184 ], [ -122.665115, 45.50293 ], [ -122.668563, 45.508276 ], [ -122.670417, 45.51307 ] ] ] ] } },
{ "type": "Feature", "properties": { "zipcode": "97202", "approval_t": "Average MAX approval score", "calculation": 3.8958333333333335 }, "geometry": { "type": "MultiPolygon", "coordinates": [ [ [ [ -122.670417, 45.51307 ], [ -122.667974, 45.512972 ], [ -122.665853, 45.511539 ], [ -122.665451, 45.508684 ], [ -122.663728, 45.508405 ], [ -122.663424, 45.50588 ], [ -122.661853, 45.505876 ], [ -122.661868, 45.504895 ], [ -122.66081, 45.505849 ], [ -122.65372, 45.504854 ], [ -122.651419, 45.506831 ], [ -122.65148, 45.505296 ], [ -122.649422, 45.50529 ], [ -122.649425, 45.504837 ], [ -122.639603, 45.504806 ], [ -122.639546, 45.505208 ], [ -122.636706, 45.50521 ], [ -122.636711, 45.505501 ], [ -122.632665, 45.505496 ], [ -122.632607, 45.504797 ], [ -122.629565, 45.504793 ], [ -122.629584, 45.505462 ], [ -122.627574, 45.505298 ], [ -122.627009, 45.505489 ], [ -122.623926, 45.505486 ], [ -122.623873, 45.504776 ], [ -122.619568, 45.504795 ], [ -122.618885, 45.50513 ], [ -122.618039, 45.505276 ], [ -122.618543, 45.501937 ], [ -122.618523, 45.497547 ], [ -122.61989, 45.497491 ], [ -122.619843, 45.494755 ], [ -122.618924, 45.49475 ], [ -122.618977, 45.490296 ], [ -122.620555, 45.487549 ], [ -122.619528, 45.486675 ], [ -122.618807, 45.482763 ], [ -122.620581, 45.48135 ], [ -122.619596, 45.480634 ], [ -122.619395, 45.465012 ], [ -122.619708, 45.462976 ], [ -122.620776, 45.462676 ], [ -122.624815, 45.462296 ], [ -122.629803, 45.465075 ], [ -122.630043, 45.462856 ], [ -122.635103, 45.461472 ], [ -122.638965, 45.46148 ], [ -122.639206, 45.460783 ], [ -122.639379, 45.46015 ], [ -122.641354, 45.459597 ], [ -122.641414, 45.458671 ], [ -122.646958, 45.458669 ], [ -122.646515, 45.455719 ], [ -122.652565, 45.455397 ], [ -122.652988, 45.458314 ], [ -122.660979, 45.457819 ], [ -122.665304, 45.461978 ], [ -122.666484, 45.464334 ], [ -122.667839, 45.476478 ], [ -122.669145, 45.484237 ], [ -122.668511, 45.489634 ], [ -122.665453, 45.497914 ], [ -122.665103, 45.501184 ], [ -122.665115, 45.50293 ], [ -122.668563, 45.508276 ], [ -122.670417, 45.51307 ] ] ] ] } },
{ "type": "Feature", "properties": { "zipcode": "97206", "approval_t": "Average bus approval score", "calculation": 4.0654761904761907 }, "geometry": { "type": "MultiPolygon", "coordinates": [ [ [ [ -122.619708, 45.462976 ], [ -122.619395, 45.465012 ], [ -122.619596, 45.480634 ], [ -122.620581, 45.48135 ], [ -122.618807, 45.482763 ], [ -122.619528, 45.486675 ], [ -122.620555, 45.487549 ], [ -122.618977, 45.490296 ], [ -122.618924, 45.49475 ], [ -122.619843, 45.494755 ], [ -122.61989, 45.497491 ], [ -122.618523, 45.497547 ], [ -122.618543, 45.501937 ], [ -122.618039, 45.505276 ], [ -122.601671, 45.505355 ], [ -122.601711, 45.506687 ], [ -122.597726, 45.506714 ], [ -122.597601, 45.509051 ], [ -122.594853, 45.50778 ], [ -122.59244, 45.507792 ], [ -122.588945, 45.508991 ], [ -122.588907, 45.507664 ], [ -122.585265, 45.507895 ], [ -122.585255, 45.505379 ], [ -122.582202, 45.505381 ], [ -122.578679, 45.504821 ], [ -122.578923, 45.485218 ], [ -122.580849, 45.485229 ], [ -122.581167, 45.483663 ], [ -122.578948, 45.482803 ], [ -122.579042, 45.470039 ], [ -122.580731, 45.470034 ], [ -122.58152, 45.468986 ], [ -122.579033, 45.468658 ], [ -122.579044, 45.466547 ], [ -122.581697, 45.465935 ], [ -122.579044, 45.465096 ], [ -122.579043, 45.463465 ], [ -122.582285, 45.461503 ], [ -122.57905, 45.461518 ], [ -122.579083, 45.456947 ], [ -122.581109, 45.457042 ], [ -122.581134, 45.45527 ], [ -122.584603, 45.45555 ], [ -122.584617, 45.457041 ], [ -122.587874, 45.455857 ], [ -122.592869, 45.45598 ], [ -122.596823, 45.455464 ], [ -122.601995, 45.456742 ], [ -122.600812, 45.455842 ], [ -122.604588, 45.455938 ], [ -122.607346, 45.456759 ], [ -122.608278, 45.457533 ], [ -122.608722, 45.461505 ], [ -122.615374, 45.461481 ], [ -122.61732, 45.463007 ], [ -122.620776, 45.462676 ], [ -122.619708, 45.462976 ] ], [ [ -122.588894, 45.506999 ], [ -122.588879, 45.506303 ], [ -122.586332, 45.506309 ], [ -122.586296, 45.507157 ], [ -122.588897, 45.507158 ], [ -122.588894, 45.506999 ] ] ] ] } },
{ "type": "Feature", "properties": { "zipcode": "97206", "approval_t": "Average MAX approval score", "calculation": 4.0816326530612246 }, "geometry": { "type": "MultiPolygon", "coordinates": [ [ [ [ -122.619708, 45.462976 ], [ -122.619395, 45.465012 ], [ -122.619596, 45.480634 ], [ -122.620581, 45.48135 ], [ -122.618807, 45.482763 ], [ -122.619528, 45.486675 ], [ -122.620555, 45.487549 ], [ -122.618977, 45.490296 ], [ -122.618924, 45.49475 ], [ -122.619843, 45.494755 ], [ -122.61989, 45.497491 ], [ -122.618523, 45.497547 ], [ -122.618543, 45.501937 ], [ -122.618039, 45.505276 ], [ -122.601671, 45.505355 ], [ -122.601711, 45.506687 ], [ -122.597726, 45.506714 ], [ -122.597601, 45.509051 ], [ -122.594853, 45.50778 ], [ -122.59244, 45.507792 ], [ -122.588945, 45.508991 ], [ -122.588907, 45.507664 ], [ -122.585265, 45.507895 ], [ -122.585255, 45.505379 ], [ -122.582202, 45.505381 ], [ -122.578679, 45.504821 ], [ -122.578923, 45.485218 ], [ -122.580849, 45.485229 ], [ -122.581167, 45.483663 ], [ -122.578948, 45.482803 ], [ -122.579042, 45.470039 ], [ -122.580731, 45.470034 ], [ -122.58152, 45.468986 ], [ -122.579033, 45.468658 ], [ -122.579044, 45.466547 ], [ -122.581697, 45.465935 ], [ -122.579044, 45.465096 ], [ -122.579043, 45.463465 ], [ -122.582285, 45.461503 ], [ -122.57905, 45.461518 ], [ -122.579083, 45.456947 ], [ -122.581109, 45.457042 ], [ -122.581134, 45.45527 ], [ -122.584603, 45.45555 ], [ -122.584617, 45.457041 ], [ -122.587874, 45.455857 ], [ -122.592869, 45.45598 ], [ -122.596823, 45.455464 ], [ -122.601995, 45.456742 ], [ -122.600812, 45.455842 ], [ -122.604588, 45.455938 ], [ -122.607346, 45.456759 ], [ -122.608278, 45.457533 ], [ -122.608722, 45.461505 ], [ -122.615374, 45.461481 ], [ -122.61732, 45.463007 ], [ -122.620776, 45.462676 ], [ -122.619708, 45.462976 ] ], [ [ -122.588894, 45.506999 ], [ -122.588879, 45.506303 ], [ -122.586332, 45.506309 ], [ -122.586296, 45.507157 ], [ -122.588897, 45.507158 ], [ -122.588894, 45.506999 ] ] ] ] } },
{ "type": "Feature", "properties": { "zipcode": "97211", "approval_t": "Average bus approval score", "calculation": 4.0853658536585362 }, "geometry": { "type": "MultiPolygon", "coordinates": [ [ [ [ -122.678224, 45.602949 ], [ -122.666346, 45.601317 ], [ -122.666154, 45.602522 ], [ -122.651878, 45.600413 ], [ -122.642565, 45.600418 ], [ -122.642493, 45.602936 ], [ -122.643907, 45.609739 ], [ -122.607718206327988, 45.607898936400808 ], [ -122.602606, 45.607639 ], [ -122.586005557515008, 45.604742536002298 ], [ -122.586726, 45.597488 ], [ -122.585069, 45.596553 ], [ -122.579482, 45.593402 ], [ -122.554315, 45.580684 ], [ -122.544886, 45.576756 ], [ -122.546537, 45.574109 ], [ -122.548476, 45.572185 ], [ -122.549587, 45.571336 ], [ -122.556701, 45.574985 ], [ -122.561139, 45.576737 ], [ -122.561519, 45.578298 ], [ -122.563217, 45.577961 ], [ -122.563286, 45.583366 ], [ -122.572391, 45.588121 ], [ -122.586178, 45.593688 ], [ -122.59576, 45.597125 ], [ -122.599172, 45.59812 ], [ -122.607392, 45.599169 ], [ -122.614383, 45.599479 ], [ -122.62119, 45.600049 ], [ -122.624152, 45.600585 ], [ -122.632366, 45.600377 ], [ -122.635331, 45.599339 ], [ -122.63567, 45.595676 ], [ -122.632179, 45.589744 ], [ -122.631937, 45.587104 ], [ -122.627152, 45.587018 ], [ -122.615326, 45.586276 ], [ -122.615069, 45.58146 ], [ -122.617186, 45.580057 ], [ -122.616538, 45.578711 ], [ -122.620455, 45.578659 ], [ -122.620379, 45.571721 ], [ -122.614246, 45.570412 ], [ -122.61858, 45.570453 ], [ -122.620169, 45.569261 ], [ -122.620424, 45.562803 ], [ -122.620394, 45.560249 ], [ -122.621442, 45.560233 ], [ -122.621417, 45.555563 ], [ -122.620402, 45.555556 ], [ -122.620438, 45.55501 ], [ -122.620416, 45.552852 ], [ -122.620406, 45.551846 ], [ -122.625525, 45.551792 ], [ -122.625518, 45.553671 ], [ -122.630677, 45.55304 ], [ -122.660549, 45.553307 ], [ -122.661556, 45.55207 ], [ -122.661547, 45.553318 ], [ -122.666743, 45.553318 ], [ -122.666318, 45.571791 ], [ -122.666793, 45.579311 ], [ -122.668228, 45.579317 ], [ -122.66809, 45.58068 ], [ -122.661329, 45.578897 ], [ -122.667663, 45.581043 ], [ -122.666426, 45.582568 ], [ -122.66781, 45.58293 ], [ -122.667389, 45.585331 ], [ -122.66439, 45.587151 ], [ -122.667767, 45.592662 ], [ -122.66771, 45.593104 ], [ -122.665967, 45.593998 ], [ -122.663903, 45.594092 ], [ -122.662327, 45.595703 ], [ -122.666226, 45.59634 ], [ -122.668096, 45.595565 ], [ -122.678224, 45.602949 ] ] ] ] } },
{ "type": "Feature", "properties": { "zipcode": "97211", "approval_t": "Average MAX approval score", "calculation": 4.0 }, "geometry": { "type": "MultiPolygon", "coordinates": [ [ [ [ -122.678224, 45.602949 ], [ -122.666346, 45.601317 ], [ -122.666154, 45.602522 ], [ -122.651878, 45.600413 ], [ -122.642565, 45.600418 ], [ -122.642493, 45.602936 ], [ -122.643907, 45.609739 ], [ -122.607718206327988, 45.607898936400808 ], [ -122.602606, 45.607639 ], [ -122.586005557515008, 45.604742536002298 ], [ -122.586726, 45.597488 ], [ -122.585069, 45.596553 ], [ -122.579482, 45.593402 ], [ -122.554315, 45.580684 ], [ -122.544886, 45.576756 ], [ -122.546537, 45.574109 ], [ -122.548476, 45.572185 ], [ -122.549587, 45.571336 ], [ -122.556701, 45.574985 ], [ -122.561139, 45.576737 ], [ -122.561519, 45.578298 ], [ -122.563217, 45.577961 ], [ -122.563286, 45.583366 ], [ -122.572391, 45.588121 ], [ -122.586178, 45.593688 ], [ -122.59576, 45.597125 ], [ -122.599172, 45.59812 ], [ -122.607392, 45.599169 ], [ -122.614383, 45.599479 ], [ -122.62119, 45.600049 ], [ -122.624152, 45.600585 ], [ -122.632366, 45.600377 ], [ -122.635331, 45.599339 ], [ -122.63567, 45.595676 ], [ -122.632179, 45.589744 ], [ -122.631937, 45.587104 ], [ -122.627152, 45.587018 ], [ -122.615326, 45.586276 ], [ -122.615069, 45.58146 ], [ -122.617186, 45.580057 ], [ -122.616538, 45.578711 ], [ -122.620455, 45.578659 ], [ -122.620379, 45.571721 ], [ -122.614246, 45.570412 ], [ -122.61858, 45.570453 ], [ -122.620169, 45.569261 ], [ -122.620424, 45.562803 ], [ -122.620394, 45.560249 ], [ -122.621442, 45.560233 ], [ -122.621417, 45.555563 ], [ -122.620402, 45.555556 ], [ -122.620438, 45.55501 ], [ -122.620416, 45.552852 ], [ -122.620406, 45.551846 ], [ -122.625525, 45.551792 ], [ -122.625518, 45.553671 ], [ -122.630677, 45.55304 ], [ -122.660549, 45.553307 ], [ -122.661556, 45.55207 ], [ -122.661547, 45.553318 ], [ -122.666743, 45.553318 ], [ -122.666318, 45.571791 ], [ -122.666793, 45.579311 ], [ -122.668228, 45.579317 ], [ -122.66809, 45.58068 ], [ -122.661329, 45.578897 ], [ -122.667663, 45.581043 ], [ -122.666426, 45.582568 ], [ -122.66781, 45.58293 ], [ -122.667389, 45.585331 ], [ -122.66439, 45.587151 ], [ -122.667767, 45.592662 ], [ -122.66771, 45.593104 ], [ -122.665967, 45.593998 ], [ -122.663903, 45.594092 ], [ -122.662327, 45.595703 ], [ -122.666226, 45.59634 ], [ -122.668096, 45.595565 ], [ -122.678224, 45.602949 ] ] ] ] } },
{ "type": "Feature", "properties": { "zipcode": "97236", "approval_t": "Average bus approval score", "calculation": 3.4754098360655736 }, "geometry": { "type": "MultiPolygon", "coordinates": [ [ [ [ -122.538283, 45.494067 ], [ -122.537661, 45.497076 ], [ -122.537683, 45.504093 ], [ -122.534315, 45.504078 ], [ -122.534316, 45.505168 ], [ -122.529767, 45.504404 ], [ -122.527313, 45.505568 ], [ -122.527244, 45.504053 ], [ -122.524742, 45.504064 ], [ -122.524261, 45.505407 ], [ -122.523218, 45.504074 ], [ -122.496624, 45.504572 ], [ -122.496587, 45.50731 ], [ -122.49368, 45.507352 ], [ -122.493984, 45.508732 ], [ -122.488879, 45.508732 ], [ -122.489016, 45.504583 ], [ -122.484663, 45.504581 ], [ -122.483133, 45.505905 ], [ -122.482954, 45.504585 ], [ -122.475593, 45.504564 ], [ -122.475555, 45.494454 ], [ -122.479508, 45.494467 ], [ -122.482943, 45.493571 ], [ -122.482949, 45.491962 ], [ -122.482973, 45.489978 ], [ -122.481888, 45.486364 ], [ -122.480749, 45.486337 ], [ -122.480734, 45.484616 ], [ -122.48517, 45.484656 ], [ -122.485312, 45.475582 ], [ -122.49323, 45.475626 ], [ -122.494404, 45.473943 ], [ -122.493501, 45.473377 ], [ -122.496724, 45.473276 ], [ -122.496723, 45.471659 ], [ -122.495499, 45.470294 ], [ -122.491107, 45.468704 ], [ -122.491454, 45.465073 ], [ -122.490208, 45.462949 ], [ -122.490681, 45.462063 ], [ -122.496766, 45.461995 ], [ -122.496748, 45.460982 ], [ -122.506773, 45.461249 ], [ -122.537618, 45.461353 ], [ -122.537621, 45.465494 ], [ -122.536319, 45.468401 ], [ -122.536312, 45.471637 ], [ -122.537255, 45.472852 ], [ -122.535749, 45.474032 ], [ -122.537586, 45.474654 ], [ -122.537094, 45.476536 ], [ -122.537122, 45.479537 ], [ -122.537291, 45.480453 ], [ -122.537892, 45.481835 ], [ -122.537699, 45.489615 ], [ -122.537698, 45.490802 ], [ -122.540261, 45.490802 ], [ -122.538283, 45.494067 ] ] ] ] } },
{ "type": "Feature", "properties": { "zipcode": "97236", "approval_t": "Average MAX approval score", "calculation": 3.6419753086419755 }, "geometry": { "type": "MultiPolygon", "coordinates": [ [ [ [ -122.538283, 45.494067 ], [ -122.537661, 45.497076 ], [ -122.537683, 45.504093 ], [ -122.534315, 45.504078 ], [ -122.534316, 45.505168 ], [ -122.529767, 45.504404 ], [ -122.527313, 45.505568 ], [ -122.527244, 45.504053 ], [ -122.524742, 45.504064 ], [ -122.524261, 45.505407 ], [ -122.523218, 45.504074 ], [ -122.496624, 45.504572 ], [ -122.496587, 45.50731 ], [ -122.49368, 45.507352 ], [ -122.493984, 45.508732 ], [ -122.488879, 45.508732 ], [ -122.489016, 45.504583 ], [ -122.484663, 45.504581 ], [ -122.483133, 45.505905 ], [ -122.482954, 45.504585 ], [ -122.475593, 45.504564 ], [ -122.475555, 45.494454 ], [ -122.479508, 45.494467 ], [ -122.482943, 45.493571 ], [ -122.482949, 45.491962 ], [ -122.482973, 45.489978 ], [ -122.481888, 45.486364 ], [ -122.480749, 45.486337 ], [ -122.480734, 45.484616 ], [ -122.48517, 45.484656 ], [ -122.485312, 45.475582 ], [ -122.49323, 45.475626 ], [ -122.494404, 45.473943 ], [ -122.493501, 45.473377 ], [ -122.496724, 45.473276 ], [ -122.496723, 45.471659 ], [ -122.495499, 45.470294 ], [ -122.491107, 45.468704 ], [ -122.491454, 45.465073 ], [ -122.490208, 45.462949 ], [ -122.490681, 45.462063 ], [ -122.496766, 45.461995 ], [ -122.496748, 45.460982 ], [ -122.506773, 45.461249 ], [ -122.537618, 45.461353 ], [ -122.537621, 45.465494 ], [ -122.536319, 45.468401 ], [ -122.536312, 45.471637 ], [ -122.537255, 45.472852 ], [ -122.535749, 45.474032 ], [ -122.537586, 45.474654 ], [ -122.537094, 45.476536 ], [ -122.537122, 45.479537 ], [ -122.537291, 45.480453 ], [ -122.537892, 45.481835 ], [ -122.537699, 45.489615 ], [ -122.537698, 45.490802 ], [ -122.540261, 45.490802 ], [ -122.538283, 45.494067 ] ] ] ] } },
{ "type": "Feature", "properties": { "zipcode": "97227", "approval_t": "Average bus approval score", "calculation": 4.1 }, "geometry": { "type": "MultiPolygon", "coordinates": [ [ [ [ -122.701319, 45.55544 ], [ -122.698367, 45.55523 ], [ -122.695468, 45.55384 ], [ -122.693615, 45.554007 ], [ -122.692153, 45.551035 ], [ -122.686204, 45.543596 ], [ -122.682909, 45.541934 ], [ -122.68273, 45.54306 ], [ -122.685182, 45.545124 ], [ -122.691207, 45.552368 ], [ -122.685285, 45.547044 ], [ -122.679102, 45.544708 ], [ -122.677887, 45.542603 ], [ -122.676964, 45.544531 ], [ -122.682303, 45.546158 ], [ -122.688695, 45.550911 ], [ -122.690776, 45.552787 ], [ -122.68794, 45.553418 ], [ -122.679275, 45.553376 ], [ -122.679265, 45.554637 ], [ -122.677115, 45.554626 ], [ -122.677129, 45.553368 ], [ -122.666743, 45.553318 ], [ -122.666672, 45.541895 ], [ -122.664135, 45.541887 ], [ -122.664149, 45.539967 ], [ -122.666686, 45.539969 ], [ -122.666694, 45.539006 ], [ -122.666746, 45.535095 ], [ -122.665561, 45.532582 ], [ -122.665744, 45.530802 ], [ -122.667462, 45.528468 ], [ -122.669003, 45.527626 ], [ -122.678037, 45.535282 ], [ -122.683269, 45.537922 ], [ -122.690863, 45.543782 ], [ -122.692003, 45.544869 ], [ -122.697985, 45.550291 ], [ -122.702642, 45.552166 ], [ -122.701319, 45.55544 ] ] ] ] } },
{ "type": "Feature", "properties": { "zipcode": "97227", "approval_t": "Average MAX approval score", "calculation": 3.84 }, "geometry": { "type": "MultiPolygon", "coordinates": [ [ [ [ -122.701319, 45.55544 ], [ -122.698367, 45.55523 ], [ -122.695468, 45.55384 ], [ -122.693615, 45.554007 ], [ -122.692153, 45.551035 ], [ -122.686204, 45.543596 ], [ -122.682909, 45.541934 ], [ -122.68273, 45.54306 ], [ -122.685182, 45.545124 ], [ -122.691207, 45.552368 ], [ -122.685285, 45.547044 ], [ -122.679102, 45.544708 ], [ -122.677887, 45.542603 ], [ -122.676964, 45.544531 ], [ -122.682303, 45.546158 ], [ -122.688695, 45.550911 ], [ -122.690776, 45.552787 ], [ -122.68794, 45.553418 ], [ -122.679275, 45.553376 ], [ -122.679265, 45.554637 ], [ -122.677115, 45.554626 ], [ -122.677129, 45.553368 ], [ -122.666743, 45.553318 ], [ -122.666672, 45.541895 ], [ -122.664135, 45.541887 ], [ -122.664149, 45.539967 ], [ -122.666686, 45.539969 ], [ -122.666694, 45.539006 ], [ -122.666746, 45.535095 ], [ -122.665561, 45.532582 ], [ -122.665744, 45.530802 ], [ -122.667462, 45.528468 ], [ -122.669003, 45.527626 ], [ -122.678037, 45.535282 ], [ -122.683269, 45.537922 ], [ -122.690863, 45.543782 ], [ -122.692003, 45.544869 ], [ -122.697985, 45.550291 ], [ -122.702642, 45.552166 ], [ -122.701319, 45.55544 ] ] ] ] } },
{ "type": "Feature", "properties": { "zipcode": "97230", "approval_t": "Average bus approval score", "calculation": 4.3454545454545457 }, "geometry": { "type": "MultiPolygon", "coordinates": [ [ [ [ -122.586005557515008, 45.604742536002298 ], [ -122.581406, 45.60394 ], [ -122.550228171716, 45.597216381379795 ], [ -122.548149, 45.596768 ], [ -122.545981397444024, 45.596136162581601 ], [ -122.523668, 45.589632 ], [ -122.492259, 45.583281 ], [ -122.479315, 45.579761 ], [ -122.475778139509018, 45.578654971461589 ], [ -122.474659, 45.578305 ], [ -122.453891, 45.567313 ], [ -122.441061761000014, 45.56416997555408 ], [ -122.458579, 45.560333 ], [ -122.458689, 45.558243 ], [ -122.459564, 45.557573 ], [ -122.459871, 45.556594 ], [ -122.456367, 45.553468 ], [ -122.457119, 45.552357 ], [ -122.456792, 45.549985 ], [ -122.46282, 45.548337 ], [ -122.472419, 45.549289 ], [ -122.472665, 45.547964 ], [ -122.477155, 45.548161 ], [ -122.477183, 45.545984 ], [ -122.456627, 45.545033 ], [ -122.456664, 45.536913 ], [ -122.458285, 45.536897 ], [ -122.458286, 45.534385 ], [ -122.456907, 45.534385 ], [ -122.457216, 45.530785 ], [ -122.457216, 45.527898 ], [ -122.453713, 45.526999 ], [ -122.453692, 45.524178 ], [ -122.455179, 45.521549 ], [ -122.455551, 45.522854 ], [ -122.457826, 45.52215 ], [ -122.460074, 45.523108 ], [ -122.463237, 45.522211 ], [ -122.466785, 45.521906 ], [ -122.470044, 45.522403 ], [ -122.47209, 45.523233 ], [ -122.472477, 45.522452 ], [ -122.477105, 45.522643 ], [ -122.478758, 45.52332 ], [ -122.478723, 45.522011 ], [ -122.486147, 45.522103 ], [ -122.487541, 45.52311 ], [ -122.493268, 45.52308 ], [ -122.493288, 45.522182 ], [ -122.496456, 45.522201 ], [ -122.49901, 45.522214 ], [ -122.500799, 45.523853 ], [ -122.500888, 45.522274 ], [ -122.537767, 45.522494 ], [ -122.53919, 45.522506 ], [ -122.539185, 45.524049 ], [ -122.537745, 45.524047 ], [ -122.537749, 45.526293 ], [ -122.540923, 45.52629 ], [ -122.54086, 45.529914 ], [ -122.538761, 45.53075 ], [ -122.53876, 45.533562 ], [ -122.537636, 45.533574 ], [ -122.537342, 45.548049 ], [ -122.538083, 45.551691 ], [ -122.537215, 45.552093 ], [ -122.53819, 45.553595 ], [ -122.537917, 45.558993 ], [ -122.536753, 45.561046 ], [ -122.541651, 45.562165 ], [ -122.544272, 45.562203 ], [ -122.548642, 45.563974 ], [ -122.541618, 45.564415 ], [ -122.535439, 45.562887 ], [ -122.534431, 45.564295 ], [ -122.536075, 45.565081 ], [ -122.53501, 45.566351 ], [ -122.53354, 45.565544 ], [ -122.531944, 45.567745 ], [ -122.540157, 45.570689 ], [ -122.546778, 45.573485 ], [ -122.549497, 45.570963 ], [ -122.549587, 45.571336 ], [ -122.548476, 45.572185 ], [ -122.546537, 45.574109 ], [ -122.544886, 45.576756 ], [ -122.554315, 45.580684 ], [ -122.579482, 45.593402 ], [ -122.585069, 45.596553 ], [ -122.586726, 45.597488 ], [ -122.586005557515008, 45.604742536002298 ] ] ] ] } },
{ "type": "Feature", "properties": { "zipcode": "97230", "approval_t": "Average MAX approval score", "calculation": 4.0434782608695654 }, "geometry": { "type": "MultiPolygon", "coordinates": [ [ [ [ -122.586005557515008, 45.604742536002298 ], [ -122.581406, 45.60394 ], [ -122.550228171716, 45.597216381379795 ], [ -122.548149, 45.596768 ], [ -122.545981397444024, 45.596136162581601 ], [ -122.523668, 45.589632 ], [ -122.492259, 45.583281 ], [ -122.479315, 45.579761 ], [ -122.475778139509018, 45.578654971461589 ], [ -122.474659, 45.578305 ], [ -122.453891, 45.567313 ], [ -122.441061761000014, 45.56416997555408 ], [ -122.458579, 45.560333 ], [ -122.458689, 45.558243 ], [ -122.459564, 45.557573 ], [ -122.459871, 45.556594 ], [ -122.456367, 45.553468 ], [ -122.457119, 45.552357 ], [ -122.456792, 45.549985 ], [ -122.46282, 45.548337 ], [ -122.472419, 45.549289 ], [ -122.472665, 45.547964 ], [ -122.477155, 45.548161 ], [ -122.477183, 45.545984 ], [ -122.456627, 45.545033 ], [ -122.456664, 45.536913 ], [ -122.458285, 45.536897 ], [ -122.458286, 45.534385 ], [ -122.456907, 45.534385 ], [ -122.457216, 45.530785 ], [ -122.457216, 45.527898 ], [ -122.453713, 45.526999 ], [ -122.453692, 45.524178 ], [ -122.455179, 45.521549 ], [ -122.455551, 45.522854 ], [ -122.457826, 45.52215 ], [ -122.460074, 45.523108 ], [ -122.463237, 45.522211 ], [ -122.466785, 45.521906 ], [ -122.470044, 45.522403 ], [ -122.47209, 45.523233 ], [ -122.472477, 45.522452 ], [ -122.477105, 45.522643 ], [ -122.478758, 45.52332 ], [ -122.478723, 45.522011 ], [ -122.486147, 45.522103 ], [ -122.487541, 45.52311 ], [ -122.493268, 45.52308 ], [ -122.493288, 45.522182 ], [ -122.496456, 45.522201 ], [ -122.49901, 45.522214 ], [ -122.500799, 45.523853 ], [ -122.500888, 45.522274 ], [ -122.537767, 45.522494 ], [ -122.53919, 45.522506 ], [ -122.539185, 45.524049 ], [ -122.537745, 45.524047 ], [ -122.537749, 45.526293 ], [ -122.540923, 45.52629 ], [ -122.54086, 45.529914 ], [ -122.538761, 45.53075 ], [ -122.53876, 45.533562 ], [ -122.537636, 45.533574 ], [ -122.537342, 45.548049 ], [ -122.538083, 45.551691 ], [ -122.537215, 45.552093 ], [ -122.53819, 45.553595 ], [ -122.537917, 45.558993 ], [ -122.536753, 45.561046 ], [ -122.541651, 45.562165 ], [ -122.544272, 45.562203 ], [ -122.548642, 45.563974 ], [ -122.541618, 45.564415 ], [ -122.535439, 45.562887 ], [ -122.534431, 45.564295 ], [ -122.536075, 45.565081 ], [ -122.53501, 45.566351 ], [ -122.53354, 45.565544 ], [ -122.531944, 45.567745 ], [ -122.540157, 45.570689 ], [ -122.546778, 45.573485 ], [ -122.549497, 45.570963 ], [ -122.549587, 45.571336 ], [ -122.548476, 45.572185 ], [ -122.546537, 45.574109 ], [ -122.544886, 45.576756 ], [ -122.554315, 45.580684 ], [ -122.579482, 45.593402 ], [ -122.585069, 45.596553 ], [ -122.586726, 45.597488 ], [ -122.586005557515008, 45.604742536002298 ] ] ] ] } },
{ "type": "Feature", "properties": { "zipcode": "97219", "approval_t": "Average bus approval score", "calculation": 3.9816513761467891 }, "geometry": { "type": "MultiPolygon", "coordinates": [ [ [ [ -122.743667, 45.458486 ], [ -122.743626, 45.476439 ], [ -122.741567, 45.47642 ], [ -122.739115, 45.477354 ], [ -122.731712, 45.476327 ], [ -122.728757, 45.476798 ], [ -122.725087, 45.476252 ], [ -122.724915, 45.477077 ], [ -122.721746, 45.477533 ], [ -122.721006, 45.476704 ], [ -122.716338, 45.476164 ], [ -122.712031, 45.476137 ], [ -122.688673, 45.476017 ], [ -122.685326, 45.475776 ], [ -122.684267, 45.4772 ], [ -122.679672, 45.476924 ], [ -122.679432, 45.47282 ], [ -122.677627, 45.472726 ], [ -122.678415, 45.475909 ], [ -122.676916, 45.476569 ], [ -122.673874, 45.476546 ], [ -122.671784, 45.475828 ], [ -122.672104, 45.477245 ], [ -122.670118, 45.477326 ], [ -122.669526, 45.476333 ], [ -122.667839, 45.476478 ], [ -122.666484, 45.464334 ], [ -122.665304, 45.461978 ], [ -122.660979, 45.457819 ], [ -122.659105, 45.454341 ], [ -122.652605, 45.445741 ], [ -122.646605, 45.443741 ], [ -122.645205, 45.441641 ], [ -122.647743, 45.438514 ], [ -122.649789, 45.438527 ], [ -122.651074, 45.437934 ], [ -122.652455, 45.437184 ], [ -122.65302, 45.43598 ], [ -122.652582, 45.434151 ], [ -122.652928, 45.433566 ], [ -122.654223, 45.432668 ], [ -122.654959, 45.432668 ], [ -122.656366, 45.430323 ], [ -122.658081, 45.428817 ], [ -122.65867, 45.426752 ], [ -122.660973, 45.424168 ], [ -122.664955, 45.426231 ], [ -122.666252, 45.427399 ], [ -122.669319, 45.428642 ], [ -122.672523, 45.431141 ], [ -122.673311, 45.432795 ], [ -122.681893, 45.432841 ], [ -122.681876, 45.434612 ], [ -122.683975, 45.434582 ], [ -122.687141, 45.437219 ], [ -122.687102, 45.436453 ], [ -122.697396, 45.436014 ], [ -122.698148, 45.438287 ], [ -122.702593, 45.438343 ], [ -122.703856, 45.4388 ], [ -122.707632, 45.43881 ], [ -122.70762, 45.440179 ], [ -122.710227, 45.440207 ], [ -122.710239, 45.434678 ], [ -122.712797, 45.434929 ], [ -122.712821, 45.440225 ], [ -122.714952, 45.44024 ], [ -122.715036, 45.438148 ], [ -122.717248, 45.438164 ], [ -122.717218, 45.440302 ], [ -122.727069, 45.440383 ], [ -122.726477, 45.437316 ], [ -122.728199, 45.43433 ], [ -122.733418, 45.434371 ], [ -122.733422, 45.433199 ], [ -122.73853, 45.433238 ], [ -122.738574, 45.427188 ], [ -122.74037, 45.426086 ], [ -122.743991, 45.426023 ], [ -122.744065, 45.433283 ], [ -122.743713, 45.438377 ], [ -122.743649, 45.454892 ], [ -122.743665, 45.45815 ], [ -122.745197, 45.458493 ], [ -122.743667, 45.458486 ] ] ] ] } },
{ "type": "Feature", "properties": { "zipcode": "97219", "approval_t": "Average MAX approval score", "calculation": 3.9779411764705883 }, "geometry": { "type": "MultiPolygon", "coordinates": [ [ [ [ -122.743667, 45.458486 ], [ -122.743626, 45.476439 ], [ -122.741567, 45.47642 ], [ -122.739115, 45.477354 ], [ -122.731712, 45.476327 ], [ -122.728757, 45.476798 ], [ -122.725087, 45.476252 ], [ -122.724915, 45.477077 ], [ -122.721746, 45.477533 ], [ -122.721006, 45.476704 ], [ -122.716338, 45.476164 ], [ -122.712031, 45.476137 ], [ -122.688673, 45.476017 ], [ -122.685326, 45.475776 ], [ -122.684267, 45.4772 ], [ -122.679672, 45.476924 ], [ -122.679432, 45.47282 ], [ -122.677627, 45.472726 ], [ -122.678415, 45.475909 ], [ -122.676916, 45.476569 ], [ -122.673874, 45.476546 ], [ -122.671784, 45.475828 ], [ -122.672104, 45.477245 ], [ -122.670118, 45.477326 ], [ -122.669526, 45.476333 ], [ -122.667839, 45.476478 ], [ -122.666484, 45.464334 ], [ -122.665304, 45.461978 ], [ -122.660979, 45.457819 ], [ -122.659105, 45.454341 ], [ -122.652605, 45.445741 ], [ -122.646605, 45.443741 ], [ -122.645205, 45.441641 ], [ -122.647743, 45.438514 ], [ -122.649789, 45.438527 ], [ -122.651074, 45.437934 ], [ -122.652455, 45.437184 ], [ -122.65302, 45.43598 ], [ -122.652582, 45.434151 ], [ -122.652928, 45.433566 ], [ -122.654223, 45.432668 ], [ -122.654959, 45.432668 ], [ -122.656366, 45.430323 ], [ -122.658081, 45.428817 ], [ -122.65867, 45.426752 ], [ -122.660973, 45.424168 ], [ -122.664955, 45.426231 ], [ -122.666252, 45.427399 ], [ -122.669319, 45.428642 ], [ -122.672523, 45.431141 ], [ -122.673311, 45.432795 ], [ -122.681893, 45.432841 ], [ -122.681876, 45.434612 ], [ -122.683975, 45.434582 ], [ -122.687141, 45.437219 ], [ -122.687102, 45.436453 ], [ -122.697396, 45.436014 ], [ -122.698148, 45.438287 ], [ -122.702593, 45.438343 ], [ -122.703856, 45.4388 ], [ -122.707632, 45.43881 ], [ -122.70762, 45.440179 ], [ -122.710227, 45.440207 ], [ -122.710239, 45.434678 ], [ -122.712797, 45.434929 ], [ -122.712821, 45.440225 ], [ -122.714952, 45.44024 ], [ -122.715036, 45.438148 ], [ -122.717248, 45.438164 ], [ -122.717218, 45.440302 ], [ -122.727069, 45.440383 ], [ -122.726477, 45.437316 ], [ -122.728199, 45.43433 ], [ -122.733418, 45.434371 ], [ -122.733422, 45.433199 ], [ -122.73853, 45.433238 ], [ -122.738574, 45.427188 ], [ -122.74037, 45.426086 ], [ -122.743991, 45.426023 ], [ -122.744065, 45.433283 ], [ -122.743713, 45.438377 ], [ -122.743649, 45.454892 ], [ -122.743665, 45.45815 ], [ -122.745197, 45.458493 ], [ -122.743667, 45.458486 ] ] ] ] } },
{ "type": "Feature", "properties": { "zipcode": "97220", "approval_t": "Average bus approval score", "calculation": 4.0579710144927539 }, "geometry": { "type": "MultiPolygon", "coordinates": [ [ [ [ -122.582524, 45.573788 ], [ -122.579423, 45.575652 ], [ -122.577689, 45.575957 ], [ -122.577308, 45.577432 ], [ -122.574718, 45.578517 ], [ -122.572396, 45.58111 ], [ -122.580297, 45.584218 ], [ -122.563914, 45.578042 ], [ -122.563217, 45.577961 ], [ -122.561519, 45.578298 ], [ -122.561139, 45.576737 ], [ -122.556701, 45.574985 ], [ -122.549587, 45.571336 ], [ -122.549497, 45.570963 ], [ -122.546778, 45.573485 ], [ -122.540157, 45.570689 ], [ -122.531944, 45.567745 ], [ -122.53354, 45.565544 ], [ -122.53501, 45.566351 ], [ -122.536075, 45.565081 ], [ -122.534431, 45.564295 ], [ -122.535439, 45.562887 ], [ -122.541618, 45.564415 ], [ -122.548642, 45.563974 ], [ -122.544272, 45.562203 ], [ -122.541651, 45.562165 ], [ -122.536753, 45.561046 ], [ -122.537917, 45.558993 ], [ -122.53819, 45.553595 ], [ -122.537215, 45.552093 ], [ -122.538083, 45.551691 ], [ -122.537342, 45.548049 ], [ -122.537636, 45.533574 ], [ -122.53876, 45.533562 ], [ -122.538761, 45.53075 ], [ -122.54086, 45.529914 ], [ -122.540923, 45.52629 ], [ -122.537749, 45.526293 ], [ -122.537745, 45.524047 ], [ -122.539185, 45.524049 ], [ -122.53919, 45.522506 ], [ -122.548261, 45.522633 ], [ -122.549167, 45.523497 ], [ -122.552383, 45.522601 ], [ -122.552225, 45.52446 ], [ -122.553969, 45.523851 ], [ -122.557302, 45.523947 ], [ -122.55815, 45.526272 ], [ -122.55829, 45.522641 ], [ -122.569346, 45.522723 ], [ -122.569344, 45.524858 ], [ -122.571259, 45.524888 ], [ -122.571284, 45.522754 ], [ -122.579056, 45.522781 ], [ -122.57867, 45.552428 ], [ -122.579677, 45.552406 ], [ -122.579617, 45.555427 ], [ -122.578616, 45.555425 ], [ -122.578514, 45.560196 ], [ -122.577694, 45.561251 ], [ -122.577705, 45.56438 ], [ -122.577664, 45.56803 ], [ -122.578892, 45.564924 ], [ -122.580447, 45.565143 ], [ -122.580463, 45.568047 ], [ -122.57801, 45.568565 ], [ -122.578041, 45.570059 ], [ -122.581203, 45.570995 ], [ -122.581228, 45.572546 ], [ -122.582524, 45.573788 ] ] ] ] } },
{ "type": "Feature", "properties": { "zipcode": "97220", "approval_t": "Average MAX approval score", "calculation": 4.075 }, "geometry": { "type": "MultiPolygon", "coordinates": [ [ [ [ -122.582524, 45.573788 ], [ -122.579423, 45.575652 ], [ -122.577689, 45.575957 ], [ -122.577308, 45.577432 ], [ -122.574718, 45.578517 ], [ -122.572396, 45.58111 ], [ -122.580297, 45.584218 ], [ -122.563914, 45.578042 ], [ -122.563217, 45.577961 ], [ -122.561519, 45.578298 ], [ -122.561139, 45.576737 ], [ -122.556701, 45.574985 ], [ -122.549587, 45.571336 ], [ -122.549497, 45.570963 ], [ -122.546778, 45.573485 ], [ -122.540157, 45.570689 ], [ -122.531944, 45.567745 ], [ -122.53354, 45.565544 ], [ -122.53501, 45.566351 ], [ -122.536075, 45.565081 ], [ -122.534431, 45.564295 ], [ -122.535439, 45.562887 ], [ -122.541618, 45.564415 ], [ -122.548642, 45.563974 ], [ -122.544272, 45.562203 ], [ -122.541651, 45.562165 ], [ -122.536753, 45.561046 ], [ -122.537917, 45.558993 ], [ -122.53819, 45.553595 ], [ -122.537215, 45.552093 ], [ -122.538083, 45.551691 ], [ -122.537342, 45.548049 ], [ -122.537636, 45.533574 ], [ -122.53876, 45.533562 ], [ -122.538761, 45.53075 ], [ -122.54086, 45.529914 ], [ -122.540923, 45.52629 ], [ -122.537749, 45.526293 ], [ -122.537745, 45.524047 ], [ -122.539185, 45.524049 ], [ -122.53919, 45.522506 ], [ -122.548261, 45.522633 ], [ -122.549167, 45.523497 ], [ -122.552383, 45.522601 ], [ -122.552225, 45.52446 ], [ -122.553969, 45.523851 ], [ -122.557302, 45.523947 ], [ -122.55815, 45.526272 ], [ -122.55829, 45.522641 ], [ -122.569346, 45.522723 ], [ -122.569344, 45.524858 ], [ -122.571259, 45.524888 ], [ -122.571284, 45.522754 ], [ -122.579056, 45.522781 ], [ -122.57867, 45.552428 ], [ -122.579677, 45.552406 ], [ -122.579617, 45.555427 ], [ -122.578616, 45.555425 ], [ -122.578514, 45.560196 ], [ -122.577694, 45.561251 ], [ -122.577705, 45.56438 ], [ -122.577664, 45.56803 ], [ -122.578892, 45.564924 ], [ -122.580447, 45.565143 ], [ -122.580463, 45.568047 ], [ -122.57801, 45.568565 ], [ -122.578041, 45.570059 ], [ -122.581203, 45.570995 ], [ -122.581228, 45.572546 ], [ -122.582524, 45.573788 ] ] ] ] } },
{ "type": "Feature", "properties": { "zipcode": "97213", "approval_t": "Average bus approval score", "calculation": 3.9615384615384617 }, "geometry": { "type": "MultiPolygon", "coordinates": [ [ [ [ -122.620312, 45.535139 ], [ -122.620935, 45.535675 ], [ -122.620933, 45.542109 ], [ -122.619773, 45.5483 ], [ -122.62038, 45.5483 ], [ -122.620406, 45.551846 ], [ -122.620416, 45.552852 ], [ -122.620266, 45.552309 ], [ -122.614942, 45.55259 ], [ -122.614933, 45.552829 ], [ -122.612246, 45.552338 ], [ -122.603352, 45.552488 ], [ -122.60395, 45.55179 ], [ -122.598796, 45.552033 ], [ -122.598321, 45.552462 ], [ -122.579677, 45.552406 ], [ -122.57867, 45.552428 ], [ -122.579056, 45.522781 ], [ -122.588022, 45.523101 ], [ -122.59713, 45.52311 ], [ -122.605426, 45.522885 ], [ -122.607531, 45.523616 ], [ -122.608855, 45.522883 ], [ -122.610237, 45.524366 ], [ -122.612024, 45.524358 ], [ -122.615484, 45.523091 ], [ -122.619994, 45.523045 ], [ -122.620153, 45.52371 ], [ -122.621344, 45.525558 ], [ -122.619463, 45.52718 ], [ -122.618311, 45.529797 ], [ -122.620404, 45.529454 ], [ -122.62026, 45.532432 ], [ -122.622932, 45.533049 ], [ -122.620312, 45.535139 ] ] ] ] } },
{ "type": "Feature", "properties": { "zipcode": "97213", "approval_t": "Average MAX approval score", "calculation": 3.9333333333333331 }, "geometry": { "type": "MultiPolygon", "coordinates": [ [ [ [ -122.620312, 45.535139 ], [ -122.620935, 45.535675 ], [ -122.620933, 45.542109 ], [ -122.619773, 45.5483 ], [ -122.62038, 45.5483 ], [ -122.620406, 45.551846 ], [ -122.620416, 45.552852 ], [ -122.620266, 45.552309 ], [ -122.614942, 45.55259 ], [ -122.614933, 45.552829 ], [ -122.612246, 45.552338 ], [ -122.603352, 45.552488 ], [ -122.60395, 45.55179 ], [ -122.598796, 45.552033 ], [ -122.598321, 45.552462 ], [ -122.579677, 45.552406 ], [ -122.57867, 45.552428 ], [ -122.579056, 45.522781 ], [ -122.588022, 45.523101 ], [ -122.59713, 45.52311 ], [ -122.605426, 45.522885 ], [ -122.607531, 45.523616 ], [ -122.608855, 45.522883 ], [ -122.610237, 45.524366 ], [ -122.612024, 45.524358 ], [ -122.615484, 45.523091 ], [ -122.619994, 45.523045 ], [ -122.620153, 45.52371 ], [ -122.621344, 45.525558 ], [ -122.619463, 45.52718 ], [ -122.618311, 45.529797 ], [ -122.620404, 45.529454 ], [ -122.62026, 45.532432 ], [ -122.622932, 45.533049 ], [ -122.620312, 45.535139 ] ] ] ] } },
{ "type": "Feature", "properties": { "zipcode": "97222", "approval_t": "Average bus approval score", "calculation": 3.9156626506024095 }, "geometry": { "type": "MultiPolygon", "coordinates": [ [ [ [ -122.660979, 45.457819 ], [ -122.652988, 45.458314 ], [ -122.652565, 45.455397 ], [ -122.646515, 45.455719 ], [ -122.646958, 45.458669 ], [ -122.641414, 45.458671 ], [ -122.641354, 45.459597 ], [ -122.639379, 45.46015 ], [ -122.639206, 45.460783 ], [ -122.638965, 45.46148 ], [ -122.635103, 45.461472 ], [ -122.630043, 45.462856 ], [ -122.629803, 45.465075 ], [ -122.624815, 45.462296 ], [ -122.620776, 45.462676 ], [ -122.61732, 45.463007 ], [ -122.615374, 45.461481 ], [ -122.608722, 45.461505 ], [ -122.608278, 45.457533 ], [ -122.607346, 45.456759 ], [ -122.604588, 45.455938 ], [ -122.600812, 45.455842 ], [ -122.601995, 45.456742 ], [ -122.596823, 45.455464 ], [ -122.592869, 45.45598 ], [ -122.587874, 45.455857 ], [ -122.584617, 45.457041 ], [ -122.584603, 45.45555 ], [ -122.581134, 45.45527 ], [ -122.579079, 45.455264 ], [ -122.580196, 45.454277 ], [ -122.579024, 45.451798 ], [ -122.582587, 45.451821 ], [ -122.582547, 45.449422 ], [ -122.578931, 45.449398 ], [ -122.578899, 45.446965 ], [ -122.582363, 45.440901 ], [ -122.581284, 45.440988 ], [ -122.581192, 45.43626 ], [ -122.580656, 45.432534 ], [ -122.579235, 45.432535 ], [ -122.579185, 45.430866 ], [ -122.577203, 45.424081 ], [ -122.577613, 45.422001 ], [ -122.582138, 45.422654 ], [ -122.586614, 45.423739 ], [ -122.59264, 45.424389 ], [ -122.593274, 45.422516 ], [ -122.600832, 45.422523 ], [ -122.60352, 45.420375 ], [ -122.606061, 45.42212 ], [ -122.612259, 45.422126 ], [ -122.613467, 45.423099 ], [ -122.618938, 45.425453 ], [ -122.624916, 45.428945 ], [ -122.630124, 45.431407 ], [ -122.628994, 45.429949 ], [ -122.623008, 45.425446 ], [ -122.622967, 45.423613 ], [ -122.624728, 45.423598 ], [ -122.624941, 45.421931 ], [ -122.623704, 45.421096 ], [ -122.626461, 45.421098 ], [ -122.626466, 45.422237 ], [ -122.628887, 45.422579 ], [ -122.634293, 45.42258 ], [ -122.634295, 45.420754 ], [ -122.636509, 45.420754 ], [ -122.637608, 45.42258 ], [ -122.65433, 45.422577 ], [ -122.655605, 45.422341 ], [ -122.654339, 45.424991 ], [ -122.649304, 45.42944 ], [ -122.648725, 45.432718 ], [ -122.65101, 45.436299 ], [ -122.650834, 45.436781 ], [ -122.647743, 45.438514 ], [ -122.645205, 45.441641 ], [ -122.646605, 45.443741 ], [ -122.652605, 45.445741 ], [ -122.659105, 45.454341 ], [ -122.660979, 45.457819 ] ] ] ] } },
{ "type": "Feature", "properties": { "zipcode": "97222", "approval_t": "Average MAX approval score", "calculation": 3.9793814432989691 }, "geometry": { "type": "MultiPolygon", "coordinates": [ [ [ [ -122.660979, 45.457819 ], [ -122.652988, 45.458314 ], [ -122.652565, 45.455397 ], [ -122.646515, 45.455719 ], [ -122.646958, 45.458669 ], [ -122.641414, 45.458671 ], [ -122.641354, 45.459597 ], [ -122.639379, 45.46015 ], [ -122.639206, 45.460783 ], [ -122.638965, 45.46148 ], [ -122.635103, 45.461472 ], [ -122.630043, 45.462856 ], [ -122.629803, 45.465075 ], [ -122.624815, 45.462296 ], [ -122.620776, 45.462676 ], [ -122.61732, 45.463007 ], [ -122.615374, 45.461481 ], [ -122.608722, 45.461505 ], [ -122.608278, 45.457533 ], [ -122.607346, 45.456759 ], [ -122.604588, 45.455938 ], [ -122.600812, 45.455842 ], [ -122.601995, 45.456742 ], [ -122.596823, 45.455464 ], [ -122.592869, 45.45598 ], [ -122.587874, 45.455857 ], [ -122.584617, 45.457041 ], [ -122.584603, 45.45555 ], [ -122.581134, 45.45527 ], [ -122.579079, 45.455264 ], [ -122.580196, 45.454277 ], [ -122.579024, 45.451798 ], [ -122.582587, 45.451821 ], [ -122.582547, 45.449422 ], [ -122.578931, 45.449398 ], [ -122.578899, 45.446965 ], [ -122.582363, 45.440901 ], [ -122.581284, 45.440988 ], [ -122.581192, 45.43626 ], [ -122.580656, 45.432534 ], [ -122.579235, 45.432535 ], [ -122.579185, 45.430866 ], [ -122.577203, 45.424081 ], [ -122.577613, 45.422001 ], [ -122.582138, 45.422654 ], [ -122.586614, 45.423739 ], [ -122.59264, 45.424389 ], [ -122.593274, 45.422516 ], [ -122.600832, 45.422523 ], [ -122.60352, 45.420375 ], [ -122.606061, 45.42212 ], [ -122.612259, 45.422126 ], [ -122.613467, 45.423099 ], [ -122.618938, 45.425453 ], [ -122.624916, 45.428945 ], [ -122.630124, 45.431407 ], [ -122.628994, 45.429949 ], [ -122.623008, 45.425446 ], [ -122.622967, 45.423613 ], [ -122.624728, 45.423598 ], [ -122.624941, 45.421931 ], [ -122.623704, 45.421096 ], [ -122.626461, 45.421098 ], [ -122.626466, 45.422237 ], [ -122.628887, 45.422579 ], [ -122.634293, 45.42258 ], [ -122.634295, 45.420754 ], [ -122.636509, 45.420754 ], [ -122.637608, 45.42258 ], [ -122.65433, 45.422577 ], [ -122.655605, 45.422341 ], [ -122.654339, 45.424991 ], [ -122.649304, 45.42944 ], [ -122.648725, 45.432718 ], [ -122.65101, 45.436299 ], [ -122.650834, 45.436781 ], [ -122.647743, 45.438514 ], [ -122.645205, 45.441641 ], [ -122.646605, 45.443741 ], [ -122.652605, 45.445741 ], [ -122.659105, 45.454341 ], [ -122.660979, 45.457819 ] ] ] ] } },
{ "type": "Feature", "properties": { "zipcode": "97068", "approval_t": "Average bus approval score", "calculation": 3.9117647058823528 }, "geometry": { "type": "MultiPolygon", "coordinates": [ [ [ [ -122.722743, 45.357283 ], [ -122.718625, 45.357369 ], [ -122.714369, 45.359481 ], [ -122.713537, 45.362591 ], [ -122.710005, 45.364605 ], [ -122.706141, 45.369901 ], [ -122.702345, 45.375218 ], [ -122.707219, 45.37524 ], [ -122.708633, 45.377575 ], [ -122.708577, 45.381962 ], [ -122.706729, 45.381386 ], [ -122.706964, 45.383118 ], [ -122.696278, 45.382926 ], [ -122.696922, 45.385479 ], [ -122.695056, 45.385673 ], [ -122.694831, 45.38707 ], [ -122.691446, 45.389249 ], [ -122.690071, 45.39344 ], [ -122.688889, 45.395605 ], [ -122.685617, 45.395577 ], [ -122.685614, 45.396835 ], [ -122.680611, 45.396913 ], [ -122.68056, 45.395612 ], [ -122.678653, 45.395621 ], [ -122.678627, 45.396893 ], [ -122.669826, 45.396911 ], [ -122.66982, 45.395462 ], [ -122.66628, 45.395415 ], [ -122.666184, 45.393833 ], [ -122.663587, 45.393851 ], [ -122.662833, 45.39221 ], [ -122.657303, 45.394443 ], [ -122.656882, 45.397579 ], [ -122.65544, 45.397727 ], [ -122.653299, 45.395376 ], [ -122.646718, 45.396456 ], [ -122.643866, 45.397249 ], [ -122.641445, 45.396295 ], [ -122.637951, 45.397278 ], [ -122.637436, 45.39853 ], [ -122.635619, 45.396661 ], [ -122.630413, 45.394092 ], [ -122.625386, 45.390226 ], [ -122.623999, 45.388112 ], [ -122.621237, 45.38027 ], [ -122.620703, 45.378642 ], [ -122.620103, 45.377642 ], [ -122.617403, 45.375342 ], [ -122.607802, 45.372342 ], [ -122.606429, 45.371309 ], [ -122.60279, 45.365817 ], [ -122.602976, 45.36489 ], [ -122.605008, 45.362355 ], [ -122.609363, 45.358772 ], [ -122.611309, 45.358266 ], [ -122.613368, 45.355955 ], [ -122.617337, 45.352584 ], [ -122.619702, 45.350942 ], [ -122.624503, 45.348542 ], [ -122.640153, 45.341404 ], [ -122.647499, 45.337674 ], [ -122.649802, 45.337053 ], [ -122.650883, 45.336738 ], [ -122.658115, 45.330338 ], [ -122.659123, 45.329186 ], [ -122.662451, 45.323554 ], [ -122.663692, 45.319957 ], [ -122.665594, 45.318895 ], [ -122.664935, 45.315366 ], [ -122.663875, 45.313916 ], [ -122.664243, 45.31093 ], [ -122.665811, 45.307362 ], [ -122.666195, 45.305138 ], [ -122.664563, 45.302658 ], [ -122.660467, 45.297811 ], [ -122.660499, 45.296595 ], [ -122.660195, 45.292915 ], [ -122.660659, 45.290419 ], [ -122.663558, 45.285721 ], [ -122.664865, 45.284835 ], [ -122.667434, 45.28486 ], [ -122.675466, 45.289163 ], [ -122.679766, 45.291468 ], [ -122.682376, 45.294135 ], [ -122.685267, 45.298834 ], [ -122.688371, 45.299906 ], [ -122.69282, 45.30029 ], [ -122.692743, 45.301262 ], [ -122.690841, 45.301578 ], [ -122.691957, 45.302022 ], [ -122.691953, 45.317436 ], [ -122.701491, 45.317504 ], [ -122.702675, 45.317006 ], [ -122.703505, 45.318236 ], [ -122.706195, 45.317494 ], [ -122.706203, 45.322553 ], [ -122.712911, 45.322554 ], [ -122.712911, 45.324096 ], [ -122.714582, 45.324096 ], [ -122.714582, 45.331964 ], [ -122.716328, 45.331952 ], [ -122.717036, 45.335617 ], [ -122.719243, 45.337586 ], [ -122.720872, 45.34016 ], [ -122.722727, 45.341013 ], [ -122.722743, 45.357283 ] ] ] ] } },
{ "type": "Feature", "properties": { "zipcode": "97068", "approval_t": "Average MAX approval score", "calculation": 3.5952380952380953 }, "geometry": { "type": "MultiPolygon", "coordinates": [ [ [ [ -122.722743, 45.357283 ], [ -122.718625, 45.357369 ], [ -122.714369, 45.359481 ], [ -122.713537, 45.362591 ], [ -122.710005, 45.364605 ], [ -122.706141, 45.369901 ], [ -122.702345, 45.375218 ], [ -122.707219, 45.37524 ], [ -122.708633, 45.377575 ], [ -122.708577, 45.381962 ], [ -122.706729, 45.381386 ], [ -122.706964, 45.383118 ], [ -122.696278, 45.382926 ], [ -122.696922, 45.385479 ], [ -122.695056, 45.385673 ], [ -122.694831, 45.38707 ], [ -122.691446, 45.389249 ], [ -122.690071, 45.39344 ], [ -122.688889, 45.395605 ], [ -122.685617, 45.395577 ], [ -122.685614, 45.396835 ], [ -122.680611, 45.396913 ], [ -122.68056, 45.395612 ], [ -122.678653, 45.395621 ], [ -122.678627, 45.396893 ], [ -122.669826, 45.396911 ], [ -122.66982, 45.395462 ], [ -122.66628, 45.395415 ], [ -122.666184, 45.393833 ], [ -122.663587, 45.393851 ], [ -122.662833, 45.39221 ], [ -122.657303, 45.394443 ], [ -122.656882, 45.397579 ], [ -122.65544, 45.397727 ], [ -122.653299, 45.395376 ], [ -122.646718, 45.396456 ], [ -122.643866, 45.397249 ], [ -122.641445, 45.396295 ], [ -122.637951, 45.397278 ], [ -122.637436, 45.39853 ], [ -122.635619, 45.396661 ], [ -122.630413, 45.394092 ], [ -122.625386, 45.390226 ], [ -122.623999, 45.388112 ], [ -122.621237, 45.38027 ], [ -122.620703, 45.378642 ], [ -122.620103, 45.377642 ], [ -122.617403, 45.375342 ], [ -122.607802, 45.372342 ], [ -122.606429, 45.371309 ], [ -122.60279, 45.365817 ], [ -122.602976, 45.36489 ], [ -122.605008, 45.362355 ], [ -122.609363, 45.358772 ], [ -122.611309, 45.358266 ], [ -122.613368, 45.355955 ], [ -122.617337, 45.352584 ], [ -122.619702, 45.350942 ], [ -122.624503, 45.348542 ], [ -122.640153, 45.341404 ], [ -122.647499, 45.337674 ], [ -122.649802, 45.337053 ], [ -122.650883, 45.336738 ], [ -122.658115, 45.330338 ], [ -122.659123, 45.329186 ], [ -122.662451, 45.323554 ], [ -122.663692, 45.319957 ], [ -122.665594, 45.318895 ], [ -122.664935, 45.315366 ], [ -122.663875, 45.313916 ], [ -122.664243, 45.31093 ], [ -122.665811, 45.307362 ], [ -122.666195, 45.305138 ], [ -122.664563, 45.302658 ], [ -122.660467, 45.297811 ], [ -122.660499, 45.296595 ], [ -122.660195, 45.292915 ], [ -122.660659, 45.290419 ], [ -122.663558, 45.285721 ], [ -122.664865, 45.284835 ], [ -122.667434, 45.28486 ], [ -122.675466, 45.289163 ], [ -122.679766, 45.291468 ], [ -122.682376, 45.294135 ], [ -122.685267, 45.298834 ], [ -122.688371, 45.299906 ], [ -122.69282, 45.30029 ], [ -122.692743, 45.301262 ], [ -122.690841, 45.301578 ], [ -122.691957, 45.302022 ], [ -122.691953, 45.317436 ], [ -122.701491, 45.317504 ], [ -122.702675, 45.317006 ], [ -122.703505, 45.318236 ], [ -122.706195, 45.317494 ], [ -122.706203, 45.322553 ], [ -122.712911, 45.322554 ], [ -122.712911, 45.324096 ], [ -122.714582, 45.324096 ], [ -122.714582, 45.331964 ], [ -122.716328, 45.331952 ], [ -122.717036, 45.335617 ], [ -122.719243, 45.337586 ], [ -122.720872, 45.34016 ], [ -122.722727, 45.341013 ], [ -122.722743, 45.357283 ] ] ] ] } },
{ "type": "Feature", "properties": { "zipcode": "97070", "approval_t": "Average bus approval score", "calculation": 3.75 }, "geometry": { "type": "MultiPolygon", "coordinates": [ [ [ [ -122.86482, 45.28304 ], [ -122.862083, 45.28304 ], [ -122.862746, 45.288277 ], [ -122.862272, 45.289474 ], [ -122.859657, 45.292366 ], [ -122.854305, 45.293261 ], [ -122.852835, 45.29133 ], [ -122.851637, 45.287443 ], [ -122.846189, 45.28713 ], [ -122.846593, 45.301405 ], [ -122.843513, 45.302628 ], [ -122.841627, 45.302587 ], [ -122.841717, 45.299842 ], [ -122.83728, 45.299925 ], [ -122.837297, 45.30146 ], [ -122.835922, 45.300846 ], [ -122.827957, 45.300549 ], [ -122.825684, 45.2995 ], [ -122.823578, 45.297577 ], [ -122.820908, 45.296463 ], [ -122.819855, 45.29475 ], [ -122.815788, 45.29348 ], [ -122.814198, 45.294464 ], [ -122.812835, 45.29693 ], [ -122.80839, 45.298168 ], [ -122.809915, 45.302792 ], [ -122.807404, 45.305321 ], [ -122.807108, 45.306529 ], [ -122.805054, 45.310585 ], [ -122.805191, 45.312061 ], [ -122.802383, 45.316917 ], [ -122.801477, 45.317338 ], [ -122.801264, 45.317316 ], [ -122.800411, 45.317327 ], [ -122.799726, 45.31732 ], [ -122.792323, 45.317324 ], [ -122.790075, 45.3164 ], [ -122.789325, 45.316203 ], [ -122.785891, 45.316129 ], [ -122.78624, 45.329868 ], [ -122.786266, 45.33182 ], [ -122.783662, 45.331833 ], [ -122.784893, 45.333572 ], [ -122.778326, 45.333553 ], [ -122.778262, 45.338241 ], [ -122.773162, 45.338243 ], [ -122.773691, 45.340217 ], [ -122.784068, 45.340104 ], [ -122.787084, 45.338867 ], [ -122.794032, 45.338943 ], [ -122.795222, 45.341941 ], [ -122.795069, 45.344455 ], [ -122.784978, 45.344493 ], [ -122.784837, 45.340429 ], [ -122.769163, 45.340354 ], [ -122.767829, 45.344947 ], [ -122.763853, 45.353733 ], [ -122.761894, 45.35373 ], [ -122.761518, 45.348528 ], [ -122.752554, 45.348497 ], [ -122.752501, 45.346562 ], [ -122.757657, 45.346557 ], [ -122.757729, 45.343117 ], [ -122.759786, 45.343131 ], [ -122.759817, 45.335664 ], [ -122.75419, 45.335588 ], [ -122.75407, 45.331994 ], [ -122.746817, 45.332045 ], [ -122.745524, 45.335381 ], [ -122.743761, 45.336331 ], [ -122.74355, 45.335893 ], [ -122.741657, 45.337009 ], [ -122.740251, 45.340012 ], [ -122.738639, 45.340652 ], [ -122.735285, 45.343754 ], [ -122.723559, 45.357279 ], [ -122.722743, 45.357283 ], [ -122.722727, 45.341013 ], [ -122.720872, 45.34016 ], [ -122.719243, 45.337586 ], [ -122.717036, 45.335617 ], [ -122.716328, 45.331952 ], [ -122.714582, 45.331964 ], [ -122.714582, 45.324096 ], [ -122.712911, 45.324096 ], [ -122.712911, 45.322554 ], [ -122.706203, 45.322553 ], [ -122.706195, 45.317494 ], [ -122.703505, 45.318236 ], [ -122.702675, 45.317006 ], [ -122.701491, 45.317504 ], [ -122.691953, 45.317436 ], [ -122.691957, 45.302022 ], [ -122.690841, 45.301578 ], [ -122.692743, 45.301262 ], [ -122.69282, 45.30029 ], [ -122.695764, 45.299874 ], [ -122.7049, 45.296354 ], [ -122.708468, 45.296146 ], [ -122.713732, 45.297026 ], [ -122.717769, 45.299067 ], [ -122.721764, 45.302002 ], [ -122.725956, 45.303154 ], [ -122.733285, 45.302322 ], [ -122.743805, 45.300309 ], [ -122.743875, 45.283231 ], [ -122.746459, 45.283002 ], [ -122.754872, 45.283017 ], [ -122.75761, 45.283027 ], [ -122.759573, 45.283027 ], [ -122.764285, 45.283058 ], [ -122.765758, 45.283196 ], [ -122.766343, 45.283316 ], [ -122.76684, 45.283443 ], [ -122.767538, 45.283662 ], [ -122.769311, 45.284247 ], [ -122.76927, 45.291537 ], [ -122.776427, 45.292913 ], [ -122.781366, 45.293233 ], [ -122.784918, 45.292769 ], [ -122.790582, 45.291409 ], [ -122.797782, 45.287585 ], [ -122.800634, 45.286517 ], [ -122.799902, 45.285659 ], [ -122.802574, 45.284481 ], [ -122.809342, 45.282435 ], [ -122.811189, 45.282731 ], [ -122.818871, 45.281185 ], [ -122.825431, 45.280321 ], [ -122.829063, 45.279073 ], [ -122.833767, 45.275777 ], [ -122.834765, 45.273822 ], [ -122.837929, 45.26955 ], [ -122.84674, 45.261388 ], [ -122.849925, 45.259697 ], [ -122.856504, 45.259697 ], [ -122.855606, 45.260413 ], [ -122.859486, 45.264517 ], [ -122.859695, 45.266018 ], [ -122.854355, 45.265522 ], [ -122.854759, 45.267338 ], [ -122.857361, 45.270473 ], [ -122.858528, 45.274087 ], [ -122.860353, 45.273577 ], [ -122.861752, 45.280237 ], [ -122.86482, 45.280237 ], [ -122.86482, 45.28304 ] ] ] ] } },
{ "type": "Feature", "properties": { "zipcode": "97070", "approval_t": "Average MAX approval score", "calculation": 4.3 }, "geometry": { "type": "MultiPolygon", "coordinates": [ [ [ [ -122.86482, 45.28304 ], [ -122.862083, 45.28304 ], [ -122.862746, 45.288277 ], [ -122.862272, 45.289474 ], [ -122.859657, 45.292366 ], [ -122.854305, 45.293261 ], [ -122.852835, 45.29133 ], [ -122.851637, 45.287443 ], [ -122.846189, 45.28713 ], [ -122.846593, 45.301405 ], [ -122.843513, 45.302628 ], [ -122.841627, 45.302587 ], [ -122.841717, 45.299842 ], [ -122.83728, 45.299925 ], [ -122.837297, 45.30146 ], [ -122.835922, 45.300846 ], [ -122.827957, 45.300549 ], [ -122.825684, 45.2995 ], [ -122.823578, 45.297577 ], [ -122.820908, 45.296463 ], [ -122.819855, 45.29475 ], [ -122.815788, 45.29348 ], [ -122.814198, 45.294464 ], [ -122.812835, 45.29693 ], [ -122.80839, 45.298168 ], [ -122.809915, 45.302792 ], [ -122.807404, 45.305321 ], [ -122.807108, 45.306529 ], [ -122.805054, 45.310585 ], [ -122.805191, 45.312061 ], [ -122.802383, 45.316917 ], [ -122.801477, 45.317338 ], [ -122.801264, 45.317316 ], [ -122.800411, 45.317327 ], [ -122.799726, 45.31732 ], [ -122.792323, 45.317324 ], [ -122.790075, 45.3164 ], [ -122.789325, 45.316203 ], [ -122.785891, 45.316129 ], [ -122.78624, 45.329868 ], [ -122.786266, 45.33182 ], [ -122.783662, 45.331833 ], [ -122.784893, 45.333572 ], [ -122.778326, 45.333553 ], [ -122.778262, 45.338241 ], [ -122.773162, 45.338243 ], [ -122.773691, 45.340217 ], [ -122.784068, 45.340104 ], [ -122.787084, 45.338867 ], [ -122.794032, 45.338943 ], [ -122.795222, 45.341941 ], [ -122.795069, 45.344455 ], [ -122.784978, 45.344493 ], [ -122.784837, 45.340429 ], [ -122.769163, 45.340354 ], [ -122.767829, 45.344947 ], [ -122.763853, 45.353733 ], [ -122.761894, 45.35373 ], [ -122.761518, 45.348528 ], [ -122.752554, 45.348497 ], [ -122.752501, 45.346562 ], [ -122.757657, 45.346557 ], [ -122.757729, 45.343117 ], [ -122.759786, 45.343131 ], [ -122.759817, 45.335664 ], [ -122.75419, 45.335588 ], [ -122.75407, 45.331994 ], [ -122.746817, 45.332045 ], [ -122.745524, 45.335381 ], [ -122.743761, 45.336331 ], [ -122.74355, 45.335893 ], [ -122.741657, 45.337009 ], [ -122.740251, 45.340012 ], [ -122.738639, 45.340652 ], [ -122.735285, 45.343754 ], [ -122.723559, 45.357279 ], [ -122.722743, 45.357283 ], [ -122.722727, 45.341013 ], [ -122.720872, 45.34016 ], [ -122.719243, 45.337586 ], [ -122.717036, 45.335617 ], [ -122.716328, 45.331952 ], [ -122.714582, 45.331964 ], [ -122.714582, 45.324096 ], [ -122.712911, 45.324096 ], [ -122.712911, 45.322554 ], [ -122.706203, 45.322553 ], [ -122.706195, 45.317494 ], [ -122.703505, 45.318236 ], [ -122.702675, 45.317006 ], [ -122.701491, 45.317504 ], [ -122.691953, 45.317436 ], [ -122.691957, 45.302022 ], [ -122.690841, 45.301578 ], [ -122.692743, 45.301262 ], [ -122.69282, 45.30029 ], [ -122.695764, 45.299874 ], [ -122.7049, 45.296354 ], [ -122.708468, 45.296146 ], [ -122.713732, 45.297026 ], [ -122.717769, 45.299067 ], [ -122.721764, 45.302002 ], [ -122.725956, 45.303154 ], [ -122.733285, 45.302322 ], [ -122.743805, 45.300309 ], [ -122.743875, 45.283231 ], [ -122.746459, 45.283002 ], [ -122.754872, 45.283017 ], [ -122.75761, 45.283027 ], [ -122.759573, 45.283027 ], [ -122.764285, 45.283058 ], [ -122.765758, 45.283196 ], [ -122.766343, 45.283316 ], [ -122.76684, 45.283443 ], [ -122.767538, 45.283662 ], [ -122.769311, 45.284247 ], [ -122.76927, 45.291537 ], [ -122.776427, 45.292913 ], [ -122.781366, 45.293233 ], [ -122.784918, 45.292769 ], [ -122.790582, 45.291409 ], [ -122.797782, 45.287585 ], [ -122.800634, 45.286517 ], [ -122.799902, 45.285659 ], [ -122.802574, 45.284481 ], [ -122.809342, 45.282435 ], [ -122.811189, 45.282731 ], [ -122.818871, 45.281185 ], [ -122.825431, 45.280321 ], [ -122.829063, 45.279073 ], [ -122.833767, 45.275777 ], [ -122.834765, 45.273822 ], [ -122.837929, 45.26955 ], [ -122.84674, 45.261388 ], [ -122.849925, 45.259697 ], [ -122.856504, 45.259697 ], [ -122.855606, 45.260413 ], [ -122.859486, 45.264517 ], [ -122.859695, 45.266018 ], [ -122.854355, 45.265522 ], [ -122.854759, 45.267338 ], [ -122.857361, 45.270473 ], [ -122.858528, 45.274087 ], [ -122.860353, 45.273577 ], [ -122.861752, 45.280237 ], [ -122.86482, 45.280237 ], [ -122.86482, 45.28304 ] ] ] ] } },
{ "type": "Feature", "properties": { "zipcode": "97089", "approval_t": "Average bus approval score", "calculation": 2.9166666666666665 }, "geometry": { "type": "MultiPolygon", "coordinates": [ [ [ [ -122.513245, 45.409065 ], [ -122.509346, 45.408394 ], [ -122.506409, 45.409733 ], [ -122.507892, 45.409733 ], [ -122.507763, 45.411032 ], [ -122.504854, 45.41438 ], [ -122.50306, 45.413997 ], [ -122.502861, 45.41445 ], [ -122.502625, 45.414188 ], [ -122.5037, 45.413319 ], [ -122.505196, 45.413055 ], [ -122.506134, 45.411163 ], [ -122.506406, 45.409932 ], [ -122.501883, 45.408394 ], [ -122.500271, 45.408724 ], [ -122.49822, 45.4102 ], [ -122.489125, 45.410362 ], [ -122.485659, 45.411922 ], [ -122.483375, 45.4118 ], [ -122.479823, 45.410857 ], [ -122.479864, 45.417498 ], [ -122.480507, 45.420011 ], [ -122.484078, 45.420053 ], [ -122.484692, 45.424873 ], [ -122.483829, 45.425853 ], [ -122.485745, 45.426259 ], [ -122.485758, 45.428539 ], [ -122.482391, 45.428653 ], [ -122.48384, 45.428655 ], [ -122.48382, 45.43202 ], [ -122.480356, 45.432046 ], [ -122.480499, 45.436086 ], [ -122.481616, 45.43584 ], [ -122.485771, 45.43582 ], [ -122.485754, 45.438455 ], [ -122.485639, 45.438474 ], [ -122.484694, 45.438001 ], [ -122.482744, 45.438015 ], [ -122.480609, 45.438033 ], [ -122.480266, 45.439868 ], [ -122.480222, 45.442671 ], [ -122.480196, 45.444359 ], [ -122.482297, 45.444351 ], [ -122.481126, 45.44658 ], [ -122.482532, 45.446578 ], [ -122.482535, 45.448879 ], [ -122.480013, 45.448918 ], [ -122.481374, 45.453253 ], [ -122.480978, 45.456177 ], [ -122.477303, 45.456191 ], [ -122.478663, 45.459168 ], [ -122.479906, 45.459536 ], [ -122.480678, 45.460515 ], [ -122.486139, 45.460461 ], [ -122.486541, 45.458805 ], [ -122.486584, 45.461132 ], [ -122.473074, 45.461187 ], [ -122.469798, 45.461154 ], [ -122.466639, 45.461127 ], [ -122.447789, 45.460974 ], [ -122.44454, 45.460979 ], [ -122.438075, 45.461145 ], [ -122.421827, 45.461435 ], [ -122.414457, 45.461579 ], [ -122.389346, 45.4613 ], [ -122.38314, 45.456089 ], [ -122.381899, 45.453703 ], [ -122.382091, 45.451808 ], [ -122.385243, 45.445306 ], [ -122.385404, 45.444044 ], [ -122.383194, 45.440908 ], [ -122.383108, 45.439718 ], [ -122.391772, 45.439822 ], [ -122.391804, 45.432769 ], [ -122.398394, 45.432881 ], [ -122.398128, 45.420783 ], [ -122.400591, 45.418073 ], [ -122.407945, 45.417705 ], [ -122.408438, 45.41735 ], [ -122.406525, 45.415829 ], [ -122.405327, 45.412518 ], [ -122.406456, 45.409302 ], [ -122.408279, 45.407017 ], [ -122.41111, 45.404846 ], [ -122.413203, 45.402511 ], [ -122.413525, 45.396215 ], [ -122.409177, 45.3962 ], [ -122.411133, 45.394505 ], [ -122.410934, 45.393085 ], [ -122.414742, 45.394264 ], [ -122.418518, 45.392967 ], [ -122.419044, 45.394932 ], [ -122.421455, 45.393318 ], [ -122.425652, 45.39304 ], [ -122.426064, 45.391701 ], [ -122.429611, 45.390816 ], [ -122.431519, 45.390984 ], [ -122.432378, 45.389551 ], [ -122.433829, 45.389009 ], [ -122.435296, 45.386652 ], [ -122.437979, 45.384344 ], [ -122.442082, 45.383046 ], [ -122.443958, 45.382803 ], [ -122.446874, 45.383295 ], [ -122.449929, 45.384286 ], [ -122.463237, 45.384062 ], [ -122.468496, 45.384236 ], [ -122.470564, 45.384987 ], [ -122.470346, 45.386551 ], [ -122.471313, 45.391186 ], [ -122.475736, 45.392538 ], [ -122.478187, 45.391898 ], [ -122.47985, 45.39062 ], [ -122.482247, 45.391536 ], [ -122.48728, 45.392049 ], [ -122.490295, 45.393939 ], [ -122.496061, 45.392653 ], [ -122.497336, 45.392828 ], [ -122.50203, 45.395014 ], [ -122.504097, 45.396495 ], [ -122.507589, 45.40075 ], [ -122.511208, 45.406965 ], [ -122.513788, 45.409314 ], [ -122.513245, 45.409065 ] ], [ [ -122.425477, 45.393215 ], [ -122.421778, 45.39342 ], [ -122.421023, 45.394113 ], [ -122.423345, 45.394292 ], [ -122.425736, 45.393442 ], [ -122.425477, 45.393215 ] ] ] ] } },
{ "type": "Feature", "properties": { "zipcode": "97089", "approval_t": "Average MAX approval score", "calculation": 2.5 }, "geometry": { "type": "MultiPolygon", "coordinates": [ [ [ [ -122.513245, 45.409065 ], [ -122.509346, 45.408394 ], [ -122.506409, 45.409733 ], [ -122.507892, 45.409733 ], [ -122.507763, 45.411032 ], [ -122.504854, 45.41438 ], [ -122.50306, 45.413997 ], [ -122.502861, 45.41445 ], [ -122.502625, 45.414188 ], [ -122.5037, 45.413319 ], [ -122.505196, 45.413055 ], [ -122.506134, 45.411163 ], [ -122.506406, 45.409932 ], [ -122.501883, 45.408394 ], [ -122.500271, 45.408724 ], [ -122.49822, 45.4102 ], [ -122.489125, 45.410362 ], [ -122.485659, 45.411922 ], [ -122.483375, 45.4118 ], [ -122.479823, 45.410857 ], [ -122.479864, 45.417498 ], [ -122.480507, 45.420011 ], [ -122.484078, 45.420053 ], [ -122.484692, 45.424873 ], [ -122.483829, 45.425853 ], [ -122.485745, 45.426259 ], [ -122.485758, 45.428539 ], [ -122.482391, 45.428653 ], [ -122.48384, 45.428655 ], [ -122.48382, 45.43202 ], [ -122.480356, 45.432046 ], [ -122.480499, 45.436086 ], [ -122.481616, 45.43584 ], [ -122.485771, 45.43582 ], [ -122.485754, 45.438455 ], [ -122.485639, 45.438474 ], [ -122.484694, 45.438001 ], [ -122.482744, 45.438015 ], [ -122.480609, 45.438033 ], [ -122.480266, 45.439868 ], [ -122.480222, 45.442671 ], [ -122.480196, 45.444359 ], [ -122.482297, 45.444351 ], [ -122.481126, 45.44658 ], [ -122.482532, 45.446578 ], [ -122.482535, 45.448879 ], [ -122.480013, 45.448918 ], [ -122.481374, 45.453253 ], [ -122.480978, 45.456177 ], [ -122.477303, 45.456191 ], [ -122.478663, 45.459168 ], [ -122.479906, 45.459536 ], [ -122.480678, 45.460515 ], [ -122.486139, 45.460461 ], [ -122.486541, 45.458805 ], [ -122.486584, 45.461132 ], [ -122.473074, 45.461187 ], [ -122.469798, 45.461154 ], [ -122.466639, 45.461127 ], [ -122.447789, 45.460974 ], [ -122.44454, 45.460979 ], [ -122.438075, 45.461145 ], [ -122.421827, 45.461435 ], [ -122.414457, 45.461579 ], [ -122.389346, 45.4613 ], [ -122.38314, 45.456089 ], [ -122.381899, 45.453703 ], [ -122.382091, 45.451808 ], [ -122.385243, 45.445306 ], [ -122.385404, 45.444044 ], [ -122.383194, 45.440908 ], [ -122.383108, 45.439718 ], [ -122.391772, 45.439822 ], [ -122.391804, 45.432769 ], [ -122.398394, 45.432881 ], [ -122.398128, 45.420783 ], [ -122.400591, 45.418073 ], [ -122.407945, 45.417705 ], [ -122.408438, 45.41735 ], [ -122.406525, 45.415829 ], [ -122.405327, 45.412518 ], [ -122.406456, 45.409302 ], [ -122.408279, 45.407017 ], [ -122.41111, 45.404846 ], [ -122.413203, 45.402511 ], [ -122.413525, 45.396215 ], [ -122.409177, 45.3962 ], [ -122.411133, 45.394505 ], [ -122.410934, 45.393085 ], [ -122.414742, 45.394264 ], [ -122.418518, 45.392967 ], [ -122.419044, 45.394932 ], [ -122.421455, 45.393318 ], [ -122.425652, 45.39304 ], [ -122.426064, 45.391701 ], [ -122.429611, 45.390816 ], [ -122.431519, 45.390984 ], [ -122.432378, 45.389551 ], [ -122.433829, 45.389009 ], [ -122.435296, 45.386652 ], [ -122.437979, 45.384344 ], [ -122.442082, 45.383046 ], [ -122.443958, 45.382803 ], [ -122.446874, 45.383295 ], [ -122.449929, 45.384286 ], [ -122.463237, 45.384062 ], [ -122.468496, 45.384236 ], [ -122.470564, 45.384987 ], [ -122.470346, 45.386551 ], [ -122.471313, 45.391186 ], [ -122.475736, 45.392538 ], [ -122.478187, 45.391898 ], [ -122.47985, 45.39062 ], [ -122.482247, 45.391536 ], [ -122.48728, 45.392049 ], [ -122.490295, 45.393939 ], [ -122.496061, 45.392653 ], [ -122.497336, 45.392828 ], [ -122.50203, 45.395014 ], [ -122.504097, 45.396495 ], [ -122.507589, 45.40075 ], [ -122.511208, 45.406965 ], [ -122.513788, 45.409314 ], [ -122.513245, 45.409065 ] ], [ [ -122.425477, 45.393215 ], [ -122.421778, 45.39342 ], [ -122.421023, 45.394113 ], [ -122.423345, 45.394292 ], [ -122.425736, 45.393442 ], [ -122.425477, 45.393215 ] ] ] ] } },
{ "type": "Feature", "properties": { "zipcode": "97140", "approval_t": "Average bus approval score", "calculation": 3.4166666666666665 }, "geometry": { "type": "MultiPolygon", "coordinates": [ [ [ [ -122.949597, 45.38547 ], [ -122.949758, 45.389298 ], [ -122.949299, 45.390482 ], [ -122.945636, 45.392819 ], [ -122.944597, 45.393083 ], [ -122.939321, 45.392565 ], [ -122.931994, 45.397329 ], [ -122.928156, 45.401983 ], [ -122.926135, 45.40388 ], [ -122.922278, 45.406332 ], [ -122.922248, 45.412778 ], [ -122.920942, 45.414981 ], [ -122.920102, 45.412963 ], [ -122.91842, 45.411998 ], [ -122.91552, 45.411762 ], [ -122.911633, 45.410727 ], [ -122.910858, 45.410027 ], [ -122.911741, 45.409071 ], [ -122.907885, 45.407467 ], [ -122.906793, 45.40748 ], [ -122.90611, 45.409322 ], [ -122.903885, 45.41001 ], [ -122.90001, 45.409647 ], [ -122.897235, 45.408955 ], [ -122.895404, 45.40737 ], [ -122.895534, 45.40573 ], [ -122.892861, 45.403303 ], [ -122.892652, 45.401276 ], [ -122.897652, 45.401961 ], [ -122.902964, 45.401841 ], [ -122.905115, 45.401247 ], [ -122.90436, 45.397235 ], [ -122.903043, 45.395062 ], [ -122.899509, 45.393783 ], [ -122.897722, 45.395275 ], [ -122.894148, 45.395451 ], [ -122.894179, 45.396586 ], [ -122.89624, 45.39707 ], [ -122.900568, 45.396915 ], [ -122.900496, 45.397663 ], [ -122.898201, 45.398607 ], [ -122.895847, 45.398112 ], [ -122.893441, 45.399396 ], [ -122.89236, 45.398613 ], [ -122.892572, 45.396377 ], [ -122.890127, 45.396158 ], [ -122.887497, 45.397789 ], [ -122.883054, 45.399837 ], [ -122.880981, 45.401331 ], [ -122.876102, 45.406018 ], [ -122.874753, 45.406696 ], [ -122.866557, 45.408019 ], [ -122.867105, 45.410708 ], [ -122.864533, 45.413705 ], [ -122.862461, 45.4183 ], [ -122.858723, 45.420339 ], [ -122.858719, 45.425847 ], [ -122.856156, 45.425913 ], [ -122.853466, 45.426371 ], [ -122.853146, 45.423341 ], [ -122.851847, 45.421032 ], [ -122.851668, 45.412395 ], [ -122.846653, 45.412445 ], [ -122.846736, 45.405817 ], [ -122.841501, 45.405822 ], [ -122.841573, 45.400385 ], [ -122.841636, 45.397667 ], [ -122.843615, 45.39464 ], [ -122.843648, 45.393363 ], [ -122.845714, 45.392244 ], [ -122.846066, 45.390115 ], [ -122.848097, 45.389644 ], [ -122.851823, 45.389564 ], [ -122.851883, 45.388272 ], [ -122.84181, 45.389249 ], [ -122.834676, 45.388153 ], [ -122.832239, 45.38632 ], [ -122.830886, 45.386342 ], [ -122.829022, 45.38801 ], [ -122.83034, 45.390033 ], [ -122.834888, 45.39145 ], [ -122.835868, 45.392397 ], [ -122.835666, 45.395015 ], [ -122.837744, 45.394899 ], [ -122.840121, 45.39313 ], [ -122.840139, 45.394682 ], [ -122.837184, 45.396532 ], [ -122.835364, 45.395988 ], [ -122.829612, 45.39612 ], [ -122.82448, 45.395461 ], [ -122.822524, 45.395967 ], [ -122.821039, 45.395089 ], [ -122.818467, 45.392055 ], [ -122.817333, 45.385329 ], [ -122.816736, 45.382413 ], [ -122.813931, 45.37554 ], [ -122.811771, 45.37513 ], [ -122.809874, 45.372473 ], [ -122.809076, 45.369027 ], [ -122.800557, 45.369861 ], [ -122.800489, 45.368151 ], [ -122.799171, 45.368014 ], [ -122.799038, 45.363993 ], [ -122.794428, 45.364134 ], [ -122.794362, 45.358138 ], [ -122.793442, 45.358128 ], [ -122.795019, 45.354984 ], [ -122.795167, 45.35338 ], [ -122.783633, 45.35365 ], [ -122.784994, 45.350051 ], [ -122.784978, 45.344493 ], [ -122.795069, 45.344455 ], [ -122.795222, 45.341941 ], [ -122.794032, 45.338943 ], [ -122.787084, 45.338867 ], [ -122.784068, 45.340104 ], [ -122.773691, 45.340217 ], [ -122.773162, 45.338243 ], [ -122.778262, 45.338241 ], [ -122.778326, 45.333553 ], [ -122.784893, 45.333572 ], [ -122.783662, 45.331833 ], [ -122.786266, 45.33182 ], [ -122.78624, 45.329868 ], [ -122.785891, 45.316129 ], [ -122.789325, 45.316203 ], [ -122.790075, 45.3164 ], [ -122.792323, 45.317324 ], [ -122.799726, 45.31732 ], [ -122.800411, 45.317327 ], [ -122.801264, 45.317316 ], [ -122.801477, 45.317338 ], [ -122.802383, 45.316917 ], [ -122.805191, 45.312061 ], [ -122.805054, 45.310585 ], [ -122.807108, 45.306529 ], [ -122.807404, 45.305321 ], [ -122.809915, 45.302792 ], [ -122.80839, 45.298168 ], [ -122.812835, 45.29693 ], [ -122.814198, 45.294464 ], [ -122.815788, 45.29348 ], [ -122.819855, 45.29475 ], [ -122.820908, 45.296463 ], [ -122.823578, 45.297577 ], [ -122.825684, 45.2995 ], [ -122.827957, 45.300549 ], [ -122.835922, 45.300846 ], [ -122.837297, 45.30146 ], [ -122.83728, 45.299925 ], [ -122.841717, 45.299842 ], [ -122.841627, 45.302587 ], [ -122.843513, 45.302628 ], [ -122.846593, 45.301405 ], [ -122.846189, 45.28713 ], [ -122.851637, 45.287443 ], [ -122.852835, 45.29133 ], [ -122.854305, 45.293261 ], [ -122.859657, 45.292366 ], [ -122.862272, 45.289474 ], [ -122.863072, 45.288536 ], [ -122.868005, 45.284617 ], [ -122.867891, 45.317345 ], [ -122.897247, 45.317421 ], [ -122.8984, 45.31722 ], [ -122.905454, 45.317218 ], [ -122.906133, 45.317213 ], [ -122.905779, 45.317468 ], [ -122.908867, 45.317476 ], [ -122.908887, 45.332286 ], [ -122.911359, 45.331867 ], [ -122.924494, 45.331725 ], [ -122.9254, 45.332603 ], [ -122.925399, 45.334672 ], [ -122.928556, 45.334669 ], [ -122.928533, 45.346278 ], [ -122.939204, 45.346332 ], [ -122.939483, 45.362397 ], [ -122.940549, 45.364152 ], [ -122.940137, 45.365304 ], [ -122.9377, 45.367207 ], [ -122.939366, 45.369877 ], [ -122.941219, 45.371231 ], [ -122.939304, 45.374439 ], [ -122.939697, 45.375593 ], [ -122.941669, 45.375576 ], [ -122.942699, 45.378983 ], [ -122.945128, 45.378512 ], [ -122.949284, 45.376127 ], [ -122.94864, 45.377938 ], [ -122.949882, 45.378839 ], [ -122.949597, 45.38547 ] ] ] ] } },
{ "type": "Feature", "properties": { "zipcode": "97140", "approval_t": "Average MAX approval score", "calculation": 3.8333333333333335 }, "geometry": { "type": "MultiPolygon", "coordinates": [ [ [ [ -122.949597, 45.38547 ], [ -122.949758, 45.389298 ], [ -122.949299, 45.390482 ], [ -122.945636, 45.392819 ], [ -122.944597, 45.393083 ], [ -122.939321, 45.392565 ], [ -122.931994, 45.397329 ], [ -122.928156, 45.401983 ], [ -122.926135, 45.40388 ], [ -122.922278, 45.406332 ], [ -122.922248, 45.412778 ], [ -122.920942, 45.414981 ], [ -122.920102, 45.412963 ], [ -122.91842, 45.411998 ], [ -122.91552, 45.411762 ], [ -122.911633, 45.410727 ], [ -122.910858, 45.410027 ], [ -122.911741, 45.409071 ], [ -122.907885, 45.407467 ], [ -122.906793, 45.40748 ], [ -122.90611, 45.409322 ], [ -122.903885, 45.41001 ], [ -122.90001, 45.409647 ], [ -122.897235, 45.408955 ], [ -122.895404, 45.40737 ], [ -122.895534, 45.40573 ], [ -122.892861, 45.403303 ], [ -122.892652, 45.401276 ], [ -122.897652, 45.401961 ], [ -122.902964, 45.401841 ], [ -122.905115, 45.401247 ], [ -122.90436, 45.397235 ], [ -122.903043, 45.395062 ], [ -122.899509, 45.393783 ], [ -122.897722, 45.395275 ], [ -122.894148, 45.395451 ], [ -122.894179, 45.396586 ], [ -122.89624, 45.39707 ], [ -122.900568, 45.396915 ], [ -122.900496, 45.397663 ], [ -122.898201, 45.398607 ], [ -122.895847, 45.398112 ], [ -122.893441, 45.399396 ], [ -122.89236, 45.398613 ], [ -122.892572, 45.396377 ], [ -122.890127, 45.396158 ], [ -122.887497, 45.397789 ], [ -122.883054, 45.399837 ], [ -122.880981, 45.401331 ], [ -122.876102, 45.406018 ], [ -122.874753, 45.406696 ], [ -122.866557, 45.408019 ], [ -122.867105, 45.410708 ], [ -122.864533, 45.413705 ], [ -122.862461, 45.4183 ], [ -122.858723, 45.420339 ], [ -122.858719, 45.425847 ], [ -122.856156, 45.425913 ], [ -122.853466, 45.426371 ], [ -122.853146, 45.423341 ], [ -122.851847, 45.421032 ], [ -122.851668, 45.412395 ], [ -122.846653, 45.412445 ], [ -122.846736, 45.405817 ], [ -122.841501, 45.405822 ], [ -122.841573, 45.400385 ], [ -122.841636, 45.397667 ], [ -122.843615, 45.39464 ], [ -122.843648, 45.393363 ], [ -122.845714, 45.392244 ], [ -122.846066, 45.390115 ], [ -122.848097, 45.389644 ], [ -122.851823, 45.389564 ], [ -122.851883, 45.388272 ], [ -122.84181, 45.389249 ], [ -122.834676, 45.388153 ], [ -122.832239, 45.38632 ], [ -122.830886, 45.386342 ], [ -122.829022, 45.38801 ], [ -122.83034, 45.390033 ], [ -122.834888, 45.39145 ], [ -122.835868, 45.392397 ], [ -122.835666, 45.395015 ], [ -122.837744, 45.394899 ], [ -122.840121, 45.39313 ], [ -122.840139, 45.394682 ], [ -122.837184, 45.396532 ], [ -122.835364, 45.395988 ], [ -122.829612, 45.39612 ], [ -122.82448, 45.395461 ], [ -122.822524, 45.395967 ], [ -122.821039, 45.395089 ], [ -122.818467, 45.392055 ], [ -122.817333, 45.385329 ], [ -122.816736, 45.382413 ], [ -122.813931, 45.37554 ], [ -122.811771, 45.37513 ], [ -122.809874, 45.372473 ], [ -122.809076, 45.369027 ], [ -122.800557, 45.369861 ], [ -122.800489, 45.368151 ], [ -122.799171, 45.368014 ], [ -122.799038, 45.363993 ], [ -122.794428, 45.364134 ], [ -122.794362, 45.358138 ], [ -122.793442, 45.358128 ], [ -122.795019, 45.354984 ], [ -122.795167, 45.35338 ], [ -122.783633, 45.35365 ], [ -122.784994, 45.350051 ], [ -122.784978, 45.344493 ], [ -122.795069, 45.344455 ], [ -122.795222, 45.341941 ], [ -122.794032, 45.338943 ], [ -122.787084, 45.338867 ], [ -122.784068, 45.340104 ], [ -122.773691, 45.340217 ], [ -122.773162, 45.338243 ], [ -122.778262, 45.338241 ], [ -122.778326, 45.333553 ], [ -122.784893, 45.333572 ], [ -122.783662, 45.331833 ], [ -122.786266, 45.33182 ], [ -122.78624, 45.329868 ], [ -122.785891, 45.316129 ], [ -122.789325, 45.316203 ], [ -122.790075, 45.3164 ], [ -122.792323, 45.317324 ], [ -122.799726, 45.31732 ], [ -122.800411, 45.317327 ], [ -122.801264, 45.317316 ], [ -122.801477, 45.317338 ], [ -122.802383, 45.316917 ], [ -122.805191, 45.312061 ], [ -122.805054, 45.310585 ], [ -122.807108, 45.306529 ], [ -122.807404, 45.305321 ], [ -122.809915, 45.302792 ], [ -122.80839, 45.298168 ], [ -122.812835, 45.29693 ], [ -122.814198, 45.294464 ], [ -122.815788, 45.29348 ], [ -122.819855, 45.29475 ], [ -122.820908, 45.296463 ], [ -122.823578, 45.297577 ], [ -122.825684, 45.2995 ], [ -122.827957, 45.300549 ], [ -122.835922, 45.300846 ], [ -122.837297, 45.30146 ], [ -122.83728, 45.299925 ], [ -122.841717, 45.299842 ], [ -122.841627, 45.302587 ], [ -122.843513, 45.302628 ], [ -122.846593, 45.301405 ], [ -122.846189, 45.28713 ], [ -122.851637, 45.287443 ], [ -122.852835, 45.29133 ], [ -122.854305, 45.293261 ], [ -122.859657, 45.292366 ], [ -122.862272, 45.289474 ], [ -122.863072, 45.288536 ], [ -122.868005, 45.284617 ], [ -122.867891, 45.317345 ], [ -122.897247, 45.317421 ], [ -122.8984, 45.31722 ], [ -122.905454, 45.317218 ], [ -122.906133, 45.317213 ], [ -122.905779, 45.317468 ], [ -122.908867, 45.317476 ], [ -122.908887, 45.332286 ], [ -122.911359, 45.331867 ], [ -122.924494, 45.331725 ], [ -122.9254, 45.332603 ], [ -122.925399, 45.334672 ], [ -122.928556, 45.334669 ], [ -122.928533, 45.346278 ], [ -122.939204, 45.346332 ], [ -122.939483, 45.362397 ], [ -122.940549, 45.364152 ], [ -122.940137, 45.365304 ], [ -122.9377, 45.367207 ], [ -122.939366, 45.369877 ], [ -122.941219, 45.371231 ], [ -122.939304, 45.374439 ], [ -122.939697, 45.375593 ], [ -122.941669, 45.375576 ], [ -122.942699, 45.378983 ], [ -122.945128, 45.378512 ], [ -122.949284, 45.376127 ], [ -122.94864, 45.377938 ], [ -122.949882, 45.378839 ], [ -122.949597, 45.38547 ] ] ] ] } },
{ "type": "Feature", "properties": { "zipcode": "97124", "approval_t": "Average bus approval score", "calculation": 3.8701298701298703 }, "geometry": { "type": "MultiPolygon", "coordinates": [ [ [ [ -123.041802, 45.539517 ], [ -123.039188, 45.545613 ], [ -123.028439, 45.545579 ], [ -123.028099, 45.544223 ], [ -123.012473, 45.543923 ], [ -123.014539, 45.546207 ], [ -123.018517, 45.54718 ], [ -123.03457, 45.554737 ], [ -123.036995, 45.556716 ], [ -123.036903, 45.559961 ], [ -123.034961, 45.565849 ], [ -123.03581, 45.572987 ], [ -123.031531, 45.573825 ], [ -123.025496, 45.574383 ], [ -123.021673, 45.573503 ], [ -123.013727, 45.596998 ], [ -122.984483, 45.586007 ], [ -122.955157, 45.575004 ], [ -122.955788, 45.578131 ], [ -122.957812, 45.579788 ], [ -122.956477, 45.583905 ], [ -122.952446, 45.587292 ], [ -122.951774, 45.589137 ], [ -122.949479, 45.590034 ], [ -122.954744, 45.594037 ], [ -122.955911, 45.594236 ], [ -122.964879, 45.593278 ], [ -122.969071, 45.595211 ], [ -122.966483, 45.609067 ], [ -122.966135, 45.612027 ], [ -122.960176, 45.611562 ], [ -122.954064, 45.612019 ], [ -122.949497, 45.614429 ], [ -122.947992, 45.614632 ], [ -122.948472, 45.616615 ], [ -122.944011, 45.617041 ], [ -122.940634, 45.617962 ], [ -122.939134, 45.619163 ], [ -122.939525, 45.619797 ], [ -122.93797, 45.621363 ], [ -122.937368, 45.623316 ], [ -122.937822, 45.627438 ], [ -122.939546, 45.628969 ], [ -122.938921, 45.630832 ], [ -122.93663, 45.633014 ], [ -122.938711, 45.637083 ], [ -122.939161, 45.641188 ], [ -122.937402, 45.641376 ], [ -122.935111, 45.643362 ], [ -122.935771, 45.644626 ], [ -122.934054, 45.646339 ], [ -122.934233, 45.647764 ], [ -122.932651, 45.648825 ], [ -122.931613, 45.652055 ], [ -122.929103, 45.653055 ], [ -122.929128, 45.635313 ], [ -122.918725, 45.635399 ], [ -122.909078, 45.635228 ], [ -122.908992, 45.620763 ], [ -122.887837, 45.620466 ], [ -122.887963, 45.606352 ], [ -122.879934, 45.606225 ], [ -122.879969, 45.604701 ], [ -122.877579, 45.601944 ], [ -122.874462, 45.599789 ], [ -122.873258, 45.600053 ], [ -122.870692, 45.598313 ], [ -122.869815, 45.596602 ], [ -122.871031, 45.593435 ], [ -122.868412, 45.592258 ], [ -122.867762, 45.590416 ], [ -122.867901, 45.588035 ], [ -122.87279, 45.581763 ], [ -122.872787, 45.580388 ], [ -122.867634, 45.581129 ], [ -122.867633, 45.573943 ], [ -122.8721, 45.573914 ], [ -122.872032, 45.572073 ], [ -122.87194, 45.565659 ], [ -122.875323, 45.566363 ], [ -122.875228, 45.559121 ], [ -122.883182, 45.560319 ], [ -122.894028, 45.566338 ], [ -122.899194, 45.559036 ], [ -122.899232, 45.553965 ], [ -122.867553, 45.541975 ], [ -122.867476, 45.534205 ], [ -122.87617, 45.534201 ], [ -122.886027, 45.537746 ], [ -122.89022, 45.538565 ], [ -122.89069, 45.535935 ], [ -122.892994, 45.534587 ], [ -122.892753, 45.532553 ], [ -122.894174, 45.532752 ], [ -122.893762, 45.530753 ], [ -122.895067, 45.52904 ], [ -122.899625, 45.529157 ], [ -122.900029, 45.525862 ], [ -122.899627, 45.515234 ], [ -122.9025, 45.515593 ], [ -122.908858, 45.519136 ], [ -122.912855, 45.520391 ], [ -122.919106, 45.519879 ], [ -122.944498, 45.519918 ], [ -122.949236, 45.520301 ], [ -122.95453, 45.520764 ], [ -122.975537, 45.522222 ], [ -122.975504, 45.523794 ], [ -122.977217, 45.523822 ], [ -122.977243, 45.522342 ], [ -122.986164, 45.522621 ], [ -122.986135, 45.523884 ], [ -122.987952, 45.523922 ], [ -122.987984, 45.522636 ], [ -123.002416, 45.522807 ], [ -123.003369, 45.52534 ], [ -123.005453, 45.525361 ], [ -123.008156, 45.522306 ], [ -123.011364, 45.522585 ], [ -123.011347, 45.521647 ], [ -123.018186, 45.522679 ], [ -123.016627, 45.522274 ], [ -123.016655, 45.519972 ], [ -123.018044, 45.519928 ], [ -123.022859, 45.519955 ], [ -123.029518, 45.519988 ], [ -123.029514, 45.520514 ], [ -123.029519, 45.524067 ], [ -123.032043, 45.523884 ], [ -123.031445, 45.521495 ], [ -123.030567, 45.52053 ], [ -123.031816, 45.520526 ], [ -123.032221, 45.524184 ], [ -123.032226, 45.526384 ], [ -123.02779, 45.526533 ], [ -123.025239, 45.527528 ], [ -123.023239, 45.530441 ], [ -123.023089, 45.532092 ], [ -123.024049, 45.533208 ], [ -123.021323, 45.534302 ], [ -123.023907, 45.535179 ], [ -123.022532, 45.536053 ], [ -123.024358, 45.537088 ], [ -123.025734, 45.535638 ], [ -123.028771, 45.53548 ], [ -123.029553, 45.533963 ], [ -123.030481, 45.534921 ], [ -123.035228, 45.53487 ], [ -123.035798, 45.536117 ], [ -123.034103, 45.537117 ], [ -123.036733, 45.53897 ], [ -123.036842, 45.540136 ], [ -123.038849, 45.540094 ], [ -123.040972, 45.539158 ], [ -123.041802, 45.539517 ] ] ] ] } },
{ "type": "Feature", "properties": { "zipcode": "97124", "approval_t": "Average MAX approval score", "calculation": 4.0707070707070709 }, "geometry": { "type": "MultiPolygon", "coordinates": [ [ [ [ -123.041802, 45.539517 ], [ -123.039188, 45.545613 ], [ -123.028439, 45.545579 ], [ -123.028099, 45.544223 ], [ -123.012473, 45.543923 ], [ -123.014539, 45.546207 ], [ -123.018517, 45.54718 ], [ -123.03457, 45.554737 ], [ -123.036995, 45.556716 ], [ -123.036903, 45.559961 ], [ -123.034961, 45.565849 ], [ -123.03581, 45.572987 ], [ -123.031531, 45.573825 ], [ -123.025496, 45.574383 ], [ -123.021673, 45.573503 ], [ -123.013727, 45.596998 ], [ -122.984483, 45.586007 ], [ -122.955157, 45.575004 ], [ -122.955788, 45.578131 ], [ -122.957812, 45.579788 ], [ -122.956477, 45.583905 ], [ -122.952446, 45.587292 ], [ -122.951774, 45.589137 ], [ -122.949479, 45.590034 ], [ -122.954744, 45.594037 ], [ -122.955911, 45.594236 ], [ -122.964879, 45.593278 ], [ -122.969071, 45.595211 ], [ -122.966483, 45.609067 ], [ -122.966135, 45.612027 ], [ -122.960176, 45.611562 ], [ -122.954064, 45.612019 ], [ -122.949497, 45.614429 ], [ -122.947992, 45.614632 ], [ -122.948472, 45.616615 ], [ -122.944011, 45.617041 ], [ -122.940634, 45.617962 ], [ -122.939134, 45.619163 ], [ -122.939525, 45.619797 ], [ -122.93797, 45.621363 ], [ -122.937368, 45.623316 ], [ -122.937822, 45.627438 ], [ -122.939546, 45.628969 ], [ -122.938921, 45.630832 ], [ -122.93663, 45.633014 ], [ -122.938711, 45.637083 ], [ -122.939161, 45.641188 ], [ -122.937402, 45.641376 ], [ -122.935111, 45.643362 ], [ -122.935771, 45.644626 ], [ -122.934054, 45.646339 ], [ -122.934233, 45.647764 ], [ -122.932651, 45.648825 ], [ -122.931613, 45.652055 ], [ -122.929103, 45.653055 ], [ -122.929128, 45.635313 ], [ -122.918725, 45.635399 ], [ -122.909078, 45.635228 ], [ -122.908992, 45.620763 ], [ -122.887837, 45.620466 ], [ -122.887963, 45.606352 ], [ -122.879934, 45.606225 ], [ -122.879969, 45.604701 ], [ -122.877579, 45.601944 ], [ -122.874462, 45.599789 ], [ -122.873258, 45.600053 ], [ -122.870692, 45.598313 ], [ -122.869815, 45.596602 ], [ -122.871031, 45.593435 ], [ -122.868412, 45.592258 ], [ -122.867762, 45.590416 ], [ -122.867901, 45.588035 ], [ -122.87279, 45.581763 ], [ -122.872787, 45.580388 ], [ -122.867634, 45.581129 ], [ -122.867633, 45.573943 ], [ -122.8721, 45.573914 ], [ -122.872032, 45.572073 ], [ -122.87194, 45.565659 ], [ -122.875323, 45.566363 ], [ -122.875228, 45.559121 ], [ -122.883182, 45.560319 ], [ -122.894028, 45.566338 ], [ -122.899194, 45.559036 ], [ -122.899232, 45.553965 ], [ -122.867553, 45.541975 ], [ -122.867476, 45.534205 ], [ -122.87617, 45.534201 ], [ -122.886027, 45.537746 ], [ -122.89022, 45.538565 ], [ -122.89069, 45.535935 ], [ -122.892994, 45.534587 ], [ -122.892753, 45.532553 ], [ -122.894174, 45.532752 ], [ -122.893762, 45.530753 ], [ -122.895067, 45.52904 ], [ -122.899625, 45.529157 ], [ -122.900029, 45.525862 ], [ -122.899627, 45.515234 ], [ -122.9025, 45.515593 ], [ -122.908858, 45.519136 ], [ -122.912855, 45.520391 ], [ -122.919106, 45.519879 ], [ -122.944498, 45.519918 ], [ -122.949236, 45.520301 ], [ -122.95453, 45.520764 ], [ -122.975537, 45.522222 ], [ -122.975504, 45.523794 ], [ -122.977217, 45.523822 ], [ -122.977243, 45.522342 ], [ -122.986164, 45.522621 ], [ -122.986135, 45.523884 ], [ -122.987952, 45.523922 ], [ -122.987984, 45.522636 ], [ -123.002416, 45.522807 ], [ -123.003369, 45.52534 ], [ -123.005453, 45.525361 ], [ -123.008156, 45.522306 ], [ -123.011364, 45.522585 ], [ -123.011347, 45.521647 ], [ -123.018186, 45.522679 ], [ -123.016627, 45.522274 ], [ -123.016655, 45.519972 ], [ -123.018044, 45.519928 ], [ -123.022859, 45.519955 ], [ -123.029518, 45.519988 ], [ -123.029514, 45.520514 ], [ -123.029519, 45.524067 ], [ -123.032043, 45.523884 ], [ -123.031445, 45.521495 ], [ -123.030567, 45.52053 ], [ -123.031816, 45.520526 ], [ -123.032221, 45.524184 ], [ -123.032226, 45.526384 ], [ -123.02779, 45.526533 ], [ -123.025239, 45.527528 ], [ -123.023239, 45.530441 ], [ -123.023089, 45.532092 ], [ -123.024049, 45.533208 ], [ -123.021323, 45.534302 ], [ -123.023907, 45.535179 ], [ -123.022532, 45.536053 ], [ -123.024358, 45.537088 ], [ -123.025734, 45.535638 ], [ -123.028771, 45.53548 ], [ -123.029553, 45.533963 ], [ -123.030481, 45.534921 ], [ -123.035228, 45.53487 ], [ -123.035798, 45.536117 ], [ -123.034103, 45.537117 ], [ -123.036733, 45.53897 ], [ -123.036842, 45.540136 ], [ -123.038849, 45.540094 ], [ -123.040972, 45.539158 ], [ -123.041802, 45.539517 ] ] ] ] } },
{ "type": "Feature", "properties": { "zipcode": "97113", "approval_t": "Average bus approval score", "calculation": 4.1764705882352944 }, "geometry": { "type": "MultiPolygon", "coordinates": [ [ [ [ -123.103994, 45.480617 ], [ -123.095087, 45.486231 ], [ -123.092379, 45.489962 ], [ -123.091576, 45.494433 ], [ -123.089279, 45.496578 ], [ -123.088597, 45.498614 ], [ -123.089257, 45.500037 ], [ -123.089834, 45.500927 ], [ -123.089618, 45.501977 ], [ -123.08479, 45.502507 ], [ -123.084927, 45.507032 ], [ -123.081163, 45.507004 ], [ -123.081103, 45.510923 ], [ -123.07596, 45.51019 ], [ -123.070743, 45.510211 ], [ -123.070738, 45.512294 ], [ -123.07069, 45.528305 ], [ -123.064665, 45.528394 ], [ -123.064599, 45.530822 ], [ -123.066358, 45.530842 ], [ -123.066283, 45.535162 ], [ -123.068158, 45.54026 ], [ -123.069039, 45.541702 ], [ -123.066543, 45.541744 ], [ -123.066747, 45.546583 ], [ -123.063428, 45.546519 ], [ -123.063493, 45.549 ], [ -123.073368, 45.548921 ], [ -123.073467, 45.551474 ], [ -123.06406, 45.551432 ], [ -123.063951, 45.553434 ], [ -123.062768, 45.554881 ], [ -123.064093, 45.555056 ], [ -123.060289, 45.5577 ], [ -123.062992, 45.558648 ], [ -123.063843, 45.560493 ], [ -123.066671, 45.561589 ], [ -123.066765, 45.563516 ], [ -123.068428, 45.563803 ], [ -123.070507, 45.566767 ], [ -123.068116, 45.567219 ], [ -123.069015, 45.56824 ], [ -123.068076, 45.569735 ], [ -123.06817, 45.572552 ], [ -123.070258, 45.574639 ], [ -123.071578, 45.574885 ], [ -123.072844, 45.573458 ], [ -123.073344, 45.575645 ], [ -123.07193, 45.576132 ], [ -123.072251, 45.577261 ], [ -123.071126, 45.578724 ], [ -123.078481, 45.581588 ], [ -123.092702, 45.57843 ], [ -123.093844, 45.579793 ], [ -123.093864, 45.586108 ], [ -123.082316, 45.586185 ], [ -123.082306, 45.592666 ], [ -123.082017, 45.594628 ], [ -123.081801, 45.595763 ], [ -123.078496, 45.59494 ], [ -123.067087, 45.593162 ], [ -123.065126, 45.596199 ], [ -123.064946, 45.597599 ], [ -123.061241, 45.601192 ], [ -123.059918, 45.604009 ], [ -123.053306, 45.603381 ], [ -123.050805, 45.604177 ], [ -123.051938, 45.604986 ], [ -123.050523, 45.605734 ], [ -123.047208, 45.605641 ], [ -123.046926, 45.606847 ], [ -123.044179, 45.608409 ], [ -123.013727, 45.596998 ], [ -123.021673, 45.573503 ], [ -123.025496, 45.574383 ], [ -123.031531, 45.573825 ], [ -123.03581, 45.572987 ], [ -123.034961, 45.565849 ], [ -123.036903, 45.559961 ], [ -123.036995, 45.556716 ], [ -123.03457, 45.554737 ], [ -123.018517, 45.54718 ], [ -123.014539, 45.546207 ], [ -123.012473, 45.543923 ], [ -123.028099, 45.544223 ], [ -123.028439, 45.545579 ], [ -123.039188, 45.545613 ], [ -123.041802, 45.539517 ], [ -123.040972, 45.539158 ], [ -123.038849, 45.540094 ], [ -123.036842, 45.540136 ], [ -123.036733, 45.53897 ], [ -123.034103, 45.537117 ], [ -123.035798, 45.536117 ], [ -123.035228, 45.53487 ], [ -123.030481, 45.534921 ], [ -123.029553, 45.533963 ], [ -123.028771, 45.53548 ], [ -123.025734, 45.535638 ], [ -123.024358, 45.537088 ], [ -123.022532, 45.536053 ], [ -123.023907, 45.535179 ], [ -123.021323, 45.534302 ], [ -123.024049, 45.533208 ], [ -123.023089, 45.532092 ], [ -123.023239, 45.530441 ], [ -123.025239, 45.527528 ], [ -123.02779, 45.526533 ], [ -123.032226, 45.526384 ], [ -123.032221, 45.524184 ], [ -123.031816, 45.520526 ], [ -123.030567, 45.52053 ], [ -123.029514, 45.520514 ], [ -123.029518, 45.519988 ], [ -123.032518, 45.51998 ], [ -123.032527, 45.519343 ], [ -123.036502, 45.519591 ], [ -123.036488, 45.513727 ], [ -123.038422, 45.513744 ], [ -123.039883, 45.513758 ], [ -123.039922, 45.507599 ], [ -123.037787, 45.505598 ], [ -123.03539, 45.506004 ], [ -123.036594, 45.502768 ], [ -123.037921, 45.501597 ], [ -123.037711, 45.500215 ], [ -123.038601, 45.498505 ], [ -123.037345, 45.498154 ], [ -123.036081, 45.499059 ], [ -123.036852, 45.500526 ], [ -123.035323, 45.500293 ], [ -123.034092, 45.498038 ], [ -123.035349, 45.496148 ], [ -123.037323, 45.496197 ], [ -123.037261, 45.494594 ], [ -123.031605, 45.493768 ], [ -123.027135, 45.492766 ], [ -123.025708, 45.492014 ], [ -123.022735, 45.492933 ], [ -123.021363, 45.491057 ], [ -123.019701, 45.492232 ], [ -123.021214, 45.492821 ], [ -123.020136, 45.49432 ], [ -123.017905, 45.493897 ], [ -123.016227, 45.495081 ], [ -123.016116, 45.496445 ], [ -123.013814, 45.496702 ], [ -123.012027, 45.497534 ], [ -123.009187, 45.497607 ], [ -123.005685, 45.496239 ], [ -123.003989, 45.498449 ], [ -123.003061, 45.49866 ], [ -123.000329, 45.496919 ], [ -122.997836, 45.499839 ], [ -122.995723, 45.50155 ], [ -122.995623, 45.500627 ], [ -122.991296, 45.500186 ], [ -122.992182, 45.497219 ], [ -122.991027, 45.492656 ], [ -122.991143, 45.482827 ], [ -122.992745, 45.47864 ], [ -122.992576, 45.462379 ], [ -122.991296, 45.456569 ], [ -122.990936, 45.449862 ], [ -122.994381, 45.449065 ], [ -123.004136, 45.4485 ], [ -123.004202, 45.447389 ], [ -122.999647, 45.445361 ], [ -122.99815, 45.444127 ], [ -122.996085, 45.444091 ], [ -122.994244, 45.442763 ], [ -122.991694, 45.441849 ], [ -122.990547, 45.44076 ], [ -122.988404, 45.441723 ], [ -122.988079, 45.44314 ], [ -122.985123, 45.442638 ], [ -122.985481, 45.440762 ], [ -122.9912, 45.436828 ], [ -122.994875, 45.435285 ], [ -123.002529, 45.435904 ], [ -123.00756, 45.437533 ], [ -123.011925, 45.43751 ], [ -123.015796, 45.439931 ], [ -123.01727, 45.440147 ], [ -123.021208, 45.437644 ], [ -123.022113, 45.436536 ], [ -123.022054, 45.44041 ], [ -123.03013, 45.44046 ], [ -123.0325, 45.439716 ], [ -123.033547, 45.436048 ], [ -123.036644, 45.434577 ], [ -123.034296, 45.434352 ], [ -123.03449, 45.433579 ], [ -123.03699, 45.433237 ], [ -123.041245, 45.431683 ], [ -123.045628, 45.431981 ], [ -123.04636, 45.430759 ], [ -123.052894, 45.43362 ], [ -123.052977, 45.437373 ], [ -123.055313, 45.436565 ], [ -123.057998, 45.436818 ], [ -123.063513, 45.436289 ], [ -123.06357, 45.44028 ], [ -123.085235, 45.440093 ], [ -123.087332, 45.462184 ], [ -123.094701, 45.462187 ], [ -123.098706, 45.46518 ], [ -123.098727, 45.467226 ], [ -123.100041, 45.467936 ], [ -123.103994, 45.480617 ] ] ] ] } },
{ "type": "Feature", "properties": { "zipcode": "97113", "approval_t": "Average MAX approval score", "calculation": 4.0 }, "geometry": { "type": "MultiPolygon", "coordinates": [ [ [ [ -123.103994, 45.480617 ], [ -123.095087, 45.486231 ], [ -123.092379, 45.489962 ], [ -123.091576, 45.494433 ], [ -123.089279, 45.496578 ], [ -123.088597, 45.498614 ], [ -123.089257, 45.500037 ], [ -123.089834, 45.500927 ], [ -123.089618, 45.501977 ], [ -123.08479, 45.502507 ], [ -123.084927, 45.507032 ], [ -123.081163, 45.507004 ], [ -123.081103, 45.510923 ], [ -123.07596, 45.51019 ], [ -123.070743, 45.510211 ], [ -123.070738, 45.512294 ], [ -123.07069, 45.528305 ], [ -123.064665, 45.528394 ], [ -123.064599, 45.530822 ], [ -123.066358, 45.530842 ], [ -123.066283, 45.535162 ], [ -123.068158, 45.54026 ], [ -123.069039, 45.541702 ], [ -123.066543, 45.541744 ], [ -123.066747, 45.546583 ], [ -123.063428, 45.546519 ], [ -123.063493, 45.549 ], [ -123.073368, 45.548921 ], [ -123.073467, 45.551474 ], [ -123.06406, 45.551432 ], [ -123.063951, 45.553434 ], [ -123.062768, 45.554881 ], [ -123.064093, 45.555056 ], [ -123.060289, 45.5577 ], [ -123.062992, 45.558648 ], [ -123.063843, 45.560493 ], [ -123.066671, 45.561589 ], [ -123.066765, 45.563516 ], [ -123.068428, 45.563803 ], [ -123.070507, 45.566767 ], [ -123.068116, 45.567219 ], [ -123.069015, 45.56824 ], [ -123.068076, 45.569735 ], [ -123.06817, 45.572552 ], [ -123.070258, 45.574639 ], [ -123.071578, 45.574885 ], [ -123.072844, 45.573458 ], [ -123.073344, 45.575645 ], [ -123.07193, 45.576132 ], [ -123.072251, 45.577261 ], [ -123.071126, 45.578724 ], [ -123.078481, 45.581588 ], [ -123.092702, 45.57843 ], [ -123.093844, 45.579793 ], [ -123.093864, 45.586108 ], [ -123.082316, 45.586185 ], [ -123.082306, 45.592666 ], [ -123.082017, 45.594628 ], [ -123.081801, 45.595763 ], [ -123.078496, 45.59494 ], [ -123.067087, 45.593162 ], [ -123.065126, 45.596199 ], [ -123.064946, 45.597599 ], [ -123.061241, 45.601192 ], [ -123.059918, 45.604009 ], [ -123.053306, 45.603381 ], [ -123.050805, 45.604177 ], [ -123.051938, 45.604986 ], [ -123.050523, 45.605734 ], [ -123.047208, 45.605641 ], [ -123.046926, 45.606847 ], [ -123.044179, 45.608409 ], [ -123.013727, 45.596998 ], [ -123.021673, 45.573503 ], [ -123.025496, 45.574383 ], [ -123.031531, 45.573825 ], [ -123.03581, 45.572987 ], [ -123.034961, 45.565849 ], [ -123.036903, 45.559961 ], [ -123.036995, 45.556716 ], [ -123.03457, 45.554737 ], [ -123.018517, 45.54718 ], [ -123.014539, 45.546207 ], [ -123.012473, 45.543923 ], [ -123.028099, 45.544223 ], [ -123.028439, 45.545579 ], [ -123.039188, 45.545613 ], [ -123.041802, 45.539517 ], [ -123.040972, 45.539158 ], [ -123.038849, 45.540094 ], [ -123.036842, 45.540136 ], [ -123.036733, 45.53897 ], [ -123.034103, 45.537117 ], [ -123.035798, 45.536117 ], [ -123.035228, 45.53487 ], [ -123.030481, 45.534921 ], [ -123.029553, 45.533963 ], [ -123.028771, 45.53548 ], [ -123.025734, 45.535638 ], [ -123.024358, 45.537088 ], [ -123.022532, 45.536053 ], [ -123.023907, 45.535179 ], [ -123.021323, 45.534302 ], [ -123.024049, 45.533208 ], [ -123.023089, 45.532092 ], [ -123.023239, 45.530441 ], [ -123.025239, 45.527528 ], [ -123.02779, 45.526533 ], [ -123.032226, 45.526384 ], [ -123.032221, 45.524184 ], [ -123.031816, 45.520526 ], [ -123.030567, 45.52053 ], [ -123.029514, 45.520514 ], [ -123.029518, 45.519988 ], [ -123.032518, 45.51998 ], [ -123.032527, 45.519343 ], [ -123.036502, 45.519591 ], [ -123.036488, 45.513727 ], [ -123.038422, 45.513744 ], [ -123.039883, 45.513758 ], [ -123.039922, 45.507599 ], [ -123.037787, 45.505598 ], [ -123.03539, 45.506004 ], [ -123.036594, 45.502768 ], [ -123.037921, 45.501597 ], [ -123.037711, 45.500215 ], [ -123.038601, 45.498505 ], [ -123.037345, 45.498154 ], [ -123.036081, 45.499059 ], [ -123.036852, 45.500526 ], [ -123.035323, 45.500293 ], [ -123.034092, 45.498038 ], [ -123.035349, 45.496148 ], [ -123.037323, 45.496197 ], [ -123.037261, 45.494594 ], [ -123.031605, 45.493768 ], [ -123.027135, 45.492766 ], [ -123.025708, 45.492014 ], [ -123.022735, 45.492933 ], [ -123.021363, 45.491057 ], [ -123.019701, 45.492232 ], [ -123.021214, 45.492821 ], [ -123.020136, 45.49432 ], [ -123.017905, 45.493897 ], [ -123.016227, 45.495081 ], [ -123.016116, 45.496445 ], [ -123.013814, 45.496702 ], [ -123.012027, 45.497534 ], [ -123.009187, 45.497607 ], [ -123.005685, 45.496239 ], [ -123.003989, 45.498449 ], [ -123.003061, 45.49866 ], [ -123.000329, 45.496919 ], [ -122.997836, 45.499839 ], [ -122.995723, 45.50155 ], [ -122.995623, 45.500627 ], [ -122.991296, 45.500186 ], [ -122.992182, 45.497219 ], [ -122.991027, 45.492656 ], [ -122.991143, 45.482827 ], [ -122.992745, 45.47864 ], [ -122.992576, 45.462379 ], [ -122.991296, 45.456569 ], [ -122.990936, 45.449862 ], [ -122.994381, 45.449065 ], [ -123.004136, 45.4485 ], [ -123.004202, 45.447389 ], [ -122.999647, 45.445361 ], [ -122.99815, 45.444127 ], [ -122.996085, 45.444091 ], [ -122.994244, 45.442763 ], [ -122.991694, 45.441849 ], [ -122.990547, 45.44076 ], [ -122.988404, 45.441723 ], [ -122.988079, 45.44314 ], [ -122.985123, 45.442638 ], [ -122.985481, 45.440762 ], [ -122.9912, 45.436828 ], [ -122.994875, 45.435285 ], [ -123.002529, 45.435904 ], [ -123.00756, 45.437533 ], [ -123.011925, 45.43751 ], [ -123.015796, 45.439931 ], [ -123.01727, 45.440147 ], [ -123.021208, 45.437644 ], [ -123.022113, 45.436536 ], [ -123.022054, 45.44041 ], [ -123.03013, 45.44046 ], [ -123.0325, 45.439716 ], [ -123.033547, 45.436048 ], [ -123.036644, 45.434577 ], [ -123.034296, 45.434352 ], [ -123.03449, 45.433579 ], [ -123.03699, 45.433237 ], [ -123.041245, 45.431683 ], [ -123.045628, 45.431981 ], [ -123.04636, 45.430759 ], [ -123.052894, 45.43362 ], [ -123.052977, 45.437373 ], [ -123.055313, 45.436565 ], [ -123.057998, 45.436818 ], [ -123.063513, 45.436289 ], [ -123.06357, 45.44028 ], [ -123.085235, 45.440093 ], [ -123.087332, 45.462184 ], [ -123.094701, 45.462187 ], [ -123.098706, 45.46518 ], [ -123.098727, 45.467226 ], [ -123.100041, 45.467936 ], [ -123.103994, 45.480617 ] ] ] ] } },
{ "type": "Feature", "properties": { "zipcode": "97133", "approval_t": "Average bus approval score", "calculation": 5.0 }, "geometry": { "type": "MultiPolygon", "coordinates": [ [ [ [ -123.127442, 45.771362 ], [ -123.125964, 45.773984 ], [ -123.123677, 45.775819 ], [ -123.122523, 45.776093 ], [ -123.121411, 45.778718 ], [ -123.122083, 45.780154 ], [ -123.030873, 45.779159 ], [ -123.0317, 45.765779 ], [ -123.031837, 45.75142 ], [ -123.011137, 45.751458 ], [ -123.011848, 45.737798 ], [ -123.032131, 45.737958 ], [ -123.032293, 45.723299 ], [ -123.01646, 45.723228 ], [ -123.016232, 45.705984 ], [ -122.983454, 45.705946 ], [ -122.983637, 45.6985 ], [ -122.972987, 45.698705 ], [ -122.972868, 45.705493 ], [ -122.971946, 45.704854 ], [ -122.968298, 45.704269 ], [ -122.966553, 45.703286 ], [ -122.966344, 45.698668 ], [ -122.968398, 45.697193 ], [ -122.967142, 45.69492 ], [ -122.965661, 45.694276 ], [ -122.966988, 45.693556 ], [ -122.96114, 45.693235 ], [ -122.958573, 45.695056 ], [ -122.953527, 45.697113 ], [ -122.951163, 45.696638 ], [ -122.946036, 45.698522 ], [ -122.943643, 45.698408 ], [ -122.93429, 45.696655 ], [ -122.932417, 45.696858 ], [ -122.929122, 45.698697 ], [ -122.929145, 45.69381 ], [ -122.926756, 45.696633 ], [ -122.928512, 45.69877 ], [ -122.924456, 45.69638 ], [ -122.920034, 45.698718 ], [ -122.917713, 45.697639 ], [ -122.918451, 45.69639 ], [ -122.916508, 45.695948 ], [ -122.915073, 45.693891 ], [ -122.91347, 45.692381 ], [ -122.91455, 45.690261 ], [ -122.916549, 45.689305 ], [ -122.918294, 45.685953 ], [ -122.917512, 45.684845 ], [ -122.917749, 45.683364 ], [ -122.916302, 45.682352 ], [ -122.916259, 45.680947 ], [ -122.919769, 45.679783 ], [ -122.919539, 45.679085 ], [ -122.917087, 45.678035 ], [ -122.916761, 45.677058 ], [ -122.914937, 45.676206 ], [ -122.913506, 45.674783 ], [ -122.914126, 45.672867 ], [ -122.911112, 45.669193 ], [ -122.911905, 45.667032 ], [ -122.910854, 45.665894 ], [ -122.9105, 45.663453 ], [ -122.906225, 45.665874 ], [ -122.904391, 45.662433 ], [ -122.903752, 45.658785 ], [ -122.901879, 45.657337 ], [ -122.902646, 45.657121 ], [ -122.90441, 45.654631 ], [ -122.908378, 45.653627 ], [ -122.911166, 45.653592 ], [ -122.913568, 45.654464 ], [ -122.917548, 45.653393 ], [ -122.927075, 45.653317 ], [ -122.929103, 45.653055 ], [ -122.931613, 45.652055 ], [ -122.932651, 45.648825 ], [ -122.934233, 45.647764 ], [ -122.934054, 45.646339 ], [ -122.935771, 45.644626 ], [ -122.935111, 45.643362 ], [ -122.937402, 45.641376 ], [ -122.939161, 45.641188 ], [ -122.938711, 45.637083 ], [ -122.93663, 45.633014 ], [ -122.938921, 45.630832 ], [ -122.939546, 45.628969 ], [ -122.937822, 45.627438 ], [ -122.937368, 45.623316 ], [ -122.93797, 45.621363 ], [ -122.939525, 45.619797 ], [ -122.939134, 45.619163 ], [ -122.940634, 45.617962 ], [ -122.944011, 45.617041 ], [ -122.948472, 45.616615 ], [ -122.947992, 45.614632 ], [ -122.949497, 45.614429 ], [ -122.954064, 45.612019 ], [ -122.960176, 45.611562 ], [ -122.966135, 45.612027 ], [ -122.966483, 45.609067 ], [ -122.969071, 45.595211 ], [ -122.964879, 45.593278 ], [ -122.955911, 45.594236 ], [ -122.954744, 45.594037 ], [ -122.949479, 45.590034 ], [ -122.951774, 45.589137 ], [ -122.952446, 45.587292 ], [ -122.956477, 45.583905 ], [ -122.957812, 45.579788 ], [ -122.955788, 45.578131 ], [ -122.955157, 45.575004 ], [ -122.984483, 45.586007 ], [ -123.013727, 45.596998 ], [ -123.044179, 45.608409 ], [ -123.043838, 45.609999 ], [ -123.03975, 45.612543 ], [ -123.038993, 45.612116 ], [ -123.036205, 45.614893 ], [ -123.032285, 45.615754 ], [ -123.029847, 45.617711 ], [ -123.040368, 45.617603 ], [ -123.044192, 45.620753 ], [ -123.044415, 45.626816 ], [ -123.049447, 45.627076 ], [ -123.051961, 45.630558 ], [ -123.055186, 45.631848 ], [ -123.056342, 45.633292 ], [ -123.056473, 45.650379 ], [ -123.072229, 45.650219 ], [ -123.071913, 45.658921 ], [ -123.077961, 45.658979 ], [ -123.077738, 45.667682 ], [ -123.084083, 45.667672 ], [ -123.08407, 45.672893 ], [ -123.093102, 45.672879 ], [ -123.093077, 45.678358 ], [ -123.092029, 45.679173 ], [ -123.088285, 45.679248 ], [ -123.085987, 45.678498 ], [ -123.082999, 45.679239 ], [ -123.079595, 45.680758 ], [ -123.077975, 45.680417 ], [ -123.073128, 45.680771 ], [ -123.07157, 45.680389 ], [ -123.069382, 45.682329 ], [ -123.072281, 45.686785 ], [ -123.071427, 45.688331 ], [ -123.069288, 45.689735 ], [ -123.071304, 45.690352 ], [ -123.071242, 45.691879 ], [ -123.073773, 45.693232 ], [ -123.076458, 45.693172 ], [ -123.077441, 45.694409 ], [ -123.081214, 45.693645 ], [ -123.083677, 45.694013 ], [ -123.085853, 45.695103 ], [ -123.08791, 45.695284 ], [ -123.093024, 45.693178 ], [ -123.094475, 45.691723 ], [ -123.097123, 45.691145 ], [ -123.099262, 45.688978 ], [ -123.102114, 45.687833 ], [ -123.107402, 45.689731 ], [ -123.10809, 45.691299 ], [ -123.105321, 45.691842 ], [ -123.103321, 45.692967 ], [ -123.104549, 45.695047 ], [ -123.106589, 45.696119 ], [ -123.107017, 45.697918 ], [ -123.109121, 45.70096 ], [ -123.109158, 45.702275 ], [ -123.10779, 45.702416 ], [ -123.109676, 45.70243 ], [ -123.109557, 45.698295 ], [ -123.113738, 45.698258 ], [ -123.11366, 45.704485 ], [ -123.111935, 45.706005 ], [ -123.102106, 45.70605 ], [ -123.102145, 45.707912 ], [ -123.113739, 45.708012 ], [ -123.113997, 45.721502 ], [ -123.113912, 45.722386 ], [ -123.107184, 45.722452 ], [ -123.10066, 45.721954 ], [ -123.08141, 45.722696 ], [ -123.081734, 45.726463 ], [ -123.087821, 45.726311 ], [ -123.087954, 45.730777 ], [ -123.08572, 45.730375 ], [ -123.083957, 45.728868 ], [ -123.082422, 45.729042 ], [ -123.079863, 45.727968 ], [ -123.081037, 45.729208 ], [ -123.080897, 45.732765 ], [ -123.079985, 45.734484 ], [ -123.083674, 45.735994 ], [ -123.085246, 45.737178 ], [ -123.088531, 45.737932 ], [ -123.089968, 45.74064 ], [ -123.091579, 45.740575 ], [ -123.090899, 45.742965 ], [ -123.09106, 45.744894 ], [ -123.093507, 45.746228 ], [ -123.09759, 45.745301 ], [ -123.09989, 45.747375 ], [ -123.105673, 45.747412 ], [ -123.109601, 45.748086 ], [ -123.114608, 45.750358 ], [ -123.118518, 45.751527 ], [ -123.12109, 45.755251 ], [ -123.120914, 45.757751 ], [ -123.122592, 45.761869 ], [ -123.125961, 45.762894 ], [ -123.127365, 45.764196 ], [ -123.126658, 45.768368 ], [ -123.127539, 45.769416 ], [ -123.127442, 45.771362 ] ] ] ] } },
{ "type": "Feature", "properties": { "zipcode": "97133", "approval_t": "Average MAX approval score", "calculation": 5.0 }, "geometry": { "type": "MultiPolygon", "coordinates": [ [ [ [ -123.127442, 45.771362 ], [ -123.125964, 45.773984 ], [ -123.123677, 45.775819 ], [ -123.122523, 45.776093 ], [ -123.121411, 45.778718 ], [ -123.122083, 45.780154 ], [ -123.030873, 45.779159 ], [ -123.0317, 45.765779 ], [ -123.031837, 45.75142 ], [ -123.011137, 45.751458 ], [ -123.011848, 45.737798 ], [ -123.032131, 45.737958 ], [ -123.032293, 45.723299 ], [ -123.01646, 45.723228 ], [ -123.016232, 45.705984 ], [ -122.983454, 45.705946 ], [ -122.983637, 45.6985 ], [ -122.972987, 45.698705 ], [ -122.972868, 45.705493 ], [ -122.971946, 45.704854 ], [ -122.968298, 45.704269 ], [ -122.966553, 45.703286 ], [ -122.966344, 45.698668 ], [ -122.968398, 45.697193 ], [ -122.967142, 45.69492 ], [ -122.965661, 45.694276 ], [ -122.966988, 45.693556 ], [ -122.96114, 45.693235 ], [ -122.958573, 45.695056 ], [ -122.953527, 45.697113 ], [ -122.951163, 45.696638 ], [ -122.946036, 45.698522 ], [ -122.943643, 45.698408 ], [ -122.93429, 45.696655 ], [ -122.932417, 45.696858 ], [ -122.929122, 45.698697 ], [ -122.929145, 45.69381 ], [ -122.926756, 45.696633 ], [ -122.928512, 45.69877 ], [ -122.924456, 45.69638 ], [ -122.920034, 45.698718 ], [ -122.917713, 45.697639 ], [ -122.918451, 45.69639 ], [ -122.916508, 45.695948 ], [ -122.915073, 45.693891 ], [ -122.91347, 45.692381 ], [ -122.91455, 45.690261 ], [ -122.916549, 45.689305 ], [ -122.918294, 45.685953 ], [ -122.917512, 45.684845 ], [ -122.917749, 45.683364 ], [ -122.916302, 45.682352 ], [ -122.916259, 45.680947 ], [ -122.919769, 45.679783 ], [ -122.919539, 45.679085 ], [ -122.917087, 45.678035 ], [ -122.916761, 45.677058 ], [ -122.914937, 45.676206 ], [ -122.913506, 45.674783 ], [ -122.914126, 45.672867 ], [ -122.911112, 45.669193 ], [ -122.911905, 45.667032 ], [ -122.910854, 45.665894 ], [ -122.9105, 45.663453 ], [ -122.906225, 45.665874 ], [ -122.904391, 45.662433 ], [ -122.903752, 45.658785 ], [ -122.901879, 45.657337 ], [ -122.902646, 45.657121 ], [ -122.90441, 45.654631 ], [ -122.908378, 45.653627 ], [ -122.911166, 45.653592 ], [ -122.913568, 45.654464 ], [ -122.917548, 45.653393 ], [ -122.927075, 45.653317 ], [ -122.929103, 45.653055 ], [ -122.931613, 45.652055 ], [ -122.932651, 45.648825 ], [ -122.934233, 45.647764 ], [ -122.934054, 45.646339 ], [ -122.935771, 45.644626 ], [ -122.935111, 45.643362 ], [ -122.937402, 45.641376 ], [ -122.939161, 45.641188 ], [ -122.938711, 45.637083 ], [ -122.93663, 45.633014 ], [ -122.938921, 45.630832 ], [ -122.939546, 45.628969 ], [ -122.937822, 45.627438 ], [ -122.937368, 45.623316 ], [ -122.93797, 45.621363 ], [ -122.939525, 45.619797 ], [ -122.939134, 45.619163 ], [ -122.940634, 45.617962 ], [ -122.944011, 45.617041 ], [ -122.948472, 45.616615 ], [ -122.947992, 45.614632 ], [ -122.949497, 45.614429 ], [ -122.954064, 45.612019 ], [ -122.960176, 45.611562 ], [ -122.966135, 45.612027 ], [ -122.966483, 45.609067 ], [ -122.969071, 45.595211 ], [ -122.964879, 45.593278 ], [ -122.955911, 45.594236 ], [ -122.954744, 45.594037 ], [ -122.949479, 45.590034 ], [ -122.951774, 45.589137 ], [ -122.952446, 45.587292 ], [ -122.956477, 45.583905 ], [ -122.957812, 45.579788 ], [ -122.955788, 45.578131 ], [ -122.955157, 45.575004 ], [ -122.984483, 45.586007 ], [ -123.013727, 45.596998 ], [ -123.044179, 45.608409 ], [ -123.043838, 45.609999 ], [ -123.03975, 45.612543 ], [ -123.038993, 45.612116 ], [ -123.036205, 45.614893 ], [ -123.032285, 45.615754 ], [ -123.029847, 45.617711 ], [ -123.040368, 45.617603 ], [ -123.044192, 45.620753 ], [ -123.044415, 45.626816 ], [ -123.049447, 45.627076 ], [ -123.051961, 45.630558 ], [ -123.055186, 45.631848 ], [ -123.056342, 45.633292 ], [ -123.056473, 45.650379 ], [ -123.072229, 45.650219 ], [ -123.071913, 45.658921 ], [ -123.077961, 45.658979 ], [ -123.077738, 45.667682 ], [ -123.084083, 45.667672 ], [ -123.08407, 45.672893 ], [ -123.093102, 45.672879 ], [ -123.093077, 45.678358 ], [ -123.092029, 45.679173 ], [ -123.088285, 45.679248 ], [ -123.085987, 45.678498 ], [ -123.082999, 45.679239 ], [ -123.079595, 45.680758 ], [ -123.077975, 45.680417 ], [ -123.073128, 45.680771 ], [ -123.07157, 45.680389 ], [ -123.069382, 45.682329 ], [ -123.072281, 45.686785 ], [ -123.071427, 45.688331 ], [ -123.069288, 45.689735 ], [ -123.071304, 45.690352 ], [ -123.071242, 45.691879 ], [ -123.073773, 45.693232 ], [ -123.076458, 45.693172 ], [ -123.077441, 45.694409 ], [ -123.081214, 45.693645 ], [ -123.083677, 45.694013 ], [ -123.085853, 45.695103 ], [ -123.08791, 45.695284 ], [ -123.093024, 45.693178 ], [ -123.094475, 45.691723 ], [ -123.097123, 45.691145 ], [ -123.099262, 45.688978 ], [ -123.102114, 45.687833 ], [ -123.107402, 45.689731 ], [ -123.10809, 45.691299 ], [ -123.105321, 45.691842 ], [ -123.103321, 45.692967 ], [ -123.104549, 45.695047 ], [ -123.106589, 45.696119 ], [ -123.107017, 45.697918 ], [ -123.109121, 45.70096 ], [ -123.109158, 45.702275 ], [ -123.10779, 45.702416 ], [ -123.109676, 45.70243 ], [ -123.109557, 45.698295 ], [ -123.113738, 45.698258 ], [ -123.11366, 45.704485 ], [ -123.111935, 45.706005 ], [ -123.102106, 45.70605 ], [ -123.102145, 45.707912 ], [ -123.113739, 45.708012 ], [ -123.113997, 45.721502 ], [ -123.113912, 45.722386 ], [ -123.107184, 45.722452 ], [ -123.10066, 45.721954 ], [ -123.08141, 45.722696 ], [ -123.081734, 45.726463 ], [ -123.087821, 45.726311 ], [ -123.087954, 45.730777 ], [ -123.08572, 45.730375 ], [ -123.083957, 45.728868 ], [ -123.082422, 45.729042 ], [ -123.079863, 45.727968 ], [ -123.081037, 45.729208 ], [ -123.080897, 45.732765 ], [ -123.079985, 45.734484 ], [ -123.083674, 45.735994 ], [ -123.085246, 45.737178 ], [ -123.088531, 45.737932 ], [ -123.089968, 45.74064 ], [ -123.091579, 45.740575 ], [ -123.090899, 45.742965 ], [ -123.09106, 45.744894 ], [ -123.093507, 45.746228 ], [ -123.09759, 45.745301 ], [ -123.09989, 45.747375 ], [ -123.105673, 45.747412 ], [ -123.109601, 45.748086 ], [ -123.114608, 45.750358 ], [ -123.118518, 45.751527 ], [ -123.12109, 45.755251 ], [ -123.120914, 45.757751 ], [ -123.122592, 45.761869 ], [ -123.125961, 45.762894 ], [ -123.127365, 45.764196 ], [ -123.126658, 45.768368 ], [ -123.127539, 45.769416 ], [ -123.127442, 45.771362 ] ] ] ] } },
{ "type": "Feature", "properties": { "zipcode": "97266", "approval_t": "Average bus approval score", "calculation": 3.96875 }, "geometry": { "type": "MultiPolygon", "coordinates": [ [ [ [ -122.582285, 45.461503 ], [ -122.579043, 45.463465 ], [ -122.579044, 45.465096 ], [ -122.581697, 45.465935 ], [ -122.579044, 45.466547 ], [ -122.579033, 45.468658 ], [ -122.58152, 45.468986 ], [ -122.580731, 45.470034 ], [ -122.579042, 45.470039 ], [ -122.578948, 45.482803 ], [ -122.581167, 45.483663 ], [ -122.580849, 45.485229 ], [ -122.578923, 45.485218 ], [ -122.578679, 45.504821 ], [ -122.576683, 45.504642 ], [ -122.570483, 45.504508 ], [ -122.570483, 45.504929 ], [ -122.57008, 45.504929 ], [ -122.57008, 45.505453 ], [ -122.569347, 45.505453 ], [ -122.569347, 45.505126 ], [ -122.568803, 45.505124 ], [ -122.568633, 45.504475 ], [ -122.565945, 45.504437 ], [ -122.565643, 45.507899 ], [ -122.564446, 45.504714 ], [ -122.559565, 45.505144 ], [ -122.542194, 45.50414 ], [ -122.542191, 45.506151 ], [ -122.539971, 45.506151 ], [ -122.539988, 45.504117 ], [ -122.537683, 45.504093 ], [ -122.537661, 45.497076 ], [ -122.538283, 45.494067 ], [ -122.540261, 45.490802 ], [ -122.537698, 45.490802 ], [ -122.537699, 45.489615 ], [ -122.537892, 45.481835 ], [ -122.537291, 45.480453 ], [ -122.537122, 45.479537 ], [ -122.537094, 45.476536 ], [ -122.537586, 45.474654 ], [ -122.535749, 45.474032 ], [ -122.537255, 45.472852 ], [ -122.536312, 45.471637 ], [ -122.536319, 45.468401 ], [ -122.537621, 45.465494 ], [ -122.537618, 45.461353 ], [ -122.548002, 45.461045 ], [ -122.57905, 45.461518 ], [ -122.582285, 45.461503 ] ] ] ] } },
{ "type": "Feature", "properties": { "zipcode": "97266", "approval_t": "Average MAX approval score", "calculation": 3.88 }, "geometry": { "type": "MultiPolygon", "coordinates": [ [ [ [ -122.582285, 45.461503 ], [ -122.579043, 45.463465 ], [ -122.579044, 45.465096 ], [ -122.581697, 45.465935 ], [ -122.579044, 45.466547 ], [ -122.579033, 45.468658 ], [ -122.58152, 45.468986 ], [ -122.580731, 45.470034 ], [ -122.579042, 45.470039 ], [ -122.578948, 45.482803 ], [ -122.581167, 45.483663 ], [ -122.580849, 45.485229 ], [ -122.578923, 45.485218 ], [ -122.578679, 45.504821 ], [ -122.576683, 45.504642 ], [ -122.570483, 45.504508 ], [ -122.570483, 45.504929 ], [ -122.57008, 45.504929 ], [ -122.57008, 45.505453 ], [ -122.569347, 45.505453 ], [ -122.569347, 45.505126 ], [ -122.568803, 45.505124 ], [ -122.568633, 45.504475 ], [ -122.565945, 45.504437 ], [ -122.565643, 45.507899 ], [ -122.564446, 45.504714 ], [ -122.559565, 45.505144 ], [ -122.542194, 45.50414 ], [ -122.542191, 45.506151 ], [ -122.539971, 45.506151 ], [ -122.539988, 45.504117 ], [ -122.537683, 45.504093 ], [ -122.537661, 45.497076 ], [ -122.538283, 45.494067 ], [ -122.540261, 45.490802 ], [ -122.537698, 45.490802 ], [ -122.537699, 45.489615 ], [ -122.537892, 45.481835 ], [ -122.537291, 45.480453 ], [ -122.537122, 45.479537 ], [ -122.537094, 45.476536 ], [ -122.537586, 45.474654 ], [ -122.535749, 45.474032 ], [ -122.537255, 45.472852 ], [ -122.536312, 45.471637 ], [ -122.536319, 45.468401 ], [ -122.537621, 45.465494 ], [ -122.537618, 45.461353 ], [ -122.548002, 45.461045 ], [ -122.57905, 45.461518 ], [ -122.582285, 45.461503 ] ] ] ] } },
{ "type": "Feature", "properties": { "zipcode": "97008", "approval_t": "Average bus approval score", "calculation": 4.1403508771929829 }, "geometry": { "type": "MultiPolygon", "coordinates": [ [ [ [ -122.829608, 45.447614 ], [ -122.825988, 45.447608 ], [ -122.825985, 45.462046 ], [ -122.826103, 45.473485 ], [ -122.828689, 45.474566 ], [ -122.826094, 45.476447 ], [ -122.826078, 45.474374 ], [ -122.821582, 45.474268 ], [ -122.821575, 45.476486 ], [ -122.807107, 45.476493 ], [ -122.807032, 45.474272 ], [ -122.805244, 45.47215 ], [ -122.805479, 45.476473 ], [ -122.790281, 45.476642 ], [ -122.786963, 45.4723 ], [ -122.785936, 45.469393 ], [ -122.786367, 45.473699 ], [ -122.785433, 45.474333 ], [ -122.78073, 45.472198 ], [ -122.778288, 45.471997 ], [ -122.776782, 45.473289 ], [ -122.773876, 45.47196 ], [ -122.772888, 45.469469 ], [ -122.773475, 45.467635 ], [ -122.771314, 45.466427 ], [ -122.773886, 45.467007 ], [ -122.774258, 45.462012 ], [ -122.779575, 45.46208 ], [ -122.782441, 45.456836 ], [ -122.78378, 45.454108 ], [ -122.784423, 45.451477 ], [ -122.784507, 45.457785 ], [ -122.786577, 45.458641 ], [ -122.786602, 45.4581 ], [ -122.785101, 45.457369 ], [ -122.784936, 45.453413 ], [ -122.785016, 45.452132 ], [ -122.785778, 45.450696 ], [ -122.786395, 45.450121 ], [ -122.786076, 45.449717 ], [ -122.78661, 45.449157 ], [ -122.787969, 45.448074 ], [ -122.793568, 45.445774 ], [ -122.801353, 45.444018 ], [ -122.805352, 45.443693 ], [ -122.810537, 45.442875 ], [ -122.816966, 45.441103 ], [ -122.825971, 45.43825 ], [ -122.825978, 45.444616 ], [ -122.827881, 45.445243 ], [ -122.828895, 45.445992 ], [ -122.828947, 45.446809 ], [ -122.829599, 45.446803 ], [ -122.829608, 45.447614 ] ] ] ] } },
{ "type": "Feature", "properties": { "zipcode": "97008", "approval_t": "Average MAX approval score", "calculation": 4.2698412698412698 }, "geometry": { "type": "MultiPolygon", "coordinates": [ [ [ [ -122.829608, 45.447614 ], [ -122.825988, 45.447608 ], [ -122.825985, 45.462046 ], [ -122.826103, 45.473485 ], [ -122.828689, 45.474566 ], [ -122.826094, 45.476447 ], [ -122.826078, 45.474374 ], [ -122.821582, 45.474268 ], [ -122.821575, 45.476486 ], [ -122.807107, 45.476493 ], [ -122.807032, 45.474272 ], [ -122.805244, 45.47215 ], [ -122.805479, 45.476473 ], [ -122.790281, 45.476642 ], [ -122.786963, 45.4723 ], [ -122.785936, 45.469393 ], [ -122.786367, 45.473699 ], [ -122.785433, 45.474333 ], [ -122.78073, 45.472198 ], [ -122.778288, 45.471997 ], [ -122.776782, 45.473289 ], [ -122.773876, 45.47196 ], [ -122.772888, 45.469469 ], [ -122.773475, 45.467635 ], [ -122.771314, 45.466427 ], [ -122.773886, 45.467007 ], [ -122.774258, 45.462012 ], [ -122.779575, 45.46208 ], [ -122.782441, 45.456836 ], [ -122.78378, 45.454108 ], [ -122.784423, 45.451477 ], [ -122.784507, 45.457785 ], [ -122.786577, 45.458641 ], [ -122.786602, 45.4581 ], [ -122.785101, 45.457369 ], [ -122.784936, 45.453413 ], [ -122.785016, 45.452132 ], [ -122.785778, 45.450696 ], [ -122.786395, 45.450121 ], [ -122.786076, 45.449717 ], [ -122.78661, 45.449157 ], [ -122.787969, 45.448074 ], [ -122.793568, 45.445774 ], [ -122.801353, 45.444018 ], [ -122.805352, 45.443693 ], [ -122.810537, 45.442875 ], [ -122.816966, 45.441103 ], [ -122.825971, 45.43825 ], [ -122.825978, 45.444616 ], [ -122.827881, 45.445243 ], [ -122.828895, 45.445992 ], [ -122.828947, 45.446809 ], [ -122.829599, 45.446803 ], [ -122.829608, 45.447614 ] ] ] ] } },
{ "type": "Feature", "properties": { "zipcode": "97209", "approval_t": "Average bus approval score", "calculation": 3.9830508474576272 }, "geometry": { "type": "MultiPolygon", "coordinates": [ [ [ [ -122.696854, 45.537032 ], [ -122.693136, 45.536066 ], [ -122.69478, 45.536724 ], [ -122.694897, 45.539131 ], [ -122.692338, 45.539038 ], [ -122.696076, 45.541682 ], [ -122.692003, 45.544869 ], [ -122.690863, 45.543782 ], [ -122.683269, 45.537922 ], [ -122.678037, 45.535282 ], [ -122.669003, 45.527626 ], [ -122.667785, 45.526766 ], [ -122.667093, 45.523028 ], [ -122.674396, 45.523099 ], [ -122.675546, 45.522575 ], [ -122.676472, 45.523062 ], [ -122.689219, 45.522967 ], [ -122.69013, 45.522164 ], [ -122.69429, 45.523215 ], [ -122.694711, 45.534141 ], [ -122.6968, 45.53553 ], [ -122.696854, 45.537032 ] ], [ [ -122.680247, 45.527273 ], [ -122.677595, 45.527321 ], [ -122.677644, 45.528742 ], [ -122.677643, 45.529881 ], [ -122.680331, 45.530129 ], [ -122.680247, 45.527273 ] ] ] ] } },
{ "type": "Feature", "properties": { "zipcode": "97209", "approval_t": "Average MAX approval score", "calculation": 3.9469696969696968 }, "geometry": { "type": "MultiPolygon", "coordinates": [ [ [ [ -122.696854, 45.537032 ], [ -122.693136, 45.536066 ], [ -122.69478, 45.536724 ], [ -122.694897, 45.539131 ], [ -122.692338, 45.539038 ], [ -122.696076, 45.541682 ], [ -122.692003, 45.544869 ], [ -122.690863, 45.543782 ], [ -122.683269, 45.537922 ], [ -122.678037, 45.535282 ], [ -122.669003, 45.527626 ], [ -122.667785, 45.526766 ], [ -122.667093, 45.523028 ], [ -122.674396, 45.523099 ], [ -122.675546, 45.522575 ], [ -122.676472, 45.523062 ], [ -122.689219, 45.522967 ], [ -122.69013, 45.522164 ], [ -122.69429, 45.523215 ], [ -122.694711, 45.534141 ], [ -122.6968, 45.53553 ], [ -122.696854, 45.537032 ] ], [ [ -122.680247, 45.527273 ], [ -122.677595, 45.527321 ], [ -122.677644, 45.528742 ], [ -122.677643, 45.529881 ], [ -122.680331, 45.530129 ], [ -122.680247, 45.527273 ] ] ] ] } },
{ "type": "Feature", "properties": { "zipcode": "97009", "approval_t": "Average bus approval score", "calculation": 3.5 }, "geometry": { "type": "MultiPolygon", "coordinates": [ [ [ [ -122.425736, 45.393442 ], [ -122.423345, 45.394292 ], [ -122.421023, 45.394113 ], [ -122.421778, 45.39342 ], [ -122.425477, 45.393215 ], [ -122.425736, 45.393442 ] ] ], [ [ [ -122.431519, 45.390984 ], [ -122.429611, 45.390816 ], [ -122.426064, 45.391701 ], [ -122.425652, 45.39304 ], [ -122.421455, 45.393318 ], [ -122.419044, 45.394932 ], [ -122.418518, 45.392967 ], [ -122.414742, 45.394264 ], [ -122.410934, 45.393085 ], [ -122.411133, 45.394505 ], [ -122.409177, 45.3962 ], [ -122.413525, 45.396215 ], [ -122.413203, 45.402511 ], [ -122.41111, 45.404846 ], [ -122.408279, 45.407017 ], [ -122.406456, 45.409302 ], [ -122.405327, 45.412518 ], [ -122.406525, 45.415829 ], [ -122.408438, 45.41735 ], [ -122.407945, 45.417705 ], [ -122.400591, 45.418073 ], [ -122.398128, 45.420783 ], [ -122.398394, 45.432881 ], [ -122.391804, 45.432769 ], [ -122.391772, 45.439822 ], [ -122.383108, 45.439718 ], [ -122.383194, 45.440908 ], [ -122.385404, 45.444044 ], [ -122.385243, 45.445306 ], [ -122.382091, 45.451808 ], [ -122.381899, 45.453703 ], [ -122.38314, 45.456089 ], [ -122.389346, 45.4613 ], [ -122.372796, 45.46123 ], [ -122.372096, 45.461222 ], [ -122.367765, 45.461284 ], [ -122.359234, 45.461412 ], [ -122.348315, 45.461502 ], [ -122.347185, 45.460209 ], [ -122.347193, 45.460999 ], [ -122.346275, 45.46109 ], [ -122.34507, 45.460827 ], [ -122.343292, 45.461155 ], [ -122.342321, 45.461532 ], [ -122.332438, 45.46152 ], [ -122.329979, 45.461516 ], [ -122.316084, 45.46149 ], [ -122.312092, 45.461485 ], [ -122.308549, 45.462576 ], [ -122.305818, 45.462685 ], [ -122.305812, 45.46687 ], [ -122.296561, 45.466746 ], [ -122.296796, 45.475961 ], [ -122.289803, 45.475976 ], [ -122.290291, 45.474099 ], [ -122.288849, 45.469267 ], [ -122.287154, 45.468382 ], [ -122.282652, 45.468373 ], [ -122.278058, 45.467702 ], [ -122.276481, 45.466695 ], [ -122.273313, 45.461576 ], [ -122.2727, 45.461394 ], [ -122.269762, 45.461515 ], [ -122.264032, 45.461537 ], [ -122.263047, 45.457398 ], [ -122.260722, 45.456084 ], [ -122.257585, 45.455651 ], [ -122.251278, 45.455833 ], [ -122.24816, 45.454931 ], [ -122.24285, 45.452692 ], [ -122.244831, 45.447648 ], [ -122.247295, 45.446182 ], [ -122.253749, 45.445045 ], [ -122.257253, 45.445337 ], [ -122.259885, 45.443427 ], [ -122.260705, 45.441871 ], [ -122.260619, 45.443469 ], [ -122.258818, 45.445797 ], [ -122.256785, 45.447235 ], [ -122.260027, 45.449156 ], [ -122.259708, 45.445643 ], [ -122.260846, 45.444127 ], [ -122.266091, 45.443385 ], [ -122.276048, 45.443389 ], [ -122.275073, 45.442413 ], [ -122.289975, 45.43918 ], [ -122.290602, 45.436217 ], [ -122.290673, 45.434243 ], [ -122.29235, 45.43172 ], [ -122.288826, 45.430077 ], [ -122.287758, 45.43084 ], [ -122.287561, 45.42918 ], [ -122.290731, 45.429187 ], [ -122.290784, 45.42807 ], [ -122.278555, 45.426617 ], [ -122.279536, 45.414759 ], [ -122.280696, 45.414761 ], [ -122.280697, 45.411219 ], [ -122.285876, 45.411009 ], [ -122.285883, 45.410329 ], [ -122.29079, 45.410343 ], [ -122.290779, 45.409434 ], [ -122.293789, 45.409439 ], [ -122.293721, 45.405755 ], [ -122.301129, 45.408149 ], [ -122.301108, 45.404592 ], [ -122.3021, 45.404135 ], [ -122.306381, 45.406113 ], [ -122.311485, 45.40654 ], [ -122.314125, 45.406345 ], [ -122.317909, 45.406754 ], [ -122.319748, 45.407482 ], [ -122.321968, 45.407104 ], [ -122.32518, 45.405518 ], [ -122.329338, 45.405319 ], [ -122.330733, 45.404707 ], [ -122.329693, 45.402444 ], [ -122.325584, 45.396015 ], [ -122.323115, 45.394371 ], [ -122.338993, 45.387331 ], [ -122.334893, 45.388418 ], [ -122.322373, 45.38216 ], [ -122.321866, 45.385716 ], [ -122.309739, 45.385934 ], [ -122.308479, 45.384483 ], [ -122.305122, 45.383602 ], [ -122.301109, 45.381851 ], [ -122.30098, 45.380936 ], [ -122.296747, 45.378343 ], [ -122.286297, 45.378566 ], [ -122.286111, 45.374529 ], [ -122.286871, 45.37289 ], [ -122.282606, 45.37188 ], [ -122.285179, 45.372055 ], [ -122.289658, 45.371269 ], [ -122.294708, 45.371437 ], [ -122.296837, 45.37096 ], [ -122.301521, 45.368855 ], [ -122.306694, 45.367569 ], [ -122.309509, 45.367973 ], [ -122.312645, 45.369263 ], [ -122.314598, 45.371639 ], [ -122.317841, 45.373363 ], [ -122.319798, 45.373021 ], [ -122.321423, 45.373956 ], [ -122.322934, 45.372869 ], [ -122.325699, 45.373241 ], [ -122.327164, 45.374256 ], [ -122.33242, 45.37458 ], [ -122.338882, 45.376614 ], [ -122.341873, 45.376793 ], [ -122.345688, 45.378551 ], [ -122.347477, 45.378528 ], [ -122.347462, 45.379301 ], [ -122.351389, 45.381378 ], [ -122.349006, 45.382439 ], [ -122.352788, 45.382465 ], [ -122.3529, 45.389035 ], [ -122.373242, 45.389284 ], [ -122.373128, 45.392694 ], [ -122.376103, 45.393314 ], [ -122.381215, 45.392227 ], [ -122.383423, 45.391218 ], [ -122.385537, 45.3893 ], [ -122.391851, 45.389325 ], [ -122.396391, 45.386114 ], [ -122.404976, 45.38837 ], [ -122.408151, 45.389453 ], [ -122.408134, 45.386528 ], [ -122.413311, 45.386225 ], [ -122.412381, 45.383524 ], [ -122.413676, 45.381959 ], [ -122.417674, 45.386333 ], [ -122.420938, 45.388359 ], [ -122.422475, 45.388755 ], [ -122.424516, 45.388441 ], [ -122.432378, 45.389551 ], [ -122.431519, 45.390984 ] ] ] ] } },
{ "type": "Feature", "properties": { "zipcode": "97009", "approval_t": "Average MAX approval score", "calculation": 4.333333333333333 }, "geometry": { "type": "MultiPolygon", "coordinates": [ [ [ [ -122.425736, 45.393442 ], [ -122.423345, 45.394292 ], [ -122.421023, 45.394113 ], [ -122.421778, 45.39342 ], [ -122.425477, 45.393215 ], [ -122.425736, 45.393442 ] ] ], [ [ [ -122.431519, 45.390984 ], [ -122.429611, 45.390816 ], [ -122.426064, 45.391701 ], [ -122.425652, 45.39304 ], [ -122.421455, 45.393318 ], [ -122.419044, 45.394932 ], [ -122.418518, 45.392967 ], [ -122.414742, 45.394264 ], [ -122.410934, 45.393085 ], [ -122.411133, 45.394505 ], [ -122.409177, 45.3962 ], [ -122.413525, 45.396215 ], [ -122.413203, 45.402511 ], [ -122.41111, 45.404846 ], [ -122.408279, 45.407017 ], [ -122.406456, 45.409302 ], [ -122.405327, 45.412518 ], [ -122.406525, 45.415829 ], [ -122.408438, 45.41735 ], [ -122.407945, 45.417705 ], [ -122.400591, 45.418073 ], [ -122.398128, 45.420783 ], [ -122.398394, 45.432881 ], [ -122.391804, 45.432769 ], [ -122.391772, 45.439822 ], [ -122.383108, 45.439718 ], [ -122.383194, 45.440908 ], [ -122.385404, 45.444044 ], [ -122.385243, 45.445306 ], [ -122.382091, 45.451808 ], [ -122.381899, 45.453703 ], [ -122.38314, 45.456089 ], [ -122.389346, 45.4613 ], [ -122.372796, 45.46123 ], [ -122.372096, 45.461222 ], [ -122.367765, 45.461284 ], [ -122.359234, 45.461412 ], [ -122.348315, 45.461502 ], [ -122.347185, 45.460209 ], [ -122.347193, 45.460999 ], [ -122.346275, 45.46109 ], [ -122.34507, 45.460827 ], [ -122.343292, 45.461155 ], [ -122.342321, 45.461532 ], [ -122.332438, 45.46152 ], [ -122.329979, 45.461516 ], [ -122.316084, 45.46149 ], [ -122.312092, 45.461485 ], [ -122.308549, 45.462576 ], [ -122.305818, 45.462685 ], [ -122.305812, 45.46687 ], [ -122.296561, 45.466746 ], [ -122.296796, 45.475961 ], [ -122.289803, 45.475976 ], [ -122.290291, 45.474099 ], [ -122.288849, 45.469267 ], [ -122.287154, 45.468382 ], [ -122.282652, 45.468373 ], [ -122.278058, 45.467702 ], [ -122.276481, 45.466695 ], [ -122.273313, 45.461576 ], [ -122.2727, 45.461394 ], [ -122.269762, 45.461515 ], [ -122.264032, 45.461537 ], [ -122.263047, 45.457398 ], [ -122.260722, 45.456084 ], [ -122.257585, 45.455651 ], [ -122.251278, 45.455833 ], [ -122.24816, 45.454931 ], [ -122.24285, 45.452692 ], [ -122.244831, 45.447648 ], [ -122.247295, 45.446182 ], [ -122.253749, 45.445045 ], [ -122.257253, 45.445337 ], [ -122.259885, 45.443427 ], [ -122.260705, 45.441871 ], [ -122.260619, 45.443469 ], [ -122.258818, 45.445797 ], [ -122.256785, 45.447235 ], [ -122.260027, 45.449156 ], [ -122.259708, 45.445643 ], [ -122.260846, 45.444127 ], [ -122.266091, 45.443385 ], [ -122.276048, 45.443389 ], [ -122.275073, 45.442413 ], [ -122.289975, 45.43918 ], [ -122.290602, 45.436217 ], [ -122.290673, 45.434243 ], [ -122.29235, 45.43172 ], [ -122.288826, 45.430077 ], [ -122.287758, 45.43084 ], [ -122.287561, 45.42918 ], [ -122.290731, 45.429187 ], [ -122.290784, 45.42807 ], [ -122.278555, 45.426617 ], [ -122.279536, 45.414759 ], [ -122.280696, 45.414761 ], [ -122.280697, 45.411219 ], [ -122.285876, 45.411009 ], [ -122.285883, 45.410329 ], [ -122.29079, 45.410343 ], [ -122.290779, 45.409434 ], [ -122.293789, 45.409439 ], [ -122.293721, 45.405755 ], [ -122.301129, 45.408149 ], [ -122.301108, 45.404592 ], [ -122.3021, 45.404135 ], [ -122.306381, 45.406113 ], [ -122.311485, 45.40654 ], [ -122.314125, 45.406345 ], [ -122.317909, 45.406754 ], [ -122.319748, 45.407482 ], [ -122.321968, 45.407104 ], [ -122.32518, 45.405518 ], [ -122.329338, 45.405319 ], [ -122.330733, 45.404707 ], [ -122.329693, 45.402444 ], [ -122.325584, 45.396015 ], [ -122.323115, 45.394371 ], [ -122.338993, 45.387331 ], [ -122.334893, 45.388418 ], [ -122.322373, 45.38216 ], [ -122.321866, 45.385716 ], [ -122.309739, 45.385934 ], [ -122.308479, 45.384483 ], [ -122.305122, 45.383602 ], [ -122.301109, 45.381851 ], [ -122.30098, 45.380936 ], [ -122.296747, 45.378343 ], [ -122.286297, 45.378566 ], [ -122.286111, 45.374529 ], [ -122.286871, 45.37289 ], [ -122.282606, 45.37188 ], [ -122.285179, 45.372055 ], [ -122.289658, 45.371269 ], [ -122.294708, 45.371437 ], [ -122.296837, 45.37096 ], [ -122.301521, 45.368855 ], [ -122.306694, 45.367569 ], [ -122.309509, 45.367973 ], [ -122.312645, 45.369263 ], [ -122.314598, 45.371639 ], [ -122.317841, 45.373363 ], [ -122.319798, 45.373021 ], [ -122.321423, 45.373956 ], [ -122.322934, 45.372869 ], [ -122.325699, 45.373241 ], [ -122.327164, 45.374256 ], [ -122.33242, 45.37458 ], [ -122.338882, 45.376614 ], [ -122.341873, 45.376793 ], [ -122.345688, 45.378551 ], [ -122.347477, 45.378528 ], [ -122.347462, 45.379301 ], [ -122.351389, 45.381378 ], [ -122.349006, 45.382439 ], [ -122.352788, 45.382465 ], [ -122.3529, 45.389035 ], [ -122.373242, 45.389284 ], [ -122.373128, 45.392694 ], [ -122.376103, 45.393314 ], [ -122.381215, 45.392227 ], [ -122.383423, 45.391218 ], [ -122.385537, 45.3893 ], [ -122.391851, 45.389325 ], [ -122.396391, 45.386114 ], [ -122.404976, 45.38837 ], [ -122.408151, 45.389453 ], [ -122.408134, 45.386528 ], [ -122.413311, 45.386225 ], [ -122.412381, 45.383524 ], [ -122.413676, 45.381959 ], [ -122.417674, 45.386333 ], [ -122.420938, 45.388359 ], [ -122.422475, 45.388755 ], [ -122.424516, 45.388441 ], [ -122.432378, 45.389551 ], [ -122.431519, 45.390984 ] ] ] ] } }
]
}
