{
"type": "FeatureCollection",
"name": "total_household_dataset",
"crs": { "type": "name", "properties": { "name": "urn:ogc:def:crs:EPSG::4269" } },
"features": [
{ "type": "Feature", "properties": { "GEOID": "41005020101", "average_size": 1.9830220713073006 }, "geometry": { "type": "MultiPolygon", "coordinates": [ [ [ [ -122.708013, 45.425025 ], [ -122.706668, 45.428081 ], [ -122.706571, 45.429789 ], [ -122.707893, 45.433042 ], [ -122.705021, 45.433037 ], [ -122.703304, 45.433038 ], [ -122.702001, 45.433056 ], [ -122.701808, 45.433041 ], [ -122.698697, 45.433041 ], [ -122.697382, 45.433041 ], [ -122.694678, 45.43301 ], [ -122.682505, 45.432841 ], [ -122.681893, 45.432841 ], [ -122.675572, 45.432867 ], [ -122.673311, 45.432795 ], [ -122.67266, 45.431373 ], [ -122.675179, 45.429371 ], [ -122.677017, 45.429226 ], [ -122.680107, 45.427025 ], [ -122.681229, 45.424824 ], [ -122.686387, 45.423742 ], [ -122.686707, 45.423653 ], [ -122.687252, 45.42352 ], [ -122.689011, 45.423102 ], [ -122.69427, 45.423109 ], [ -122.694909, 45.423151 ], [ -122.70372, 45.425213 ], [ -122.707402, 45.424462 ], [ -122.707838, 45.424479 ], [ -122.708013, 45.425025 ] ] ] ] } },
{ "type": "Feature", "properties": { "GEOID": "41005020102", "average_size": 2.2715596330275227 }, "geometry": { "type": "MultiPolygon", "coordinates": [ [ [ [ -122.687252, 45.42352 ], [ -122.686707, 45.423653 ], [ -122.686387, 45.423742 ], [ -122.681229, 45.424824 ], [ -122.680107, 45.427025 ], [ -122.677017, 45.429226 ], [ -122.675179, 45.429371 ], [ -122.67266, 45.431373 ], [ -122.673311, 45.432795 ], [ -122.672677, 45.432792 ], [ -122.666298, 45.432743 ], [ -122.666145, 45.432743 ], [ -122.660451, 45.432702 ], [ -122.654959, 45.432668 ], [ -122.648725, 45.432718 ], [ -122.649304, 45.42944 ], [ -122.654339, 45.424991 ], [ -122.655405, 45.423441 ], [ -122.657623, 45.422787 ], [ -122.658188, 45.422554 ], [ -122.658661, 45.422466 ], [ -122.659554, 45.422539 ], [ -122.659813, 45.422707 ], [ -122.65995, 45.423141 ], [ -122.660179, 45.423618 ], [ -122.660591, 45.423779 ], [ -122.660707, 45.423897 ], [ -122.661166, 45.423743 ], [ -122.661663, 45.422996 ], [ -122.662339, 45.421822 ], [ -122.662952, 45.419221 ], [ -122.675452, 45.420582 ], [ -122.678293, 45.422817 ], [ -122.678659, 45.422993 ], [ -122.689011, 45.423102 ], [ -122.687252, 45.42352 ] ] ] ] } },
{ "type": "Feature", "properties": { "GEOID": "41005020201", "average_size": 2.1060460652591169 }, "geometry": { "type": "MultiPolygon", "coordinates": [ [ [ [ -122.723574, 45.40485 ], [ -122.711346, 45.408876 ], [ -122.707849, 45.409656 ], [ -122.703577, 45.412538 ], [ -122.693759, 45.417019 ], [ -122.692276, 45.417163 ], [ -122.68371, 45.415908 ], [ -122.678827, 45.419367 ], [ -122.678524, 45.419736 ], [ -122.678659, 45.422993 ], [ -122.678293, 45.422817 ], [ -122.675452, 45.420582 ], [ -122.662952, 45.419221 ], [ -122.662339, 45.421822 ], [ -122.661663, 45.422996 ], [ -122.661166, 45.423743 ], [ -122.660707, 45.423897 ], [ -122.660591, 45.423779 ], [ -122.660179, 45.423618 ], [ -122.65995, 45.423141 ], [ -122.659813, 45.422707 ], [ -122.659554, 45.422539 ], [ -122.658661, 45.422466 ], [ -122.658188, 45.422554 ], [ -122.657623, 45.422787 ], [ -122.655405, 45.423441 ], [ -122.655605, 45.422341 ], [ -122.655522, 45.418048 ], [ -122.656087, 45.416724 ], [ -122.657716, 45.414424 ], [ -122.657273, 45.410108 ], [ -122.657004, 45.409441 ], [ -122.658932, 45.40938 ], [ -122.664063, 45.410331 ], [ -122.66481, 45.410133 ], [ -122.667448, 45.410299 ], [ -122.669235, 45.410918 ], [ -122.681165, 45.413678 ], [ -122.708827, 45.406825 ], [ -122.713606, 45.405641 ], [ -122.717935, 45.403803 ], [ -122.717544, 45.403386 ], [ -122.720672, 45.402375 ], [ -122.723108, 45.402395 ], [ -122.723154, 45.404222 ], [ -122.723487, 45.404687 ], [ -122.723574, 45.40485 ] ] ] ] } },
{ "type": "Feature", "properties": { "GEOID": "41005020202", "average_size": 2.6589147286821704 }, "geometry": { "type": "MultiPolygon", "coordinates": [ [ [ [ -122.723075, 45.405608 ], [ -122.723105, 45.40868 ], [ -122.722, 45.409145 ], [ -122.717976, 45.411576 ], [ -122.715945, 45.415679 ], [ -122.714906, 45.41688 ], [ -122.713021, 45.418652 ], [ -122.709073, 45.42329 ], [ -122.707838, 45.424479 ], [ -122.707402, 45.424462 ], [ -122.70372, 45.425213 ], [ -122.694909, 45.423151 ], [ -122.69427, 45.423109 ], [ -122.689011, 45.423102 ], [ -122.678659, 45.422993 ], [ -122.678524, 45.419736 ], [ -122.678827, 45.419367 ], [ -122.68371, 45.415908 ], [ -122.692276, 45.417163 ], [ -122.693759, 45.417019 ], [ -122.703577, 45.412538 ], [ -122.707849, 45.409656 ], [ -122.711346, 45.408876 ], [ -122.723574, 45.40485 ], [ -122.723075, 45.405608 ] ] ] ] } },
{ "type": "Feature", "properties": { "GEOID": "41005020302", "average_size": 2.4652741514360312 }, "geometry": { "type": "MultiPolygon", "coordinates": [ [ [ [ -122.74406, 45.418855 ], [ -122.744006, 45.421046 ], [ -122.738395, 45.419236 ], [ -122.731931, 45.418954 ], [ -122.727344, 45.418944 ], [ -122.724096, 45.418426 ], [ -122.715945, 45.415679 ], [ -122.717976, 45.411576 ], [ -122.722, 45.409145 ], [ -122.723105, 45.40868 ], [ -122.726185, 45.406881 ], [ -122.727138, 45.406298 ], [ -122.72754, 45.406037 ], [ -122.73052, 45.404084 ], [ -122.732545, 45.402733 ], [ -122.739975, 45.398172 ], [ -122.742039, 45.397012 ], [ -122.743848, 45.396544 ], [ -122.743941, 45.402592 ], [ -122.743942, 45.402702 ], [ -122.743956, 45.404972 ], [ -122.743963, 45.406149 ], [ -122.743974, 45.407918 ], [ -122.744029, 45.415311 ], [ -122.74406, 45.418855 ] ] ] ] } },
{ "type": "Feature", "properties": { "GEOID": "41005020303", "average_size": 2.1296617519514309 }, "geometry": { "type": "MultiPolygon", "coordinates": [ [ [ [ -122.725541, 45.433167 ], [ -122.721663, 45.433137 ], [ -122.721355, 45.433135 ], [ -122.719286, 45.433113 ], [ -122.715938, 45.433079 ], [ -122.712169, 45.433056 ], [ -122.707893, 45.433042 ], [ -122.706571, 45.429789 ], [ -122.706668, 45.428081 ], [ -122.708013, 45.425025 ], [ -122.707838, 45.424479 ], [ -122.709073, 45.42329 ], [ -122.713021, 45.418652 ], [ -122.714906, 45.41688 ], [ -122.715945, 45.415679 ], [ -122.724096, 45.418426 ], [ -122.722065, 45.42062 ], [ -122.722075, 45.425999 ], [ -122.725733, 45.426021 ], [ -122.725541, 45.433167 ] ] ] ] } },
{ "type": "Feature", "properties": { "GEOID": "41005020304", "average_size": 2.5617620345140781 }, "geometry": { "type": "MultiPolygon", "coordinates": [ [ [ [ -122.743991, 45.426072 ], [ -122.743721, 45.433294 ], [ -122.741101, 45.433268 ], [ -122.738563, 45.433238 ], [ -122.733422, 45.433199 ], [ -122.7303, 45.43324 ], [ -122.725541, 45.433167 ], [ -122.725733, 45.426021 ], [ -122.722075, 45.425999 ], [ -122.722065, 45.42062 ], [ -122.724096, 45.418426 ], [ -122.727344, 45.418944 ], [ -122.731931, 45.418954 ], [ -122.738395, 45.419236 ], [ -122.744006, 45.421046 ], [ -122.743991, 45.426072 ] ] ] ] } },
{ "type": "Feature", "properties": { "GEOID": "41005020401", "average_size": 2.7347721822541966 }, "geometry": { "type": "MultiPolygon", "coordinates": [ [ [ [ -122.743939, 45.393033 ], [ -122.743848, 45.396544 ], [ -122.742039, 45.397012 ], [ -122.739975, 45.398172 ], [ -122.732545, 45.402733 ], [ -122.73052, 45.404084 ], [ -122.72754, 45.406037 ], [ -122.727138, 45.406298 ], [ -122.726185, 45.406881 ], [ -122.723105, 45.40868 ], [ -122.723075, 45.405608 ], [ -122.723574, 45.40485 ], [ -122.723487, 45.404687 ], [ -122.723154, 45.404222 ], [ -122.723108, 45.402395 ], [ -122.720672, 45.402375 ], [ -122.717544, 45.403386 ], [ -122.717935, 45.403803 ], [ -122.713606, 45.405641 ], [ -122.7145, 45.401848 ], [ -122.716858, 45.400379 ], [ -122.718918, 45.397724 ], [ -122.719348, 45.395191 ], [ -122.719639, 45.392616 ], [ -122.720589, 45.389763 ], [ -122.720664, 45.388013 ], [ -122.720055, 45.385078 ], [ -122.720353, 45.38418 ], [ -122.721413, 45.382614 ], [ -122.721687, 45.382682 ], [ -122.722069, 45.382757 ], [ -122.722087, 45.382342 ], [ -122.722974, 45.382597 ], [ -122.727339, 45.382925 ], [ -122.728551, 45.383129 ], [ -122.73506, 45.383692 ], [ -122.743919, 45.386122 ], [ -122.743921, 45.386845 ], [ -122.743926, 45.387483 ], [ -122.743942, 45.391704 ], [ -122.743939, 45.393033 ] ] ] ] } },
{ "type": "Feature", "properties": { "GEOID": "41005020403", "average_size": 2.9785100286532953 }, "geometry": { "type": "MultiPolygon", "coordinates": [ [ [ [ -122.721413, 45.382614 ], [ -122.720353, 45.38418 ], [ -122.720055, 45.385078 ], [ -122.720664, 45.388013 ], [ -122.720589, 45.389763 ], [ -122.719639, 45.392616 ], [ -122.719348, 45.395191 ], [ -122.718918, 45.397724 ], [ -122.716858, 45.400379 ], [ -122.7145, 45.401848 ], [ -122.713606, 45.405641 ], [ -122.708827, 45.406825 ], [ -122.709639, 45.402014 ], [ -122.707534, 45.403228 ], [ -122.707695, 45.40172 ], [ -122.708131, 45.397506 ], [ -122.707646, 45.396296 ], [ -122.699886, 45.398129 ], [ -122.697167, 45.396745 ], [ -122.696338, 45.395005 ], [ -122.689233, 45.394976 ], [ -122.690251, 45.39302 ], [ -122.69028, 45.392933 ], [ -122.691446, 45.389249 ], [ -122.694929, 45.38695 ], [ -122.695056, 45.385673 ], [ -122.694615, 45.383605 ], [ -122.695173, 45.382081 ], [ -122.697715, 45.379671 ], [ -122.704247, 45.381802 ], [ -122.706729, 45.381386 ], [ -122.710976, 45.383755 ], [ -122.714201, 45.382891 ], [ -122.720377, 45.382421 ], [ -122.721413, 45.382614 ] ] ] ] } },
{ "type": "Feature", "properties": { "GEOID": "41005020404", "average_size": 2.4646721833227243 }, "geometry": { "type": "MultiPolygon", "coordinates": [ [ [ [ -122.708827, 45.406825 ], [ -122.681165, 45.413678 ], [ -122.669235, 45.410918 ], [ -122.667448, 45.410299 ], [ -122.669187, 45.409662 ], [ -122.674207, 45.40822 ], [ -122.677246, 45.406694 ], [ -122.67904, 45.40437 ], [ -122.683194, 45.400931 ], [ -122.688058, 45.396925 ], [ -122.688889, 45.395605 ], [ -122.689233, 45.394976 ], [ -122.696338, 45.395005 ], [ -122.697167, 45.396745 ], [ -122.699886, 45.398129 ], [ -122.707646, 45.396296 ], [ -122.708131, 45.397506 ], [ -122.707695, 45.40172 ], [ -122.707534, 45.403228 ], [ -122.709639, 45.402014 ], [ -122.708827, 45.406825 ] ] ] ] } },
{ "type": "Feature", "properties": { "GEOID": "41005020503", "average_size": 2.6570545829042223 }, "geometry": { "type": "MultiPolygon", "coordinates": [ [ [ [ -122.683194, 45.400931 ], [ -122.67904, 45.40437 ], [ -122.677246, 45.406694 ], [ -122.674207, 45.40822 ], [ -122.669187, 45.409662 ], [ -122.667448, 45.410299 ], [ -122.66481, 45.410133 ], [ -122.664063, 45.410331 ], [ -122.658932, 45.40938 ], [ -122.657004, 45.409441 ], [ -122.655372, 45.408534 ], [ -122.655408, 45.407785 ], [ -122.654274, 45.404858 ], [ -122.659333, 45.400566 ], [ -122.659367, 45.399617 ], [ -122.659576, 45.398298 ], [ -122.657732, 45.395512 ], [ -122.658821, 45.394965 ], [ -122.662229, 45.395467 ], [ -122.663448, 45.39662 ], [ -122.66613, 45.396655 ], [ -122.666143, 45.396714 ], [ -122.665898, 45.398257 ], [ -122.668909, 45.398786 ], [ -122.674632, 45.398429 ], [ -122.676114, 45.398354 ], [ -122.677431, 45.398282 ], [ -122.681375, 45.398321 ], [ -122.682654, 45.398318 ], [ -122.68276, 45.400607 ], [ -122.683194, 45.400931 ] ] ] ] } },
{ "type": "Feature", "properties": { "GEOID": "41005020504", "average_size": 2.7380228136882128 }, "geometry": { "type": "MultiPolygon", "coordinates": [ [ [ [ -122.689233, 45.394976 ], [ -122.688889, 45.395605 ], [ -122.688058, 45.396925 ], [ -122.683194, 45.400931 ], [ -122.68276, 45.400607 ], [ -122.682654, 45.398318 ], [ -122.681375, 45.398321 ], [ -122.677431, 45.398282 ], [ -122.676114, 45.398354 ], [ -122.674632, 45.398429 ], [ -122.668909, 45.398786 ], [ -122.665898, 45.398257 ], [ -122.666143, 45.396714 ], [ -122.66613, 45.396655 ], [ -122.663448, 45.39662 ], [ -122.662229, 45.395467 ], [ -122.658821, 45.394965 ], [ -122.658877, 45.39422 ], [ -122.658874, 45.394163 ], [ -122.657303, 45.394443 ], [ -122.65665, 45.395402 ], [ -122.657072, 45.396627 ], [ -122.656882, 45.397579 ], [ -122.65544, 45.397727 ], [ -122.653299, 45.395376 ], [ -122.652182, 45.395375 ], [ -122.651009, 45.39595 ], [ -122.650672, 45.395643 ], [ -122.643825, 45.389354 ], [ -122.640059, 45.385896 ], [ -122.639184, 45.384955 ], [ -122.638064, 45.382546 ], [ -122.636654, 45.379938 ], [ -122.635763, 45.379121 ], [ -122.63246, 45.376242 ], [ -122.635713, 45.374836 ], [ -122.639269, 45.371865 ], [ -122.645271, 45.371843 ], [ -122.646602, 45.369294 ], [ -122.648712, 45.370395 ], [ -122.651966, 45.372069 ], [ -122.653863, 45.374147 ], [ -122.654437, 45.374784 ], [ -122.655795, 45.376323 ], [ -122.657542, 45.378806 ], [ -122.658742, 45.379907 ], [ -122.664551, 45.382292 ], [ -122.668842, 45.38456 ], [ -122.671807, 45.386729 ], [ -122.678215, 45.389894 ], [ -122.680453, 45.3914 ], [ -122.684241, 45.391445 ], [ -122.690251, 45.39302 ], [ -122.689233, 45.394976 ] ] ] ] } },
{ "type": "Feature", "properties": { "GEOID": "41005020505", "average_size": 2.2253886010362693 }, "geometry": { "type": "MultiPolygon", "coordinates": [ [ [ [ -122.659367, 45.399617 ], [ -122.659333, 45.400566 ], [ -122.654274, 45.404858 ], [ -122.655408, 45.407785 ], [ -122.655372, 45.408534 ], [ -122.651106, 45.40613 ], [ -122.645804, 45.403142 ], [ -122.641258, 45.401632 ], [ -122.639957, 45.400356 ], [ -122.63818, 45.39937 ], [ -122.637436, 45.39853 ], [ -122.63679, 45.397693 ], [ -122.635504, 45.396856 ], [ -122.630906, 45.394795 ], [ -122.627604, 45.393105 ], [ -122.625746, 45.391182 ], [ -122.624502, 45.389202 ], [ -122.6225, 45.383798 ], [ -122.621916, 45.381662 ], [ -122.620908, 45.380299 ], [ -122.620703, 45.378642 ], [ -122.625863, 45.379137 ], [ -122.635763, 45.379121 ], [ -122.636654, 45.379938 ], [ -122.638064, 45.382546 ], [ -122.639184, 45.384955 ], [ -122.640059, 45.385896 ], [ -122.643825, 45.389354 ], [ -122.650672, 45.395643 ], [ -122.651009, 45.39595 ], [ -122.652182, 45.395375 ], [ -122.653299, 45.395376 ], [ -122.65544, 45.397727 ], [ -122.656882, 45.397579 ], [ -122.657072, 45.396627 ], [ -122.65665, 45.395402 ], [ -122.657303, 45.394443 ], [ -122.658874, 45.394163 ], [ -122.658877, 45.39422 ], [ -122.658821, 45.394965 ], [ -122.657732, 45.395512 ], [ -122.659576, 45.398298 ], [ -122.659367, 45.399617 ] ] ] ] } },
{ "type": "Feature", "properties": { "GEOID": "41005020506", "average_size": 2.3266717909300536 }, "geometry": { "type": "MultiPolygon", "coordinates": [ [ [ [ -122.697715, 45.379671 ], [ -122.695173, 45.382081 ], [ -122.694615, 45.383605 ], [ -122.695056, 45.385673 ], [ -122.694929, 45.38695 ], [ -122.691446, 45.389249 ], [ -122.69028, 45.392933 ], [ -122.690251, 45.39302 ], [ -122.684241, 45.391445 ], [ -122.680453, 45.3914 ], [ -122.678215, 45.389894 ], [ -122.671807, 45.386729 ], [ -122.668842, 45.38456 ], [ -122.664551, 45.382292 ], [ -122.658742, 45.379907 ], [ -122.657542, 45.378806 ], [ -122.655795, 45.376323 ], [ -122.654437, 45.374784 ], [ -122.653863, 45.374147 ], [ -122.651966, 45.372069 ], [ -122.648712, 45.370395 ], [ -122.646602, 45.369294 ], [ -122.647125, 45.367929 ], [ -122.647297, 45.367293 ], [ -122.647782, 45.366421 ], [ -122.649053, 45.362825 ], [ -122.651421, 45.363709 ], [ -122.652885, 45.361981 ], [ -122.654995, 45.35918 ], [ -122.652512, 45.356093 ], [ -122.649719, 45.355301 ], [ -122.650247, 45.35267 ], [ -122.65281, 45.349494 ], [ -122.657982, 45.351966 ], [ -122.662142, 45.351705 ], [ -122.663878, 45.353785 ], [ -122.668122, 45.356154 ], [ -122.668735, 45.357631 ], [ -122.668689, 45.359608 ], [ -122.669333, 45.360064 ], [ -122.669792, 45.359001 ], [ -122.672813, 45.358505 ], [ -122.677254, 45.358841 ], [ -122.679626, 45.357063 ], [ -122.681618, 45.356308 ], [ -122.684547, 45.356674 ], [ -122.686485, 45.358822 ], [ -122.685638, 45.3605 ], [ -122.68409, 45.360947 ], [ -122.684242, 45.363102 ], [ -122.687525, 45.366797 ], [ -122.692719, 45.37056 ], [ -122.695786, 45.372276 ], [ -122.696983, 45.376099 ], [ -122.696953, 45.379089 ], [ -122.697113, 45.379314 ], [ -122.697715, 45.379671 ] ] ] ] } },
{ "type": "Feature", "properties": { "GEOID": "41005020507", "average_size": 2.8100803506208911 }, "geometry": { "type": "MultiPolygon", "coordinates": [ [ [ [ -122.652885, 45.361981 ], [ -122.651421, 45.363709 ], [ -122.649053, 45.362825 ], [ -122.647782, 45.366421 ], [ -122.647297, 45.367293 ], [ -122.647125, 45.367929 ], [ -122.646602, 45.369294 ], [ -122.643193, 45.368018 ], [ -122.641979, 45.367809 ], [ -122.643152, 45.365348 ], [ -122.643333, 45.364971 ], [ -122.638269, 45.361776 ], [ -122.636497, 45.360496 ], [ -122.636246, 45.360153 ], [ -122.636154, 45.359859 ], [ -122.636108, 45.359562 ], [ -122.636099, 45.359274 ], [ -122.635834, 45.356655 ], [ -122.638148, 45.356388 ], [ -122.637837, 45.355171 ], [ -122.634576, 45.353466 ], [ -122.632241, 45.349604 ], [ -122.635617, 45.349011 ], [ -122.642073, 45.348607 ], [ -122.649857, 45.347362 ], [ -122.65186, 45.347386 ], [ -122.651951, 45.348811 ], [ -122.6523, 45.349261 ], [ -122.65281, 45.349494 ], [ -122.650247, 45.35267 ], [ -122.649719, 45.355301 ], [ -122.652512, 45.356093 ], [ -122.654995, 45.35918 ], [ -122.652885, 45.361981 ] ] ] ] } },
{ "type": "Feature", "properties": { "GEOID": "41005020601", "average_size": 2.4236883942766294 }, "geometry": { "type": "MultiPolygon", "coordinates": [ [ [ [ -122.635763, 45.379121 ], [ -122.625863, 45.379137 ], [ -122.620703, 45.378642 ], [ -122.620103, 45.377642 ], [ -122.61777, 45.375654 ], [ -122.607802, 45.372342 ], [ -122.606429, 45.371309 ], [ -122.60279, 45.365817 ], [ -122.602976, 45.36489 ], [ -122.605008, 45.362355 ], [ -122.609363, 45.358772 ], [ -122.610568, 45.360257 ], [ -122.612876, 45.361527 ], [ -122.616622, 45.365241 ], [ -122.6187, 45.364639 ], [ -122.621444, 45.367218 ], [ -122.623644, 45.367164 ], [ -122.627541, 45.368252 ], [ -122.63004, 45.36785 ], [ -122.629957, 45.36967 ], [ -122.632666, 45.372285 ], [ -122.633143, 45.373772 ], [ -122.635713, 45.374836 ], [ -122.63246, 45.376242 ], [ -122.635763, 45.379121 ] ] ] ] } },
{ "type": "Feature", "properties": { "GEOID": "41005020602", "average_size": 2.77924827951297 }, "geometry": { "type": "MultiPolygon", "coordinates": [ [ [ [ -122.645271, 45.371843 ], [ -122.639269, 45.371865 ], [ -122.635713, 45.374836 ], [ -122.633143, 45.373772 ], [ -122.632666, 45.372285 ], [ -122.629957, 45.36967 ], [ -122.63004, 45.36785 ], [ -122.627541, 45.368252 ], [ -122.623644, 45.367164 ], [ -122.621444, 45.367218 ], [ -122.6187, 45.364639 ], [ -122.616622, 45.365241 ], [ -122.612876, 45.361527 ], [ -122.610568, 45.360257 ], [ -122.609363, 45.358772 ], [ -122.611309, 45.358266 ], [ -122.613368, 45.355955 ], [ -122.619453, 45.351108 ], [ -122.627367, 45.347232 ], [ -122.629271, 45.346914 ], [ -122.630482, 45.346176 ], [ -122.632241, 45.349604 ], [ -122.634576, 45.353466 ], [ -122.637837, 45.355171 ], [ -122.638148, 45.356388 ], [ -122.635834, 45.356655 ], [ -122.636099, 45.359274 ], [ -122.636108, 45.359562 ], [ -122.636154, 45.359859 ], [ -122.636246, 45.360153 ], [ -122.636497, 45.360496 ], [ -122.638269, 45.361776 ], [ -122.643333, 45.364971 ], [ -122.643152, 45.365348 ], [ -122.641979, 45.367809 ], [ -122.643193, 45.368018 ], [ -122.646602, 45.369294 ], [ -122.645271, 45.371843 ] ] ] ] } },
{ "type": "Feature", "properties": { "GEOID": "41005020700", "average_size": 2.6440329218106995 }, "geometry": { "type": "MultiPolygon", "coordinates": [ [ [ [ -122.677083, 45.350238 ], [ -122.674995, 45.352391 ], [ -122.669449, 45.351678 ], [ -122.669608, 45.353424 ], [ -122.669975, 45.35498 ], [ -122.66922, 45.358688 ], [ -122.669792, 45.359001 ], [ -122.669333, 45.360064 ], [ -122.668689, 45.359608 ], [ -122.668735, 45.357631 ], [ -122.668122, 45.356154 ], [ -122.663878, 45.353785 ], [ -122.662142, 45.351705 ], [ -122.657982, 45.351966 ], [ -122.65281, 45.349494 ], [ -122.6523, 45.349261 ], [ -122.651951, 45.348811 ], [ -122.65186, 45.347386 ], [ -122.649857, 45.347362 ], [ -122.642073, 45.348607 ], [ -122.635617, 45.349011 ], [ -122.632241, 45.349604 ], [ -122.630482, 45.346176 ], [ -122.635483, 45.343897 ], [ -122.647499, 45.337674 ], [ -122.648105, 45.337779 ], [ -122.653114, 45.338905 ], [ -122.654442, 45.339692 ], [ -122.6623, 45.341026 ], [ -122.663734, 45.340645 ], [ -122.66925, 45.343502 ], [ -122.672966, 45.34668 ], [ -122.676865, 45.347637 ], [ -122.677083, 45.350238 ] ] ] ] } },
{ "type": "Feature", "properties": { "GEOID": "41005020800", "average_size": 2.0301117047110249 }, "geometry": { "type": "MultiPolygon", "coordinates": [ [ [ [ -122.660979, 45.457819 ], [ -122.656972, 45.458066 ], [ -122.652988, 45.458314 ], [ -122.652921, 45.458318 ], [ -122.646958, 45.458669 ], [ -122.641245, 45.458671 ], [ -122.64158, 45.461482 ], [ -122.636587, 45.461476 ], [ -122.635971, 45.458659 ], [ -122.634679, 45.453268 ], [ -122.632771, 45.448134 ], [ -122.631028, 45.446568 ], [ -122.629336, 45.445572 ], [ -122.624379, 45.443149 ], [ -122.625277, 45.439141 ], [ -122.624244, 45.436862 ], [ -122.624611, 45.434356 ], [ -122.627964, 45.43556 ], [ -122.629066, 45.436041 ], [ -122.630976, 45.433476 ], [ -122.63164, 45.433975 ], [ -122.637787, 45.436432 ], [ -122.637326, 45.437569 ], [ -122.640537, 45.440266 ], [ -122.642104, 45.441926 ], [ -122.642738, 45.44194 ], [ -122.645205, 45.441641 ], [ -122.64616, 45.441424 ], [ -122.647666, 45.443983 ], [ -122.651227, 45.445281 ], [ -122.652605, 45.445741 ], [ -122.658274, 45.453242 ], [ -122.659105, 45.454341 ], [ -122.660979, 45.457819 ] ] ] ] } },
{ "type": "Feature", "properties": { "GEOID": "41005020900", "average_size": 2.5233253588516749 }, "geometry": { "type": "MultiPolygon", "coordinates": [ [ [ [ -122.63656, 45.461474 ], [ -122.632974, 45.46155 ], [ -122.626278, 45.461451 ], [ -122.622359, 45.461444 ], [ -122.618977, 45.461451 ], [ -122.618995, 45.460908 ], [ -122.618588, 45.460933 ], [ -122.618341, 45.460832 ], [ -122.616871, 45.460889 ], [ -122.618037, 45.460011 ], [ -122.620141, 45.460361 ], [ -122.620157, 45.458525 ], [ -122.620148, 45.454818 ], [ -122.620148, 45.452903 ], [ -122.620138, 45.45141 ], [ -122.622235, 45.45141 ], [ -122.622232, 45.448067 ], [ -122.62755, 45.448043 ], [ -122.627483, 45.44664 ], [ -122.631028, 45.446568 ], [ -122.632771, 45.448134 ], [ -122.634679, 45.453268 ], [ -122.635971, 45.458659 ], [ -122.636587, 45.461476 ], [ -122.63656, 45.461474 ] ] ] ] } },
{ "type": "Feature", "properties": { "GEOID": "41005021000", "average_size": 2.2177841179267714 }, "geometry": { "type": "MultiPolygon", "coordinates": [ [ [ [ -122.622235, 45.45141 ], [ -122.620138, 45.45141 ], [ -122.620148, 45.452903 ], [ -122.620148, 45.454818 ], [ -122.620157, 45.458525 ], [ -122.620141, 45.460361 ], [ -122.618037, 45.460011 ], [ -122.616871, 45.460889 ], [ -122.616195, 45.461473 ], [ -122.615374, 45.461481 ], [ -122.613127, 45.461493 ], [ -122.610832, 45.461501 ], [ -122.608722, 45.461505 ], [ -122.606614, 45.461493 ], [ -122.60573, 45.461488 ], [ -122.60175, 45.461486 ], [ -122.601454, 45.461464 ], [ -122.601392, 45.460979 ], [ -122.599686, 45.458902 ], [ -122.599468, 45.458615 ], [ -122.59902, 45.45735 ], [ -122.59901, 45.455897 ], [ -122.59901, 45.455772 ], [ -122.598959, 45.447956 ], [ -122.600717, 45.447963 ], [ -122.600879, 45.447963 ], [ -122.602977, 45.447971 ], [ -122.604104, 45.447975 ], [ -122.604513, 45.447977 ], [ -122.611838, 45.448014 ], [ -122.612579, 45.448019 ], [ -122.619521, 45.448057 ], [ -122.622232, 45.448067 ], [ -122.622235, 45.45141 ] ] ] ] } },
{ "type": "Feature", "properties": { "GEOID": "41005021100", "average_size": 2.2085752568110766 }, "geometry": { "type": "MultiPolygon", "coordinates": [ [ [ [ -122.631028, 45.446568 ], [ -122.627483, 45.44664 ], [ -122.62755, 45.448043 ], [ -122.622232, 45.448067 ], [ -122.619521, 45.448057 ], [ -122.612579, 45.448019 ], [ -122.611838, 45.448014 ], [ -122.604513, 45.447977 ], [ -122.604104, 45.447975 ], [ -122.602977, 45.447971 ], [ -122.600879, 45.447963 ], [ -122.600717, 45.447963 ], [ -122.598959, 45.447956 ], [ -122.598987, 45.445808 ], [ -122.599004, 45.444622 ], [ -122.59916, 45.443902 ], [ -122.599313, 45.437643 ], [ -122.598374, 45.432499 ], [ -122.598486, 45.432097 ], [ -122.607784, 45.435299 ], [ -122.61196, 45.437278 ], [ -122.619772, 45.44107 ], [ -122.624379, 45.443149 ], [ -122.629336, 45.445572 ], [ -122.631028, 45.446568 ] ] ] ] } },
{ "type": "Feature", "properties": { "GEOID": "41005021200", "average_size": 1.8809788654060067 }, "geometry": { "type": "MultiPolygon", "coordinates": [ [ [ [ -122.655405, 45.423441 ], [ -122.654339, 45.424991 ], [ -122.649304, 45.42944 ], [ -122.648725, 45.432718 ], [ -122.648787, 45.432811 ], [ -122.651183, 45.436059 ], [ -122.646267, 45.439584 ], [ -122.64616, 45.441424 ], [ -122.645205, 45.441641 ], [ -122.642738, 45.44194 ], [ -122.642104, 45.441926 ], [ -122.640537, 45.440266 ], [ -122.641079, 45.439197 ], [ -122.64053, 45.438208 ], [ -122.640005, 45.437471 ], [ -122.636318, 45.434448 ], [ -122.635241, 45.43302 ], [ -122.634667, 45.430211 ], [ -122.634476, 45.428985 ], [ -122.633402, 45.42258 ], [ -122.641671, 45.422586 ], [ -122.6455, 45.422591 ], [ -122.65433, 45.422577 ], [ -122.655605, 45.422341 ], [ -122.655405, 45.423441 ] ] ] ] } },
{ "type": "Feature", "properties": { "GEOID": "41005021300", "average_size": 2.5908018867924527 }, "geometry": { "type": "MultiPolygon", "coordinates": [ [ [ [ -122.657716, 45.414424 ], [ -122.656087, 45.416724 ], [ -122.655522, 45.418048 ], [ -122.655605, 45.422341 ], [ -122.65433, 45.422577 ], [ -122.6455, 45.422591 ], [ -122.641671, 45.422586 ], [ -122.633402, 45.42258 ], [ -122.632489, 45.417434 ], [ -122.631758, 45.415853 ], [ -122.626442, 45.40894 ], [ -122.634466, 45.406514 ], [ -122.63918, 45.405049 ], [ -122.640513, 45.405743 ], [ -122.6438, 45.404299 ], [ -122.644115, 45.405518 ], [ -122.648924, 45.407639 ], [ -122.651106, 45.40613 ], [ -122.655372, 45.408534 ], [ -122.657004, 45.409441 ], [ -122.657273, 45.410108 ], [ -122.657716, 45.414424 ] ] ] ] } },
{ "type": "Feature", "properties": { "GEOID": "41005021400", "average_size": 2.3645096056622852 }, "geometry": { "type": "MultiPolygon", "coordinates": [ [ [ [ -122.640537, 45.440266 ], [ -122.637326, 45.437569 ], [ -122.637787, 45.436432 ], [ -122.63164, 45.433975 ], [ -122.630976, 45.433476 ], [ -122.629928, 45.432759 ], [ -122.618607, 45.426044 ], [ -122.618393, 45.425262 ], [ -122.616532, 45.42461 ], [ -122.614506, 45.423611 ], [ -122.613467, 45.423099 ], [ -122.612259, 45.422126 ], [ -122.606061, 45.42212 ], [ -122.601068, 45.418668 ], [ -122.599912, 45.416738 ], [ -122.59988, 45.41617 ], [ -122.601136, 45.416147 ], [ -122.606009, 45.416011 ], [ -122.607111, 45.415233 ], [ -122.612196, 45.418813 ], [ -122.612861, 45.418964 ], [ -122.613279, 45.418961 ], [ -122.622653, 45.412507 ], [ -122.621407, 45.411368 ], [ -122.624514, 45.409521 ], [ -122.626442, 45.40894 ], [ -122.631758, 45.415853 ], [ -122.632489, 45.417434 ], [ -122.633402, 45.42258 ], [ -122.634476, 45.428985 ], [ -122.634667, 45.430211 ], [ -122.635241, 45.43302 ], [ -122.636318, 45.434448 ], [ -122.640005, 45.437471 ], [ -122.64053, 45.438208 ], [ -122.641079, 45.439197 ], [ -122.640537, 45.440266 ] ] ] ] } },
{ "type": "Feature", "properties": { "GEOID": "41005021500", "average_size": 2.3055286129970902 }, "geometry": { "type": "MultiPolygon", "coordinates": [ [ [ [ -122.630976, 45.433476 ], [ -122.629066, 45.436041 ], [ -122.627964, 45.43556 ], [ -122.624611, 45.434356 ], [ -122.624244, 45.436862 ], [ -122.625277, 45.439141 ], [ -122.624379, 45.443149 ], [ -122.619772, 45.44107 ], [ -122.61196, 45.437278 ], [ -122.607784, 45.435299 ], [ -122.598486, 45.432097 ], [ -122.59786, 45.431904 ], [ -122.591881, 45.432245 ], [ -122.590643, 45.432181 ], [ -122.588794, 45.432356 ], [ -122.58803, 45.432519 ], [ -122.587104, 45.432592 ], [ -122.58175, 45.432546 ], [ -122.579235, 45.432535 ], [ -122.578972, 45.429771 ], [ -122.576295, 45.421821 ], [ -122.577613, 45.422001 ], [ -122.581682, 45.421221 ], [ -122.578798, 45.416117 ], [ -122.593287, 45.416162 ], [ -122.59988, 45.41617 ], [ -122.599912, 45.416738 ], [ -122.601068, 45.418668 ], [ -122.606061, 45.42212 ], [ -122.612259, 45.422126 ], [ -122.613467, 45.423099 ], [ -122.614506, 45.423611 ], [ -122.616532, 45.42461 ], [ -122.618393, 45.425262 ], [ -122.618607, 45.426044 ], [ -122.629928, 45.432759 ], [ -122.630976, 45.433476 ] ] ] ] } },
{ "type": "Feature", "properties": { "GEOID": "41005021601", "average_size": 2.3746118012422359 }, "geometry": { "type": "MultiPolygon", "coordinates": [ [ [ [ -122.601454, 45.461464 ], [ -122.599675, 45.461454 ], [ -122.597665, 45.461453 ], [ -122.59762, 45.461453 ], [ -122.597395, 45.461457 ], [ -122.597198, 45.461457 ], [ -122.597184, 45.461457 ], [ -122.596702, 45.461458 ], [ -122.596603, 45.461458 ], [ -122.596245, 45.461458 ], [ -122.58937, 45.46149 ], [ -122.586836, 45.461522 ], [ -122.58613, 45.461483 ], [ -122.5855, 45.461487 ], [ -122.583961, 45.461494 ], [ -122.57905, 45.461518 ], [ -122.579025, 45.453157 ], [ -122.579001, 45.451458 ], [ -122.578931, 45.449398 ], [ -122.578899, 45.446965 ], [ -122.57985, 45.446976 ], [ -122.591095, 45.447225 ], [ -122.592873, 45.447925 ], [ -122.598959, 45.447956 ], [ -122.59901, 45.455772 ], [ -122.59901, 45.455897 ], [ -122.59902, 45.45735 ], [ -122.599468, 45.458615 ], [ -122.599686, 45.458902 ], [ -122.601392, 45.460979 ], [ -122.601454, 45.461464 ] ] ] ] } },
{ "type": "Feature", "properties": { "GEOID": "41005021602", "average_size": 2.2437764208548616 }, "geometry": { "type": "MultiPolygon", "coordinates": [ [ [ [ -122.59916, 45.443902 ], [ -122.599004, 45.444622 ], [ -122.598987, 45.445808 ], [ -122.598959, 45.447956 ], [ -122.592873, 45.447925 ], [ -122.591095, 45.447225 ], [ -122.57985, 45.446976 ], [ -122.578899, 45.446965 ], [ -122.578923, 45.441234 ], [ -122.579253, 45.433196 ], [ -122.579235, 45.432535 ], [ -122.58175, 45.432546 ], [ -122.587104, 45.432592 ], [ -122.58803, 45.432519 ], [ -122.588794, 45.432356 ], [ -122.590643, 45.432181 ], [ -122.591881, 45.432245 ], [ -122.59786, 45.431904 ], [ -122.598486, 45.432097 ], [ -122.598374, 45.432499 ], [ -122.599313, 45.437643 ], [ -122.59916, 45.443902 ] ] ] ] } },
{ "type": "Feature", "properties": { "GEOID": "41005021700", "average_size": 2.0735400144196108 }, "geometry": { "type": "MultiPolygon", "coordinates": [ [ [ [ -122.648924, 45.407639 ], [ -122.644115, 45.405518 ], [ -122.6438, 45.404299 ], [ -122.640513, 45.405743 ], [ -122.63918, 45.405049 ], [ -122.634466, 45.406514 ], [ -122.626442, 45.40894 ], [ -122.62093, 45.401721 ], [ -122.618679, 45.398757 ], [ -122.617267, 45.396895 ], [ -122.617072, 45.396639 ], [ -122.61587, 45.395071 ], [ -122.612959, 45.391421 ], [ -122.609623, 45.386982 ], [ -122.607424, 45.385597 ], [ -122.608172, 45.385054 ], [ -122.606852, 45.383342 ], [ -122.606007, 45.382206 ], [ -122.60374, 45.379276 ], [ -122.602187, 45.376975 ], [ -122.60153, 45.373445 ], [ -122.602798, 45.372925 ], [ -122.607802, 45.372342 ], [ -122.61777, 45.375654 ], [ -122.620103, 45.377642 ], [ -122.620703, 45.378642 ], [ -122.620908, 45.380299 ], [ -122.621916, 45.381662 ], [ -122.6225, 45.383798 ], [ -122.624502, 45.389202 ], [ -122.625746, 45.391182 ], [ -122.627604, 45.393105 ], [ -122.630906, 45.394795 ], [ -122.635504, 45.396856 ], [ -122.63679, 45.397693 ], [ -122.637436, 45.39853 ], [ -122.63818, 45.39937 ], [ -122.639957, 45.400356 ], [ -122.641258, 45.401632 ], [ -122.645804, 45.403142 ], [ -122.651106, 45.40613 ], [ -122.648924, 45.407639 ] ] ] ] } },
{ "type": "Feature", "properties": { "GEOID": "41005021801", "average_size": 2.627752176139273 }, "geometry": { "type": "MultiPolygon", "coordinates": [ [ [ [ -122.622653, 45.412507 ], [ -122.613279, 45.418961 ], [ -122.612861, 45.418964 ], [ -122.612196, 45.418813 ], [ -122.607111, 45.415233 ], [ -122.606009, 45.416011 ], [ -122.601136, 45.416147 ], [ -122.59988, 45.41617 ], [ -122.593287, 45.416162 ], [ -122.591639, 45.414419 ], [ -122.59042, 45.410875 ], [ -122.589367, 45.407672 ], [ -122.587929, 45.406508 ], [ -122.585371, 45.404439 ], [ -122.585393, 45.403657 ], [ -122.590752, 45.403661 ], [ -122.591351, 45.403518 ], [ -122.593108, 45.402307 ], [ -122.593372, 45.402126 ], [ -122.594763, 45.401168 ], [ -122.596234, 45.400155 ], [ -122.597016, 45.399616 ], [ -122.599932, 45.397611 ], [ -122.600534, 45.397196 ], [ -122.601327, 45.397796 ], [ -122.603357, 45.399046 ], [ -122.609834, 45.402631 ], [ -122.610578, 45.403203 ], [ -122.612981, 45.405049 ], [ -122.614651, 45.406322 ], [ -122.617416, 45.408152 ], [ -122.619251, 45.409412 ], [ -122.621407, 45.411368 ], [ -122.622653, 45.412507 ] ] ] ] } },
{ "type": "Feature", "properties": { "GEOID": "41005021802", "average_size": 2.1832669322709162 }, "geometry": { "type": "MultiPolygon", "coordinates": [ [ [ [ -122.624514, 45.409521 ], [ -122.621407, 45.411368 ], [ -122.619251, 45.409412 ], [ -122.617416, 45.408152 ], [ -122.614651, 45.406322 ], [ -122.612981, 45.405049 ], [ -122.610578, 45.403203 ], [ -122.609834, 45.402631 ], [ -122.603357, 45.399046 ], [ -122.601327, 45.397796 ], [ -122.600534, 45.397196 ], [ -122.605071, 45.394026 ], [ -122.606165, 45.393654 ], [ -122.612959, 45.391421 ], [ -122.61587, 45.395071 ], [ -122.617072, 45.396639 ], [ -122.617267, 45.396895 ], [ -122.618679, 45.398757 ], [ -122.62093, 45.401721 ], [ -122.626442, 45.40894 ], [ -122.624514, 45.409521 ] ] ] ] } },
{ "type": "Feature", "properties": { "GEOID": "41005021900", "average_size": 2.2005277044854883 }, "geometry": { "type": "MultiPolygon", "coordinates": [ [ [ [ -122.612959, 45.391421 ], [ -122.606165, 45.393654 ], [ -122.603549, 45.391845 ], [ -122.602631, 45.392157 ], [ -122.602054, 45.391424 ], [ -122.601945, 45.391257 ], [ -122.601391, 45.390402 ], [ -122.600813, 45.389518 ], [ -122.600223, 45.388669 ], [ -122.596299, 45.382858 ], [ -122.595869, 45.38221 ], [ -122.59265, 45.378018 ], [ -122.593164, 45.377337 ], [ -122.596153, 45.375164 ], [ -122.599683, 45.374574 ], [ -122.599983, 45.374386 ], [ -122.600349, 45.374123 ], [ -122.601219, 45.37365 ], [ -122.60153, 45.373445 ], [ -122.602187, 45.376975 ], [ -122.60374, 45.379276 ], [ -122.606007, 45.382206 ], [ -122.606852, 45.383342 ], [ -122.608172, 45.385054 ], [ -122.607424, 45.385597 ], [ -122.609623, 45.386982 ], [ -122.612959, 45.391421 ] ] ] ] } },
{ "type": "Feature", "properties": { "GEOID": "41005022000", "average_size": 2.3453397697734868 }, "geometry": { "type": "MultiPolygon", "coordinates": [ [ [ [ -122.605071, 45.394026 ], [ -122.600534, 45.397196 ], [ -122.599932, 45.397611 ], [ -122.597016, 45.399616 ], [ -122.596234, 45.400155 ], [ -122.594763, 45.401168 ], [ -122.593372, 45.402126 ], [ -122.593108, 45.402307 ], [ -122.591351, 45.403518 ], [ -122.590752, 45.403661 ], [ -122.585393, 45.403657 ], [ -122.585462, 45.401205 ], [ -122.585969, 45.399762 ], [ -122.585923, 45.398501 ], [ -122.585549, 45.395634 ], [ -122.583332, 45.392588 ], [ -122.5843, 45.389665 ], [ -122.58273, 45.390538 ], [ -122.579344, 45.391961 ], [ -122.578622, 45.392265 ], [ -122.577207, 45.393025 ], [ -122.576684, 45.393363 ], [ -122.576446, 45.393516 ], [ -122.57584, 45.393211 ], [ -122.576533, 45.391509 ], [ -122.580835, 45.380707 ], [ -122.583321, 45.37915 ], [ -122.584991, 45.378563 ], [ -122.591164, 45.378559 ], [ -122.593164, 45.377337 ], [ -122.59265, 45.378018 ], [ -122.595869, 45.38221 ], [ -122.596299, 45.382858 ], [ -122.600223, 45.388669 ], [ -122.600813, 45.389518 ], [ -122.601391, 45.390402 ], [ -122.601945, 45.391257 ], [ -122.602054, 45.391424 ], [ -122.602631, 45.392157 ], [ -122.603549, 45.391845 ], [ -122.606165, 45.393654 ], [ -122.605071, 45.394026 ] ] ] ] } },
{ "type": "Feature", "properties": { "GEOID": "41005022101", "average_size": 2.551519936833794 }, "geometry": { "type": "MultiPolygon", "coordinates": [ [ [ [ -122.593287, 45.416162 ], [ -122.578798, 45.416117 ], [ -122.581682, 45.421221 ], [ -122.577613, 45.422001 ], [ -122.576295, 45.421821 ], [ -122.57401, 45.414865 ], [ -122.573521, 45.41351 ], [ -122.571433, 45.407454 ], [ -122.571467, 45.40477 ], [ -122.573975, 45.397787 ], [ -122.57584, 45.393211 ], [ -122.576446, 45.393516 ], [ -122.576684, 45.393363 ], [ -122.577207, 45.393025 ], [ -122.578622, 45.392265 ], [ -122.579344, 45.391961 ], [ -122.58273, 45.390538 ], [ -122.5843, 45.389665 ], [ -122.583332, 45.392588 ], [ -122.585549, 45.395634 ], [ -122.585923, 45.398501 ], [ -122.585969, 45.399762 ], [ -122.585462, 45.401205 ], [ -122.585393, 45.403657 ], [ -122.585371, 45.404439 ], [ -122.587929, 45.406508 ], [ -122.589367, 45.407672 ], [ -122.59042, 45.410875 ], [ -122.591639, 45.414419 ], [ -122.593287, 45.416162 ] ] ] ] } },
{ "type": "Feature", "properties": { "GEOID": "41005022105", "average_size": 2.659565916398714 }, "geometry": { "type": "MultiPolygon", "coordinates": [ [ [ [ -122.566296, 45.41316 ], [ -122.565381, 45.413716 ], [ -122.565347, 45.413725 ], [ -122.556715, 45.416005 ], [ -122.556839, 45.416923 ], [ -122.556416, 45.417674 ], [ -122.556953, 45.419085 ], [ -122.556558, 45.419659 ], [ -122.553465, 45.419959 ], [ -122.551151, 45.420189 ], [ -122.547952, 45.420483 ], [ -122.54755, 45.422557 ], [ -122.547462, 45.42302 ], [ -122.547283, 45.423347 ], [ -122.546899, 45.423638 ], [ -122.546563, 45.423803 ], [ -122.546404, 45.423975 ], [ -122.545929, 45.424761 ], [ -122.545637, 45.424964 ], [ -122.545421, 45.425008 ], [ -122.544055, 45.424998 ], [ -122.543206, 45.424982 ], [ -122.538196, 45.424947 ], [ -122.538126, 45.424946 ], [ -122.538137, 45.428938 ], [ -122.535444, 45.427849 ], [ -122.533881, 45.427616 ], [ -122.527727, 45.426791 ], [ -122.527769, 45.419037 ], [ -122.527746, 45.416121 ], [ -122.526772, 45.414043 ], [ -122.524316, 45.412936 ], [ -122.524685, 45.411182 ], [ -122.524728, 45.410373 ], [ -122.52564, 45.410278 ], [ -122.533825, 45.408162 ], [ -122.535489, 45.407918 ], [ -122.55389, 45.407771 ], [ -122.557784, 45.407725 ], [ -122.558588, 45.407602 ], [ -122.558858, 45.410246 ], [ -122.559547, 45.410515 ], [ -122.563931, 45.410576 ], [ -122.565737, 45.410595 ], [ -122.566296, 45.41316 ] ] ] ] } },
{ "type": "Feature", "properties": { "GEOID": "41005022107", "average_size": 2.2366047745358091 }, "geometry": { "type": "MultiPolygon", "coordinates": [ [ [ [ -122.579253, 45.433196 ], [ -122.577499, 45.433162 ], [ -122.566455, 45.4333 ], [ -122.563803, 45.433357 ], [ -122.552474, 45.433748 ], [ -122.548613, 45.433331 ], [ -122.543098, 45.431358 ], [ -122.541578, 45.430643 ], [ -122.538137, 45.428938 ], [ -122.538126, 45.424946 ], [ -122.538196, 45.424947 ], [ -122.543206, 45.424982 ], [ -122.544055, 45.424998 ], [ -122.545421, 45.425008 ], [ -122.545637, 45.424964 ], [ -122.545929, 45.424761 ], [ -122.546404, 45.423975 ], [ -122.546563, 45.423803 ], [ -122.546899, 45.423638 ], [ -122.547283, 45.423347 ], [ -122.547462, 45.42302 ], [ -122.54755, 45.422557 ], [ -122.547952, 45.420483 ], [ -122.551151, 45.420189 ], [ -122.553465, 45.419959 ], [ -122.556558, 45.419659 ], [ -122.556953, 45.419085 ], [ -122.556416, 45.417674 ], [ -122.556839, 45.416923 ], [ -122.556715, 45.416005 ], [ -122.565347, 45.413725 ], [ -122.565381, 45.413716 ], [ -122.566296, 45.41316 ], [ -122.571223, 45.422478 ], [ -122.573934, 45.419081 ], [ -122.574381, 45.417947 ], [ -122.57401, 45.414865 ], [ -122.576295, 45.421821 ], [ -122.578972, 45.429771 ], [ -122.579235, 45.432535 ], [ -122.579253, 45.433196 ] ] ] ] } },
{ "type": "Feature", "properties": { "GEOID": "41005022108", "average_size": 2.4045689019896832 }, "geometry": { "type": "MultiPolygon", "coordinates": [ [ [ [ -122.580835, 45.380707 ], [ -122.576533, 45.391509 ], [ -122.57584, 45.393211 ], [ -122.573975, 45.397787 ], [ -122.571467, 45.40477 ], [ -122.571433, 45.407454 ], [ -122.573521, 45.41351 ], [ -122.57401, 45.414865 ], [ -122.574381, 45.417947 ], [ -122.573934, 45.419081 ], [ -122.571223, 45.422478 ], [ -122.566296, 45.41316 ], [ -122.565737, 45.410595 ], [ -122.563931, 45.410576 ], [ -122.559547, 45.410515 ], [ -122.558858, 45.410246 ], [ -122.558588, 45.407602 ], [ -122.557784, 45.407725 ], [ -122.55389, 45.407771 ], [ -122.535489, 45.407918 ], [ -122.533825, 45.408162 ], [ -122.52564, 45.410278 ], [ -122.524728, 45.410373 ], [ -122.523224, 45.410507 ], [ -122.517501, 45.410104 ], [ -122.517539, 45.409202 ], [ -122.517511, 45.408403 ], [ -122.518517, 45.406498 ], [ -122.521172, 45.403595 ], [ -122.523048, 45.402142 ], [ -122.52452, 45.395009 ], [ -122.525322, 45.395664 ], [ -122.529407, 45.393949 ], [ -122.529419, 45.393133 ], [ -122.532052, 45.393127 ], [ -122.532772, 45.393015 ], [ -122.534845, 45.39234 ], [ -122.537746, 45.392374 ], [ -122.545097, 45.395348 ], [ -122.547324, 45.39763 ], [ -122.55246, 45.399979 ], [ -122.554832, 45.400127 ], [ -122.555731, 45.399337 ], [ -122.556053, 45.398872 ], [ -122.556128, 45.398772 ], [ -122.557281, 45.397732 ], [ -122.561768, 45.396385 ], [ -122.570246, 45.391803 ], [ -122.569675, 45.391779 ], [ -122.572523, 45.390147 ], [ -122.574222, 45.387834 ], [ -122.573798, 45.382261 ], [ -122.574512, 45.380677 ], [ -122.577026, 45.379398 ], [ -122.577565, 45.379756 ], [ -122.579738, 45.380549 ], [ -122.580835, 45.380707 ] ] ] ] } },
{ "type": "Feature", "properties": { "GEOID": "41005022109", "average_size": 2.6169193934557065 }, "geometry": { "type": "MultiPolygon", "coordinates": [ [ [ [ -122.527769, 45.419037 ], [ -122.527727, 45.426791 ], [ -122.524032, 45.426162 ], [ -122.520425, 45.425042 ], [ -122.520108, 45.425021 ], [ -122.519985, 45.424895 ], [ -122.517485, 45.42493 ], [ -122.514921, 45.424872 ], [ -122.512424, 45.424843 ], [ -122.511895, 45.424855 ], [ -122.509699, 45.424863 ], [ -122.507139, 45.425269 ], [ -122.50709, 45.423696 ], [ -122.50705, 45.419107 ], [ -122.511806, 45.419015 ], [ -122.517368, 45.41949 ], [ -122.517421, 45.415482 ], [ -122.517427, 45.415086 ], [ -122.51798, 45.412812 ], [ -122.517501, 45.410104 ], [ -122.523224, 45.410507 ], [ -122.524728, 45.410373 ], [ -122.524685, 45.411182 ], [ -122.524316, 45.412936 ], [ -122.526772, 45.414043 ], [ -122.527746, 45.416121 ], [ -122.527769, 45.419037 ] ] ] ] } },
{ "type": "Feature", "properties": { "GEOID": "41005022110", "average_size": 2.6192609182530795 }, "geometry": { "type": "MultiPolygon", "coordinates": [ [ [ [ -122.51798, 45.412812 ], [ -122.517427, 45.415086 ], [ -122.517421, 45.415482 ], [ -122.517368, 45.41949 ], [ -122.511806, 45.419015 ], [ -122.50705, 45.419107 ], [ -122.50709, 45.423696 ], [ -122.507139, 45.425269 ], [ -122.50363, 45.42666 ], [ -122.501806, 45.426771 ], [ -122.492758, 45.427229 ], [ -122.496681, 45.419857 ], [ -122.497278, 45.419524 ], [ -122.499786, 45.418858 ], [ -122.500809, 45.417584 ], [ -122.500954, 45.417454 ], [ -122.501477, 45.416803 ], [ -122.503122, 45.414837 ], [ -122.502857, 45.414451 ], [ -122.502625, 45.414188 ], [ -122.5037, 45.413319 ], [ -122.505424, 45.412651 ], [ -122.506409, 45.409733 ], [ -122.513825, 45.410102 ], [ -122.517501, 45.410104 ], [ -122.51798, 45.412812 ] ] ] ] } },
{ "type": "Feature", "properties": { "GEOID": "41005022201", "average_size": 2.0630664652567976 }, "geometry": { "type": "MultiPolygon", "coordinates": [ [ [ [ -122.578923, 45.441234 ], [ -122.578899, 45.446965 ], [ -122.578931, 45.449398 ], [ -122.579001, 45.451458 ], [ -122.579025, 45.453157 ], [ -122.57905, 45.461518 ], [ -122.571309, 45.461392 ], [ -122.573049, 45.457387 ], [ -122.573291, 45.454582 ], [ -122.5727, 45.451367 ], [ -122.569874, 45.443255 ], [ -122.569293, 45.441599 ], [ -122.568159, 45.438367 ], [ -122.566455, 45.4333 ], [ -122.577499, 45.433162 ], [ -122.579253, 45.433196 ], [ -122.578923, 45.441234 ] ] ] ] } },
{ "type": "Feature", "properties": { "GEOID": "41005022205", "average_size": 2.3563862928348911 }, "geometry": { "type": "MultiPolygon", "coordinates": [ [ [ [ -122.569293, 45.441599 ], [ -122.568153, 45.441585 ], [ -122.568021, 45.441608 ], [ -122.563972, 45.441553 ], [ -122.563817, 45.441492 ], [ -122.558974, 45.441529 ], [ -122.555085, 45.44016 ], [ -122.548594, 45.439752 ], [ -122.547569, 45.439749 ], [ -122.543181, 45.439749 ], [ -122.540838, 45.441743 ], [ -122.537426, 45.44195 ], [ -122.537381, 45.445828 ], [ -122.536948, 45.446118 ], [ -122.534718, 45.449327 ], [ -122.532377, 45.447074 ], [ -122.530923, 45.44695 ], [ -122.530865, 45.443737 ], [ -122.532055, 45.44248 ], [ -122.533853, 45.439839 ], [ -122.537972, 45.435755 ], [ -122.538054, 45.434146 ], [ -122.538068, 45.433182 ], [ -122.538101, 45.431983 ], [ -122.538137, 45.428938 ], [ -122.541578, 45.430643 ], [ -122.543098, 45.431358 ], [ -122.548613, 45.433331 ], [ -122.552474, 45.433748 ], [ -122.563803, 45.433357 ], [ -122.566455, 45.4333 ], [ -122.568159, 45.438367 ], [ -122.569293, 45.441599 ] ] ] ] } },
{ "type": "Feature", "properties": { "GEOID": "41005022206", "average_size": 2.5657096643752526 }, "geometry": { "type": "MultiPolygon", "coordinates": [ [ [ [ -122.573049, 45.457387 ], [ -122.571309, 45.461392 ], [ -122.570126, 45.46138 ], [ -122.568617, 45.461365 ], [ -122.565483, 45.461307 ], [ -122.558255, 45.461062 ], [ -122.55301, 45.461053 ], [ -122.548002, 45.461045 ], [ -122.547638, 45.461058 ], [ -122.547138, 45.460937 ], [ -122.543627, 45.459973 ], [ -122.541789, 45.458188 ], [ -122.540824, 45.456571 ], [ -122.539271, 45.453569 ], [ -122.538459, 45.451987 ], [ -122.534718, 45.449327 ], [ -122.536948, 45.446118 ], [ -122.537381, 45.445828 ], [ -122.537426, 45.44195 ], [ -122.540838, 45.441743 ], [ -122.543181, 45.439749 ], [ -122.547569, 45.439749 ], [ -122.548594, 45.439752 ], [ -122.555085, 45.44016 ], [ -122.558974, 45.441529 ], [ -122.563817, 45.441492 ], [ -122.563972, 45.441553 ], [ -122.568021, 45.441608 ], [ -122.568153, 45.441585 ], [ -122.569293, 45.441599 ], [ -122.569874, 45.443255 ], [ -122.5727, 45.451367 ], [ -122.573291, 45.454582 ], [ -122.573049, 45.457387 ] ] ] ] } },
{ "type": "Feature", "properties": { "GEOID": "41005022207", "average_size": 3.0004468275245757 }, "geometry": { "type": "MultiPolygon", "coordinates": [ [ [ [ -122.538101, 45.431983 ], [ -122.538068, 45.433182 ], [ -122.538054, 45.434146 ], [ -122.537972, 45.435755 ], [ -122.533853, 45.439839 ], [ -122.532055, 45.44248 ], [ -122.530865, 45.443737 ], [ -122.530923, 45.44695 ], [ -122.524737, 45.446906 ], [ -122.514617, 45.446778 ], [ -122.51482, 45.443357 ], [ -122.512139, 45.441221 ], [ -122.512176, 45.437335 ], [ -122.512369, 45.43414 ], [ -122.512363, 45.427661 ], [ -122.511895, 45.424855 ], [ -122.512424, 45.424843 ], [ -122.514921, 45.424872 ], [ -122.517485, 45.42493 ], [ -122.519985, 45.424895 ], [ -122.520108, 45.425021 ], [ -122.520425, 45.425042 ], [ -122.524032, 45.426162 ], [ -122.527727, 45.426791 ], [ -122.533881, 45.427616 ], [ -122.535444, 45.427849 ], [ -122.538137, 45.428938 ], [ -122.538101, 45.431983 ] ] ] ] } },
{ "type": "Feature", "properties": { "GEOID": "41005022208", "average_size": 2.9579455360220615 }, "geometry": { "type": "MultiPolygon", "coordinates": [ [ [ [ -122.547638, 45.461058 ], [ -122.537618, 45.461353 ], [ -122.532488, 45.461318 ], [ -122.530085, 45.461296 ], [ -122.527468, 45.461273 ], [ -122.517067, 45.461262 ], [ -122.514243, 45.46126 ], [ -122.510439, 45.461256 ], [ -122.507261, 45.461252 ], [ -122.504364, 45.461187 ], [ -122.501787, 45.461107 ], [ -122.501043, 45.46107 ], [ -122.499336, 45.461028 ], [ -122.496748, 45.460982 ], [ -122.486584, 45.461132 ], [ -122.486521, 45.460115 ], [ -122.486541, 45.458805 ], [ -122.486492, 45.453458 ], [ -122.485719, 45.452093 ], [ -122.485697, 45.446627 ], [ -122.485771, 45.43582 ], [ -122.485745, 45.426259 ], [ -122.49102, 45.42717 ], [ -122.492758, 45.427229 ], [ -122.501806, 45.426771 ], [ -122.50363, 45.42666 ], [ -122.507139, 45.425269 ], [ -122.509699, 45.424863 ], [ -122.511895, 45.424855 ], [ -122.512363, 45.427661 ], [ -122.512369, 45.43414 ], [ -122.512176, 45.437335 ], [ -122.512139, 45.441221 ], [ -122.51482, 45.443357 ], [ -122.514617, 45.446778 ], [ -122.524737, 45.446906 ], [ -122.530923, 45.44695 ], [ -122.532377, 45.447074 ], [ -122.534718, 45.449327 ], [ -122.538459, 45.451987 ], [ -122.539271, 45.453569 ], [ -122.540824, 45.456571 ], [ -122.541789, 45.458188 ], [ -122.543627, 45.459973 ], [ -122.547138, 45.460937 ], [ -122.547638, 45.461058 ] ] ] ] } },
{ "type": "Feature", "properties": { "GEOID": "41005022301", "average_size": 2.3974430239021678 }, "geometry": { "type": "MultiPolygon", "coordinates": [ [ [ [ -122.607802, 45.372342 ], [ -122.602798, 45.372925 ], [ -122.60153, 45.373445 ], [ -122.601219, 45.37365 ], [ -122.600349, 45.374123 ], [ -122.599983, 45.374386 ], [ -122.599683, 45.374574 ], [ -122.596153, 45.375164 ], [ -122.593164, 45.377337 ], [ -122.591164, 45.378559 ], [ -122.584991, 45.378563 ], [ -122.583321, 45.37915 ], [ -122.580835, 45.380707 ], [ -122.579738, 45.380549 ], [ -122.577565, 45.379756 ], [ -122.577026, 45.379398 ], [ -122.574512, 45.380677 ], [ -122.573798, 45.382261 ], [ -122.574222, 45.387834 ], [ -122.572523, 45.390147 ], [ -122.569675, 45.391779 ], [ -122.570246, 45.391803 ], [ -122.561768, 45.396385 ], [ -122.557281, 45.397732 ], [ -122.556128, 45.398772 ], [ -122.556053, 45.398872 ], [ -122.555731, 45.399337 ], [ -122.554832, 45.400127 ], [ -122.55246, 45.399979 ], [ -122.547324, 45.39763 ], [ -122.545097, 45.395348 ], [ -122.537746, 45.392374 ], [ -122.534845, 45.39234 ], [ -122.532772, 45.393015 ], [ -122.532052, 45.393127 ], [ -122.529419, 45.393133 ], [ -122.529407, 45.393949 ], [ -122.525322, 45.395664 ], [ -122.52452, 45.395009 ], [ -122.523048, 45.402142 ], [ -122.521172, 45.403595 ], [ -122.518517, 45.406498 ], [ -122.517511, 45.408403 ], [ -122.516006, 45.409546 ], [ -122.513788, 45.409314 ], [ -122.511208, 45.406965 ], [ -122.507488, 45.400643 ], [ -122.505721, 45.398763 ], [ -122.504097, 45.396495 ], [ -122.50203, 45.395014 ], [ -122.497536, 45.392916 ], [ -122.497336, 45.392828 ], [ -122.497592, 45.392342 ], [ -122.495134, 45.390606 ], [ -122.496569, 45.388651 ], [ -122.501004, 45.387013 ], [ -122.505274, 45.386387 ], [ -122.510693, 45.387058 ], [ -122.513149, 45.385923 ], [ -122.513511, 45.385839 ], [ -122.513678, 45.385698 ], [ -122.513861, 45.385474 ], [ -122.514183, 45.385298 ], [ -122.5146, 45.385142 ], [ -122.514889, 45.385055 ], [ -122.517403, 45.38499 ], [ -122.517522, 45.375184 ], [ -122.517573, 45.369254 ], [ -122.522949, 45.367043 ], [ -122.531561, 45.364894 ], [ -122.539345, 45.368512 ], [ -122.548176, 45.368002 ], [ -122.552931, 45.369044 ], [ -122.553146, 45.369094 ], [ -122.566078, 45.37256 ], [ -122.56784, 45.372615 ], [ -122.572634, 45.369777 ], [ -122.573181, 45.365534 ], [ -122.577761, 45.365556 ], [ -122.579184, 45.366478 ], [ -122.583175, 45.36459 ], [ -122.583819, 45.364285 ], [ -122.584565, 45.363939 ], [ -122.585232, 45.363644 ], [ -122.587015, 45.364543 ], [ -122.590399, 45.363331 ], [ -122.596379, 45.363854 ], [ -122.597679, 45.364056 ], [ -122.60101, 45.364105 ], [ -122.601523, 45.365079 ], [ -122.602976, 45.36489 ], [ -122.60279, 45.365817 ], [ -122.606429, 45.371309 ], [ -122.607802, 45.372342 ] ] ] ] } },
{ "type": "Feature", "properties": { "GEOID": "41005022302", "average_size": 2.8101207056638811 }, "geometry": { "type": "MultiPolygon", "coordinates": [ [ [ [ -122.596379, 45.363854 ], [ -122.590399, 45.363331 ], [ -122.587015, 45.364543 ], [ -122.585232, 45.363644 ], [ -122.584565, 45.363939 ], [ -122.583819, 45.364285 ], [ -122.583175, 45.36459 ], [ -122.579184, 45.366478 ], [ -122.577761, 45.365556 ], [ -122.573181, 45.365534 ], [ -122.572634, 45.369777 ], [ -122.56784, 45.372615 ], [ -122.566078, 45.37256 ], [ -122.553146, 45.369094 ], [ -122.552931, 45.369044 ], [ -122.548176, 45.368002 ], [ -122.539345, 45.368512 ], [ -122.531561, 45.364894 ], [ -122.522949, 45.367043 ], [ -122.517573, 45.369254 ], [ -122.517641, 45.355281 ], [ -122.521207, 45.35292 ], [ -122.522624, 45.351201 ], [ -122.522838, 45.348742 ], [ -122.528952, 45.348605 ], [ -122.528098, 45.345688 ], [ -122.527808, 45.336453 ], [ -122.526574, 45.335682 ], [ -122.528777, 45.335043 ], [ -122.528241, 45.33477 ], [ -122.527619, 45.334693 ], [ -122.527496, 45.332016 ], [ -122.52776, 45.331268 ], [ -122.534457, 45.331709 ], [ -122.536466, 45.331333 ], [ -122.543458, 45.331262 ], [ -122.544606, 45.330779 ], [ -122.545928, 45.330471 ], [ -122.552409, 45.330849 ], [ -122.554675, 45.331424 ], [ -122.562514, 45.331269 ], [ -122.563946, 45.331278 ], [ -122.571287, 45.331293 ], [ -122.572001, 45.331054 ], [ -122.573353, 45.331606 ], [ -122.584938, 45.333248 ], [ -122.578053, 45.336278 ], [ -122.577422, 45.336704 ], [ -122.576692, 45.337188 ], [ -122.580185, 45.341843 ], [ -122.579712, 45.348572 ], [ -122.580139, 45.349728 ], [ -122.579149, 45.350928 ], [ -122.577354, 45.352638 ], [ -122.579727, 45.354881 ], [ -122.579605, 45.360111 ], [ -122.58151, 45.360106 ], [ -122.584098, 45.360163 ], [ -122.585367, 45.361816 ], [ -122.586754, 45.363155 ], [ -122.589844, 45.362408 ], [ -122.595543, 45.363163 ], [ -122.597316, 45.362341 ], [ -122.596379, 45.363854 ] ] ] ] } },
{ "type": "Feature", "properties": { "GEOID": "41005022400", "average_size": 2.1566871852266369 }, "geometry": { "type": "MultiPolygon", "coordinates": [ [ [ [ -122.613368, 45.355955 ], [ -122.611309, 45.358266 ], [ -122.609363, 45.358772 ], [ -122.605008, 45.362355 ], [ -122.602976, 45.36489 ], [ -122.601523, 45.365079 ], [ -122.60101, 45.364105 ], [ -122.597679, 45.364056 ], [ -122.596379, 45.363854 ], [ -122.597316, 45.362341 ], [ -122.595543, 45.363163 ], [ -122.589844, 45.362408 ], [ -122.586754, 45.363155 ], [ -122.585367, 45.361816 ], [ -122.584098, 45.360163 ], [ -122.58151, 45.360106 ], [ -122.579605, 45.360111 ], [ -122.579727, 45.354881 ], [ -122.577354, 45.352638 ], [ -122.579149, 45.350928 ], [ -122.579952, 45.352328 ], [ -122.582378, 45.352367 ], [ -122.584495, 45.352748 ], [ -122.585236, 45.352905 ], [ -122.587132, 45.352766 ], [ -122.588455, 45.352815 ], [ -122.588483, 45.352492 ], [ -122.591167, 45.351658 ], [ -122.591224, 45.351659 ], [ -122.594275, 45.351684 ], [ -122.599364, 45.351722 ], [ -122.600641, 45.353019 ], [ -122.601382, 45.352272 ], [ -122.604526, 45.35056 ], [ -122.607797, 45.351084 ], [ -122.609475, 45.3502 ], [ -122.613344, 45.351469 ], [ -122.619453, 45.351108 ], [ -122.613368, 45.355955 ] ] ] ] } },
{ "type": "Feature", "properties": { "GEOID": "41005022501", "average_size": 2.4723825226710634 }, "geometry": { "type": "MultiPolygon", "coordinates": [ [ [ [ -122.627367, 45.347232 ], [ -122.619453, 45.351108 ], [ -122.613344, 45.351469 ], [ -122.609475, 45.3502 ], [ -122.607797, 45.351084 ], [ -122.604526, 45.35056 ], [ -122.601382, 45.352272 ], [ -122.60069, 45.349998 ], [ -122.601669, 45.349035 ], [ -122.602742, 45.347599 ], [ -122.603188, 45.347211 ], [ -122.604884, 45.344577 ], [ -122.604948, 45.336422 ], [ -122.606813, 45.337406 ], [ -122.613429, 45.337369 ], [ -122.622899, 45.337304 ], [ -122.622736, 45.342942 ], [ -122.61732, 45.345037 ], [ -122.616953, 45.347164 ], [ -122.617438, 45.346037 ], [ -122.620987, 45.345103 ], [ -122.6206, 45.346675 ], [ -122.623672, 45.346039 ], [ -122.624213, 45.347249 ], [ -122.626912, 45.346214 ], [ -122.627367, 45.347232 ] ] ] ] } },
{ "type": "Feature", "properties": { "GEOID": "41005022502", "average_size": 2.3066202090592336 }, "geometry": { "type": "MultiPolygon", "coordinates": [ [ [ [ -122.604884, 45.344577 ], [ -122.603188, 45.347211 ], [ -122.602742, 45.347599 ], [ -122.601669, 45.349035 ], [ -122.60069, 45.349998 ], [ -122.601382, 45.352272 ], [ -122.600641, 45.353019 ], [ -122.599364, 45.351722 ], [ -122.594275, 45.351684 ], [ -122.591224, 45.351659 ], [ -122.591167, 45.351658 ], [ -122.588483, 45.352492 ], [ -122.588455, 45.352815 ], [ -122.587132, 45.352766 ], [ -122.585236, 45.352905 ], [ -122.584495, 45.352748 ], [ -122.582378, 45.352367 ], [ -122.579952, 45.352328 ], [ -122.579149, 45.350928 ], [ -122.580139, 45.349728 ], [ -122.579712, 45.348572 ], [ -122.580185, 45.341843 ], [ -122.576692, 45.337188 ], [ -122.577422, 45.336704 ], [ -122.578053, 45.336278 ], [ -122.584938, 45.333248 ], [ -122.585467, 45.333382 ], [ -122.589349, 45.334912 ], [ -122.590611, 45.336551 ], [ -122.604948, 45.336422 ], [ -122.604884, 45.344577 ] ] ] ] } },
{ "type": "Feature", "properties": { "GEOID": "41005022602", "average_size": 2.6490184414039262 }, "geometry": { "type": "MultiPolygon", "coordinates": [ [ [ [ -122.666291, 45.305698 ], [ -122.664761, 45.309584 ], [ -122.663875, 45.313916 ], [ -122.664935, 45.315366 ], [ -122.665594, 45.318895 ], [ -122.663692, 45.319957 ], [ -122.662451, 45.323554 ], [ -122.659123, 45.329186 ], [ -122.658115, 45.330338 ], [ -122.650883, 45.336738 ], [ -122.648105, 45.337779 ], [ -122.647499, 45.337674 ], [ -122.635483, 45.343897 ], [ -122.630482, 45.346176 ], [ -122.629271, 45.346914 ], [ -122.627367, 45.347232 ], [ -122.626912, 45.346214 ], [ -122.624213, 45.347249 ], [ -122.623672, 45.346039 ], [ -122.6206, 45.346675 ], [ -122.620987, 45.345103 ], [ -122.617438, 45.346037 ], [ -122.616953, 45.347164 ], [ -122.61732, 45.345037 ], [ -122.622736, 45.342942 ], [ -122.622899, 45.337304 ], [ -122.622849, 45.334091 ], [ -122.626042, 45.331417 ], [ -122.61841, 45.326612 ], [ -122.621357, 45.324333 ], [ -122.622503, 45.323418 ], [ -122.626667, 45.32024 ], [ -122.626734, 45.320188 ], [ -122.627546, 45.319561 ], [ -122.625943, 45.317212 ], [ -122.626953, 45.313052 ], [ -122.626133, 45.309668 ], [ -122.626096, 45.306716 ], [ -122.628021, 45.305969 ], [ -122.630714, 45.305893 ], [ -122.63192, 45.307518 ], [ -122.637192, 45.308228 ], [ -122.63887, 45.306496 ], [ -122.638718, 45.303692 ], [ -122.637527, 45.302029 ], [ -122.641769, 45.301697 ], [ -122.644455, 45.299889 ], [ -122.649551, 45.298882 ], [ -122.654579, 45.299691 ], [ -122.655462, 45.298891 ], [ -122.656914, 45.299778 ], [ -122.658494, 45.297969 ], [ -122.659176, 45.297777 ], [ -122.660499, 45.296595 ], [ -122.660467, 45.297811 ], [ -122.665699, 45.304162 ], [ -122.666291, 45.305698 ] ] ] ] } },
{ "type": "Feature", "properties": { "GEOID": "41005022603", "average_size": 2.600435097897027 }, "geometry": { "type": "MultiPolygon", "coordinates": [ [ [ [ -122.589349, 45.334912 ], [ -122.585467, 45.333382 ], [ -122.584938, 45.333248 ], [ -122.573353, 45.331606 ], [ -122.572001, 45.331054 ], [ -122.570627, 45.330219 ], [ -122.554311, 45.316812 ], [ -122.552172, 45.315045 ], [ -122.549995, 45.313251 ], [ -122.547225, 45.309588 ], [ -122.555559, 45.309307 ], [ -122.568678, 45.309363 ], [ -122.570616, 45.311939 ], [ -122.570977, 45.312419 ], [ -122.571296, 45.312843 ], [ -122.574466, 45.316803 ], [ -122.577375, 45.32037 ], [ -122.578945, 45.32362 ], [ -122.58171, 45.325638 ], [ -122.586293, 45.331255 ], [ -122.589349, 45.334912 ] ] ] ] } },
{ "type": "Feature", "properties": { "GEOID": "41005022605", "average_size": 2.8183113644460276 }, "geometry": { "type": "MultiPolygon", "coordinates": [ [ [ [ -122.60911, 45.323097 ], [ -122.608554, 45.323507 ], [ -122.6025, 45.328036 ], [ -122.603756, 45.332362 ], [ -122.604948, 45.336422 ], [ -122.590611, 45.336551 ], [ -122.589349, 45.334912 ], [ -122.586293, 45.331255 ], [ -122.58171, 45.325638 ], [ -122.578945, 45.32362 ], [ -122.577375, 45.32037 ], [ -122.574466, 45.316803 ], [ -122.571296, 45.312843 ], [ -122.570977, 45.312419 ], [ -122.570616, 45.311939 ], [ -122.568678, 45.309363 ], [ -122.565827, 45.305539 ], [ -122.564937, 45.303892 ], [ -122.568268, 45.302555 ], [ -122.572311, 45.305584 ], [ -122.572451, 45.307069 ], [ -122.572716, 45.30743 ], [ -122.573174, 45.307537 ], [ -122.574043, 45.308178 ], [ -122.574249, 45.308411 ], [ -122.574435, 45.308758 ], [ -122.574814, 45.309467 ], [ -122.576111, 45.310112 ], [ -122.577965, 45.310429 ], [ -122.579391, 45.310387 ], [ -122.580261, 45.310524 ], [ -122.581955, 45.309898 ], [ -122.582283, 45.30925 ], [ -122.582976, 45.308952 ], [ -122.585953, 45.308388 ], [ -122.58638, 45.308891 ], [ -122.588104, 45.309128 ], [ -122.588959, 45.308537 ], [ -122.589409, 45.308975 ], [ -122.590431, 45.308727 ], [ -122.592034, 45.308858 ], [ -122.593834, 45.309067 ], [ -122.595284, 45.308422 ], [ -122.595567, 45.308328 ], [ -122.596733, 45.307816 ], [ -122.59771, 45.307575 ], [ -122.598427, 45.307354 ], [ -122.59893, 45.307323 ], [ -122.599869, 45.307613 ], [ -122.600103, 45.30758 ], [ -122.600939, 45.308481 ], [ -122.602034, 45.309903 ], [ -122.604781, 45.313011 ], [ -122.6035, 45.316816 ], [ -122.602706, 45.318209 ], [ -122.603208, 45.318586 ], [ -122.603263, 45.318634 ], [ -122.606797, 45.320979 ], [ -122.608554, 45.322152 ], [ -122.60911, 45.323097 ] ] ] ] } },
{ "type": "Feature", "properties": { "GEOID": "41005022606", "average_size": 2.8759652509652511 }, "geometry": { "type": "MultiPolygon", "coordinates": [ [ [ [ -122.626734, 45.320188 ], [ -122.626667, 45.32024 ], [ -122.622503, 45.323418 ], [ -122.621357, 45.324333 ], [ -122.61841, 45.326612 ], [ -122.626042, 45.331417 ], [ -122.622849, 45.334091 ], [ -122.622899, 45.337304 ], [ -122.613429, 45.337369 ], [ -122.606813, 45.337406 ], [ -122.604948, 45.336422 ], [ -122.603756, 45.332362 ], [ -122.6025, 45.328036 ], [ -122.608554, 45.323507 ], [ -122.60911, 45.323097 ], [ -122.608554, 45.322152 ], [ -122.606797, 45.320979 ], [ -122.603263, 45.318634 ], [ -122.603208, 45.318586 ], [ -122.602706, 45.318209 ], [ -122.6035, 45.316816 ], [ -122.604781, 45.313011 ], [ -122.602034, 45.309903 ], [ -122.600939, 45.308481 ], [ -122.600103, 45.30758 ], [ -122.605598, 45.30748 ], [ -122.607521, 45.308945 ], [ -122.608994, 45.308998 ], [ -122.61113, 45.307899 ], [ -122.61161, 45.308514 ], [ -122.615295, 45.306297 ], [ -122.618004, 45.306759 ], [ -122.61808, 45.305283 ], [ -122.62043, 45.304729 ], [ -122.622223, 45.305573 ], [ -122.624672, 45.305691 ], [ -122.626096, 45.306716 ], [ -122.626133, 45.309668 ], [ -122.626953, 45.313052 ], [ -122.625943, 45.317212 ], [ -122.627546, 45.319561 ], [ -122.626734, 45.320188 ] ] ] ] } },
{ "type": "Feature", "properties": { "GEOID": "41005022702", "average_size": 2.634224172317511 }, "geometry": { "type": "MultiPolygon", "coordinates": [ [ [ [ -122.743933, 45.375538 ], [ -122.743922, 45.377431 ], [ -122.743915, 45.381513 ], [ -122.743919, 45.386122 ], [ -122.73506, 45.383692 ], [ -122.728551, 45.383129 ], [ -122.727339, 45.382925 ], [ -122.722974, 45.382597 ], [ -122.722087, 45.382342 ], [ -122.722069, 45.382757 ], [ -122.721687, 45.382682 ], [ -122.721413, 45.382614 ], [ -122.720377, 45.382421 ], [ -122.714201, 45.382891 ], [ -122.710976, 45.383755 ], [ -122.706729, 45.381386 ], [ -122.704247, 45.381802 ], [ -122.697715, 45.379671 ], [ -122.697113, 45.379314 ], [ -122.696953, 45.379089 ], [ -122.696983, 45.376099 ], [ -122.695786, 45.372276 ], [ -122.692719, 45.37056 ], [ -122.687525, 45.366797 ], [ -122.684242, 45.363102 ], [ -122.68409, 45.360947 ], [ -122.685638, 45.3605 ], [ -122.686485, 45.358822 ], [ -122.684547, 45.356674 ], [ -122.681618, 45.356308 ], [ -122.679626, 45.357063 ], [ -122.677254, 45.358841 ], [ -122.672813, 45.358505 ], [ -122.669792, 45.359001 ], [ -122.66922, 45.358688 ], [ -122.669975, 45.35498 ], [ -122.669608, 45.353424 ], [ -122.669449, 45.351678 ], [ -122.674995, 45.352391 ], [ -122.677083, 45.350238 ], [ -122.676865, 45.347637 ], [ -122.672966, 45.34668 ], [ -122.66925, 45.343502 ], [ -122.663734, 45.340645 ], [ -122.6623, 45.341026 ], [ -122.654442, 45.339692 ], [ -122.653114, 45.338905 ], [ -122.648105, 45.337779 ], [ -122.650883, 45.336738 ], [ -122.658115, 45.330338 ], [ -122.659123, 45.329186 ], [ -122.662451, 45.323554 ], [ -122.663692, 45.319957 ], [ -122.665594, 45.318895 ], [ -122.664935, 45.315366 ], [ -122.663875, 45.313916 ], [ -122.664761, 45.309584 ], [ -122.666291, 45.305698 ], [ -122.665699, 45.304162 ], [ -122.660467, 45.297811 ], [ -122.660499, 45.296595 ], [ -122.660195, 45.292915 ], [ -122.660659, 45.290419 ], [ -122.663558, 45.285721 ], [ -122.664865, 45.284835 ], [ -122.667434, 45.28486 ], [ -122.675466, 45.289163 ], [ -122.679766, 45.291468 ], [ -122.682376, 45.294135 ], [ -122.685267, 45.298834 ], [ -122.688371, 45.299906 ], [ -122.69282, 45.30029 ], [ -122.695764, 45.299874 ], [ -122.7049, 45.296354 ], [ -122.708468, 45.296146 ], [ -122.713732, 45.297026 ], [ -122.717769, 45.299067 ], [ -122.718116, 45.299266 ], [ -122.721764, 45.302002 ], [ -122.723188, 45.302626 ], [ -122.727412, 45.302962 ], [ -122.738405, 45.301362 ], [ -122.7385, 45.302456 ], [ -122.738135, 45.311167 ], [ -122.738141, 45.313043 ], [ -122.738115, 45.317509 ], [ -122.741144, 45.317522 ], [ -122.742933, 45.317529 ], [ -122.74375, 45.317548 ], [ -122.743762, 45.322302 ], [ -122.743757, 45.324829 ], [ -122.743741, 45.332067 ], [ -122.743868, 45.346587 ], [ -122.743811, 45.353992 ], [ -122.743798, 45.355871 ], [ -122.743856, 45.359577 ], [ -122.743923, 45.371751 ], [ -122.743923, 45.372181 ], [ -122.743933, 45.375538 ] ] ] ] } },
{ "type": "Feature", "properties": { "GEOID": "41005022707", "average_size": 2.4529942047649711 }, "geometry": { "type": "MultiPolygon", "coordinates": [ [ [ [ -122.846494, 45.34595 ], [ -122.843407, 45.346154 ], [ -122.842499, 45.346133 ], [ -122.825967, 45.346249 ], [ -122.82066, 45.346233 ], [ -122.807188, 45.346276 ], [ -122.805556, 45.34566 ], [ -122.80547, 45.331772 ], [ -122.787507, 45.33182 ], [ -122.786266, 45.33182 ], [ -122.784896, 45.331825 ], [ -122.769123, 45.331909 ], [ -122.769125, 45.317465 ], [ -122.769117, 45.310142 ], [ -122.769106, 45.302953 ], [ -122.774493, 45.302931 ], [ -122.775166, 45.302987 ], [ -122.784446, 45.302926 ], [ -122.793897, 45.298157 ], [ -122.797694, 45.296878 ], [ -122.798361, 45.296647 ], [ -122.803356, 45.295192 ], [ -122.80407, 45.293879 ], [ -122.805307, 45.296345 ], [ -122.80839, 45.298168 ], [ -122.809246, 45.2996 ], [ -122.809661, 45.301582 ], [ -122.809014, 45.302787 ], [ -122.807123, 45.303943 ], [ -122.806454, 45.304539 ], [ -122.804467, 45.306427 ], [ -122.802883, 45.309781 ], [ -122.801705, 45.312871 ], [ -122.799726, 45.31732 ], [ -122.799832, 45.317321 ], [ -122.801648, 45.317456 ], [ -122.805515, 45.320902 ], [ -122.805634, 45.324488 ], [ -122.83368, 45.324584 ], [ -122.833694, 45.328087 ], [ -122.845101, 45.328003 ], [ -122.846485, 45.328151 ], [ -122.846494, 45.34595 ] ] ] ] } },
{ "type": "Feature", "properties": { "GEOID": "41005022708", "average_size": 2.6520833333333331 }, "geometry": { "type": "MultiPolygon", "coordinates": [ [ [ [ -122.867891, 45.317345 ], [ -122.857175, 45.317273 ], [ -122.851912, 45.317228 ], [ -122.846503, 45.317192 ], [ -122.846485, 45.328151 ], [ -122.845101, 45.328003 ], [ -122.833694, 45.328087 ], [ -122.83368, 45.324584 ], [ -122.805634, 45.324488 ], [ -122.805515, 45.320902 ], [ -122.801648, 45.317456 ], [ -122.799832, 45.317321 ], [ -122.799726, 45.31732 ], [ -122.801705, 45.312871 ], [ -122.802883, 45.309781 ], [ -122.804467, 45.306427 ], [ -122.806454, 45.304539 ], [ -122.807123, 45.303943 ], [ -122.809014, 45.302787 ], [ -122.809661, 45.301582 ], [ -122.809246, 45.2996 ], [ -122.80839, 45.298168 ], [ -122.805307, 45.296345 ], [ -122.80407, 45.293879 ], [ -122.803356, 45.295192 ], [ -122.798361, 45.296647 ], [ -122.797694, 45.296878 ], [ -122.793897, 45.298157 ], [ -122.784446, 45.302926 ], [ -122.775166, 45.302987 ], [ -122.774493, 45.302931 ], [ -122.769106, 45.302953 ], [ -122.769275, 45.2918 ], [ -122.772052, 45.29199 ], [ -122.776427, 45.292913 ], [ -122.781366, 45.293233 ], [ -122.788678, 45.292001 ], [ -122.790582, 45.291409 ], [ -122.795658, 45.28879 ], [ -122.797782, 45.287585 ], [ -122.800634, 45.286517 ], [ -122.806534, 45.283873 ], [ -122.813431, 45.282241 ], [ -122.818871, 45.281185 ], [ -122.825431, 45.280321 ], [ -122.829063, 45.279073 ], [ -122.833147, 45.276361 ], [ -122.833767, 45.275777 ], [ -122.834576, 45.274058 ], [ -122.834765, 45.273822 ], [ -122.837929, 45.26955 ], [ -122.842326, 45.265657 ], [ -122.846224, 45.261773 ], [ -122.84674, 45.261388 ], [ -122.849872, 45.259717 ], [ -122.849925, 45.259697 ], [ -122.868073, 45.259695 ], [ -122.867891, 45.317345 ] ] ] ] } },
{ "type": "Feature", "properties": { "GEOID": "41005022710", "average_size": 2.0630417651694248 }, "geometry": { "type": "MultiPolygon", "coordinates": [ [ [ [ -122.769106, 45.302953 ], [ -122.760306, 45.303009 ], [ -122.757642, 45.303162 ], [ -122.756134, 45.303151 ], [ -122.75267, 45.30319 ], [ -122.750397, 45.304386 ], [ -122.749154, 45.307536 ], [ -122.748211, 45.310375 ], [ -122.743791, 45.316919 ], [ -122.74375, 45.317548 ], [ -122.742933, 45.317529 ], [ -122.741144, 45.317522 ], [ -122.738115, 45.317509 ], [ -122.738141, 45.313043 ], [ -122.738135, 45.311167 ], [ -122.7385, 45.302456 ], [ -122.738405, 45.301362 ], [ -122.743805, 45.300309 ], [ -122.752252, 45.296962 ], [ -122.754358, 45.295746 ], [ -122.762145, 45.292241 ], [ -122.762206, 45.292229 ], [ -122.766366, 45.291516 ], [ -122.768686, 45.29151 ], [ -122.769275, 45.2918 ], [ -122.769106, 45.302953 ] ] ] ] } },
{ "type": "Feature", "properties": { "GEOID": "41005022800", "average_size": 1.9849699398797596 }, "geometry": { "type": "MultiPolygon", "coordinates": [ [ [ [ -122.833767, 45.275777 ], [ -122.833147, 45.276361 ], [ -122.829063, 45.279073 ], [ -122.825431, 45.280321 ], [ -122.818871, 45.281185 ], [ -122.813431, 45.282241 ], [ -122.806534, 45.283873 ], [ -122.800634, 45.286517 ], [ -122.797782, 45.287585 ], [ -122.795658, 45.28879 ], [ -122.790582, 45.291409 ], [ -122.788678, 45.292001 ], [ -122.781366, 45.293233 ], [ -122.776427, 45.292913 ], [ -122.772052, 45.29199 ], [ -122.769275, 45.2918 ], [ -122.768686, 45.29151 ], [ -122.766366, 45.291516 ], [ -122.762206, 45.292229 ], [ -122.762145, 45.292241 ], [ -122.754358, 45.295746 ], [ -122.752252, 45.296962 ], [ -122.743805, 45.300309 ], [ -122.738405, 45.301362 ], [ -122.727412, 45.302962 ], [ -122.723188, 45.302626 ], [ -122.721764, 45.302002 ], [ -122.718116, 45.299266 ], [ -122.717769, 45.299067 ], [ -122.719996, 45.298337 ], [ -122.719206, 45.295226 ], [ -122.719527, 45.294529 ], [ -122.723236, 45.291202 ], [ -122.717751, 45.287949 ], [ -122.716108, 45.284754 ], [ -122.714983, 45.284056 ], [ -122.714522, 45.281936 ], [ -122.709915, 45.279446 ], [ -122.709996, 45.273938 ], [ -122.710609, 45.269684 ], [ -122.710464, 45.267281 ], [ -122.710243, 45.265354 ], [ -122.7145, 45.263145 ], [ -122.713318, 45.260288 ], [ -122.707875, 45.255479 ], [ -122.707808, 45.255424 ], [ -122.707742, 45.255368 ], [ -122.705887, 45.254234 ], [ -122.705604, 45.252535 ], [ -122.705177, 45.2505 ], [ -122.704357, 45.248602 ], [ -122.704506, 45.247971 ], [ -122.70842, 45.246803 ], [ -122.709167, 45.245533 ], [ -122.708099, 45.242188 ], [ -122.70858, 45.240265 ], [ -122.70787, 45.239281 ], [ -122.704437, 45.239628 ], [ -122.699165, 45.237225 ], [ -122.695183, 45.236931 ], [ -122.695053, 45.235878 ], [ -122.697548, 45.233727 ], [ -122.700125, 45.23052 ], [ -122.734592, 45.230605 ], [ -122.738504, 45.231277 ], [ -122.741951, 45.231947 ], [ -122.747342, 45.234231 ], [ -122.750085, 45.233603 ], [ -122.750739, 45.235042 ], [ -122.749784, 45.236119 ], [ -122.747736, 45.235692 ], [ -122.749131, 45.238205 ], [ -122.75124, 45.238406 ], [ -122.750248, 45.24053 ], [ -122.751948, 45.242542 ], [ -122.749958, 45.243364 ], [ -122.749828, 45.244329 ], [ -122.751113, 45.245342 ], [ -122.750062, 45.247278 ], [ -122.747134, 45.249281 ], [ -122.747534, 45.252235 ], [ -122.745653, 45.252059 ], [ -122.744481, 45.250772 ], [ -122.744258, 45.250775 ], [ -122.743964, 45.250826 ], [ -122.743741, 45.250906 ], [ -122.743598, 45.250982 ], [ -122.743512, 45.251193 ], [ -122.743481, 45.251356 ], [ -122.743483, 45.251553 ], [ -122.74445, 45.253319 ], [ -122.742709, 45.256638 ], [ -122.74112, 45.257031 ], [ -122.741516, 45.258664 ], [ -122.738988, 45.259532 ], [ -122.73926, 45.259532 ], [ -122.784756, 45.259575 ], [ -122.784857, 45.261833 ], [ -122.784898, 45.273887 ], [ -122.7849, 45.274069 ], [ -122.832856, 45.274053 ], [ -122.834576, 45.274058 ], [ -122.833767, 45.275777 ] ] ] ] } },
{ "type": "Feature", "properties": { "GEOID": "41005022901", "average_size": 2.6091070372560616 }, "geometry": { "type": "MultiPolygon", "coordinates": [ [ [ [ -122.687496, 45.244898 ], [ -122.687014, 45.246604 ], [ -122.686998, 45.248549 ], [ -122.686965, 45.252148 ], [ -122.677274, 45.252087 ], [ -122.67659, 45.255632 ], [ -122.676461, 45.259495 ], [ -122.670837, 45.25941 ], [ -122.679752, 45.26703 ], [ -122.679996, 45.267643 ], [ -122.679107, 45.270275 ], [ -122.679177, 45.278863 ], [ -122.676546, 45.279803 ], [ -122.676812, 45.280713 ], [ -122.676755, 45.287108 ], [ -122.676422, 45.287935 ], [ -122.675466, 45.289163 ], [ -122.667434, 45.28486 ], [ -122.664865, 45.284835 ], [ -122.663558, 45.285721 ], [ -122.660659, 45.290419 ], [ -122.660195, 45.292915 ], [ -122.660499, 45.296595 ], [ -122.659176, 45.297777 ], [ -122.658494, 45.297969 ], [ -122.656914, 45.299778 ], [ -122.655462, 45.298891 ], [ -122.654579, 45.299691 ], [ -122.649551, 45.298882 ], [ -122.644455, 45.299889 ], [ -122.641769, 45.301697 ], [ -122.637527, 45.302029 ], [ -122.638718, 45.303692 ], [ -122.63887, 45.306496 ], [ -122.637192, 45.308228 ], [ -122.63192, 45.307518 ], [ -122.630714, 45.305893 ], [ -122.628021, 45.305969 ], [ -122.626096, 45.306716 ], [ -122.625357, 45.302922 ], [ -122.625844, 45.301789 ], [ -122.628816, 45.29917 ], [ -122.631311, 45.291763 ], [ -122.630144, 45.2856 ], [ -122.630096, 45.28023 ], [ -122.630408, 45.278668 ], [ -122.629429, 45.276104 ], [ -122.629495, 45.267926 ], [ -122.628931, 45.266513 ], [ -122.627409, 45.262286 ], [ -122.628133, 45.259243 ], [ -122.625147, 45.255316 ], [ -122.623043, 45.253443 ], [ -122.622684, 45.25113 ], [ -122.626792, 45.248278 ], [ -122.626808, 45.246654 ], [ -122.628142, 45.245642 ], [ -122.628593, 45.242983 ], [ -122.631223, 45.240423 ], [ -122.631092, 45.238351 ], [ -122.633193, 45.237888 ], [ -122.631345, 45.236986 ], [ -122.635094, 45.235714 ], [ -122.636581, 45.235935 ], [ -122.637741, 45.237263 ], [ -122.641205, 45.23719 ], [ -122.644119, 45.238728 ], [ -122.643211, 45.239754 ], [ -122.644241, 45.242592 ], [ -122.646248, 45.242981 ], [ -122.650261, 45.241337 ], [ -122.654373, 45.241245 ], [ -122.655571, 45.239384 ], [ -122.657936, 45.239258 ], [ -122.658806, 45.238548 ], [ -122.660777, 45.239639 ], [ -122.66227, 45.239853 ], [ -122.663826, 45.239807 ], [ -122.672462, 45.242119 ], [ -122.67363, 45.244175 ], [ -122.676216, 45.24548 ], [ -122.678612, 45.245136 ], [ -122.687531, 45.244192 ], [ -122.687496, 45.244898 ] ] ] ] } },
{ "type": "Feature", "properties": { "GEOID": "41005022904", "average_size": 2.40375 }, "geometry": { "type": "MultiPolygon", "coordinates": [ [ [ [ -122.7145, 45.263145 ], [ -122.710243, 45.265354 ], [ -122.710464, 45.267281 ], [ -122.707465, 45.267685 ], [ -122.699803, 45.26672 ], [ -122.697545, 45.267468 ], [ -122.695365, 45.266834 ], [ -122.694313, 45.265172 ], [ -122.6909, 45.266373 ], [ -122.6909, 45.270274 ], [ -122.688233, 45.270284 ], [ -122.688246, 45.275348 ], [ -122.686802, 45.276791 ], [ -122.679177, 45.278863 ], [ -122.679107, 45.270275 ], [ -122.679996, 45.267643 ], [ -122.679752, 45.26703 ], [ -122.68686, 45.264345 ], [ -122.688209, 45.26372 ], [ -122.692186, 45.262286 ], [ -122.6974, 45.260448 ], [ -122.704049, 45.256394 ], [ -122.707875, 45.255479 ], [ -122.713318, 45.260288 ], [ -122.7145, 45.263145 ] ] ] ] } },
{ "type": "Feature", "properties": { "GEOID": "41005022905", "average_size": 2.6172161172161172 }, "geometry": { "type": "MultiPolygon", "coordinates": [ [ [ [ -122.719527, 45.294529 ], [ -122.719206, 45.295226 ], [ -122.719996, 45.298337 ], [ -122.717769, 45.299067 ], [ -122.713732, 45.297026 ], [ -122.708468, 45.296146 ], [ -122.7049, 45.296354 ], [ -122.695764, 45.299874 ], [ -122.69282, 45.30029 ], [ -122.688371, 45.299906 ], [ -122.685267, 45.298834 ], [ -122.682376, 45.294135 ], [ -122.679766, 45.291468 ], [ -122.675466, 45.289163 ], [ -122.676422, 45.287935 ], [ -122.676755, 45.287108 ], [ -122.676812, 45.280713 ], [ -122.676546, 45.279803 ], [ -122.679177, 45.278863 ], [ -122.686802, 45.276791 ], [ -122.688246, 45.275348 ], [ -122.688233, 45.270284 ], [ -122.6909, 45.270274 ], [ -122.6909, 45.266373 ], [ -122.694313, 45.265172 ], [ -122.695365, 45.266834 ], [ -122.697545, 45.267468 ], [ -122.699803, 45.26672 ], [ -122.707465, 45.267685 ], [ -122.710464, 45.267281 ], [ -122.710609, 45.269684 ], [ -122.709996, 45.273938 ], [ -122.709915, 45.279446 ], [ -122.714522, 45.281936 ], [ -122.714983, 45.284056 ], [ -122.716108, 45.284754 ], [ -122.717751, 45.287949 ], [ -122.723236, 45.291202 ], [ -122.719527, 45.294529 ] ] ] ] } },
{ "type": "Feature", "properties": { "GEOID": "41005022906", "average_size": 2.4467592592592591 }, "geometry": { "type": "MultiPolygon", "coordinates": [ [ [ [ -122.70842, 45.246803 ], [ -122.704506, 45.247971 ], [ -122.704357, 45.248602 ], [ -122.705177, 45.2505 ], [ -122.705604, 45.252535 ], [ -122.705887, 45.254234 ], [ -122.707742, 45.255368 ], [ -122.707808, 45.255424 ], [ -122.707875, 45.255479 ], [ -122.704049, 45.256394 ], [ -122.6974, 45.260448 ], [ -122.692186, 45.262286 ], [ -122.68696, 45.254919 ], [ -122.686965, 45.252148 ], [ -122.686998, 45.248549 ], [ -122.687014, 45.246604 ], [ -122.687496, 45.244898 ], [ -122.687531, 45.244192 ], [ -122.695552, 45.243981 ], [ -122.700294, 45.242302 ], [ -122.70195, 45.242233 ], [ -122.706482, 45.240265 ], [ -122.70858, 45.240265 ], [ -122.708099, 45.242188 ], [ -122.709167, 45.245533 ], [ -122.70842, 45.246803 ] ] ] ] } },
{ "type": "Feature", "properties": { "GEOID": "41005022907", "average_size": 2.6658516707416462 }, "geometry": { "type": "MultiPolygon", "coordinates": [ [ [ [ -122.688209, 45.26372 ], [ -122.68686, 45.264345 ], [ -122.679752, 45.26703 ], [ -122.670837, 45.25941 ], [ -122.676461, 45.259495 ], [ -122.67659, 45.255632 ], [ -122.677274, 45.252087 ], [ -122.686965, 45.252148 ], [ -122.68696, 45.254919 ], [ -122.692186, 45.262286 ], [ -122.688209, 45.26372 ] ] ] ] } },
{ "type": "Feature", "properties": { "GEOID": "41005023001", "average_size": 2.6351931330472103 }, "geometry": { "type": "MultiPolygon", "coordinates": [ [ [ [ -122.571287, 45.331293 ], [ -122.563946, 45.331278 ], [ -122.562514, 45.331269 ], [ -122.554675, 45.331424 ], [ -122.552409, 45.330849 ], [ -122.545928, 45.330471 ], [ -122.544606, 45.330779 ], [ -122.543458, 45.331262 ], [ -122.536466, 45.331333 ], [ -122.534457, 45.331709 ], [ -122.52776, 45.331268 ], [ -122.527496, 45.332016 ], [ -122.527527, 45.331013 ], [ -122.525803, 45.331284 ], [ -122.517715, 45.32814 ], [ -122.508629, 45.326847 ], [ -122.50753, 45.325096 ], [ -122.507751, 45.324242 ], [ -122.509552, 45.323318 ], [ -122.508598, 45.322372 ], [ -122.508789, 45.32061 ], [ -122.504982, 45.318916 ], [ -122.503838, 45.317814 ], [ -122.505127, 45.31723 ], [ -122.505058, 45.315575 ], [ -122.50557, 45.315046 ], [ -122.505493, 45.314457 ], [ -122.50686, 45.312495 ], [ -122.506208, 45.31052 ], [ -122.503451, 45.309643 ], [ -122.502747, 45.308863 ], [ -122.499321, 45.307259 ], [ -122.498077, 45.306187 ], [ -122.497849, 45.303741 ], [ -122.496071, 45.302254 ], [ -122.494781, 45.302166 ], [ -122.49247, 45.300804 ], [ -122.490288, 45.300804 ], [ -122.489128, 45.301758 ], [ -122.487244, 45.300835 ], [ -122.483925, 45.300793 ], [ -122.481407, 45.299999 ], [ -122.480835, 45.298862 ], [ -122.480888, 45.29475 ], [ -122.478256, 45.292561 ], [ -122.478233, 45.291531 ], [ -122.480659, 45.287754 ], [ -122.480804, 45.285023 ], [ -122.482864, 45.282246 ], [ -122.483288, 45.281364 ], [ -122.483452, 45.281273 ], [ -122.483665, 45.281231 ], [ -122.484398, 45.28112 ], [ -122.484924, 45.280991 ], [ -122.485187, 45.280964 ], [ -122.490921, 45.280788 ], [ -122.493935, 45.279305 ], [ -122.497635, 45.278187 ], [ -122.497681, 45.279613 ], [ -122.498706, 45.279083 ], [ -122.498661, 45.280573 ], [ -122.497708, 45.281746 ], [ -122.498425, 45.283491 ], [ -122.497398, 45.283951 ], [ -122.497327, 45.287692 ], [ -122.527988, 45.287877 ], [ -122.546254, 45.287917 ], [ -122.558648, 45.2882 ], [ -122.558813, 45.289079 ], [ -122.564289, 45.290465 ], [ -122.562764, 45.299259 ], [ -122.562974, 45.30024 ], [ -122.563843, 45.301944 ], [ -122.564937, 45.303892 ], [ -122.565827, 45.305539 ], [ -122.568678, 45.309363 ], [ -122.555559, 45.309307 ], [ -122.547225, 45.309588 ], [ -122.549995, 45.313251 ], [ -122.552172, 45.315045 ], [ -122.554311, 45.316812 ], [ -122.570627, 45.330219 ], [ -122.572001, 45.331054 ], [ -122.571287, 45.331293 ] ] ] ] } },
{ "type": "Feature", "properties": { "GEOID": "41005023002", "average_size": 2.8687315634218291 }, "geometry": { "type": "MultiPolygon", "coordinates": [ [ [ [ -122.631311, 45.291763 ], [ -122.628816, 45.29917 ], [ -122.625844, 45.301789 ], [ -122.625357, 45.302922 ], [ -122.626096, 45.306716 ], [ -122.624672, 45.305691 ], [ -122.622223, 45.305573 ], [ -122.62043, 45.304729 ], [ -122.61808, 45.305283 ], [ -122.618004, 45.306759 ], [ -122.615295, 45.306297 ], [ -122.61161, 45.308514 ], [ -122.61113, 45.307899 ], [ -122.608994, 45.308998 ], [ -122.607521, 45.308945 ], [ -122.605598, 45.30748 ], [ -122.600103, 45.30758 ], [ -122.599869, 45.307613 ], [ -122.59893, 45.307323 ], [ -122.598427, 45.307354 ], [ -122.59771, 45.307575 ], [ -122.596733, 45.307816 ], [ -122.595567, 45.308328 ], [ -122.595284, 45.308422 ], [ -122.593834, 45.309067 ], [ -122.592034, 45.308858 ], [ -122.590431, 45.308727 ], [ -122.589409, 45.308975 ], [ -122.588959, 45.308537 ], [ -122.588104, 45.309128 ], [ -122.58638, 45.308891 ], [ -122.585953, 45.308388 ], [ -122.582976, 45.308952 ], [ -122.582283, 45.30925 ], [ -122.581955, 45.309898 ], [ -122.580261, 45.310524 ], [ -122.579391, 45.310387 ], [ -122.577965, 45.310429 ], [ -122.576111, 45.310112 ], [ -122.574814, 45.309467 ], [ -122.574435, 45.308758 ], [ -122.574249, 45.308411 ], [ -122.574043, 45.308178 ], [ -122.573174, 45.307537 ], [ -122.572716, 45.30743 ], [ -122.572451, 45.307069 ], [ -122.572311, 45.305584 ], [ -122.568268, 45.302555 ], [ -122.564937, 45.303892 ], [ -122.563843, 45.301944 ], [ -122.562974, 45.30024 ], [ -122.562764, 45.299259 ], [ -122.564289, 45.290465 ], [ -122.558813, 45.289079 ], [ -122.558648, 45.2882 ], [ -122.546254, 45.287917 ], [ -122.527988, 45.287877 ], [ -122.497327, 45.287692 ], [ -122.497398, 45.283951 ], [ -122.498425, 45.283491 ], [ -122.497708, 45.281746 ], [ -122.498661, 45.280573 ], [ -122.498706, 45.279083 ], [ -122.497681, 45.279613 ], [ -122.497635, 45.278187 ], [ -122.493935, 45.279305 ], [ -122.490921, 45.280788 ], [ -122.485187, 45.280964 ], [ -122.484924, 45.280991 ], [ -122.484398, 45.28112 ], [ -122.483665, 45.281231 ], [ -122.483452, 45.281273 ], [ -122.483288, 45.281364 ], [ -122.482864, 45.282246 ], [ -122.480804, 45.285023 ], [ -122.478711, 45.28476 ], [ -122.473555, 45.284182 ], [ -122.476733, 45.285677 ], [ -122.472549, 45.2866 ], [ -122.47002, 45.286662 ], [ -122.467811, 45.285411 ], [ -122.464232, 45.285038 ], [ -122.456412, 45.286356 ], [ -122.453219, 45.286471 ], [ -122.451524, 45.285975 ], [ -122.45268, 45.285577 ], [ -122.453258, 45.281846 ], [ -122.454812, 45.277689 ], [ -122.454504, 45.274947 ], [ -122.454583, 45.274129 ], [ -122.455002, 45.271769 ], [ -122.457353, 45.271872 ], [ -122.459825, 45.263614 ], [ -122.459724, 45.26192 ], [ -122.463905, 45.262299 ], [ -122.467017, 45.264482 ], [ -122.469307, 45.264076 ], [ -122.474233, 45.261738 ], [ -122.476974, 45.262362 ], [ -122.480292, 45.262451 ], [ -122.499881, 45.262441 ], [ -122.508848, 45.260853 ], [ -122.510779, 45.260143 ], [ -122.51422, 45.261288 ], [ -122.51671, 45.262871 ], [ -122.517989, 45.264052 ], [ -122.524662, 45.264909 ], [ -122.527881, 45.266204 ], [ -122.532917, 45.265959 ], [ -122.533458, 45.265185 ], [ -122.533502, 45.259098 ], [ -122.535922, 45.258988 ], [ -122.53803, 45.258985 ], [ -122.573795, 45.259069 ], [ -122.598881, 45.259171 ], [ -122.601288, 45.26127 ], [ -122.603955, 45.261785 ], [ -122.60558, 45.264368 ], [ -122.607749, 45.263751 ], [ -122.612155, 45.266267 ], [ -122.615917, 45.26705 ], [ -122.616996, 45.268073 ], [ -122.618077, 45.268157 ], [ -122.623631, 45.266643 ], [ -122.628931, 45.266513 ], [ -122.629495, 45.267926 ], [ -122.629429, 45.276104 ], [ -122.630408, 45.278668 ], [ -122.630096, 45.28023 ], [ -122.630144, 45.2856 ], [ -122.631311, 45.291763 ] ] ] ] } },
{ "type": "Feature", "properties": { "GEOID": "41005023100", "average_size": 2.6771758436944939 }, "geometry": { "type": "MultiPolygon", "coordinates": [ [ [ [ -122.528952, 45.348605 ], [ -122.522838, 45.348742 ], [ -122.522624, 45.351201 ], [ -122.521207, 45.35292 ], [ -122.517641, 45.355281 ], [ -122.517573, 45.369254 ], [ -122.517522, 45.375184 ], [ -122.517403, 45.38499 ], [ -122.514889, 45.385055 ], [ -122.5146, 45.385142 ], [ -122.514183, 45.385298 ], [ -122.513861, 45.385474 ], [ -122.513678, 45.385698 ], [ -122.513511, 45.385839 ], [ -122.513149, 45.385923 ], [ -122.510693, 45.387058 ], [ -122.505274, 45.386387 ], [ -122.501004, 45.387013 ], [ -122.496569, 45.388651 ], [ -122.495134, 45.390606 ], [ -122.497592, 45.392342 ], [ -122.497336, 45.392828 ], [ -122.496061, 45.392653 ], [ -122.490295, 45.393939 ], [ -122.48728, 45.392049 ], [ -122.484977, 45.391815 ], [ -122.484313, 45.391747 ], [ -122.480359, 45.390643 ], [ -122.476491, 45.392528 ], [ -122.473745, 45.392169 ], [ -122.471313, 45.391186 ], [ -122.470346, 45.386551 ], [ -122.470564, 45.384987 ], [ -122.468496, 45.384236 ], [ -122.463237, 45.384062 ], [ -122.450806, 45.38426 ], [ -122.443958, 45.382803 ], [ -122.442082, 45.383046 ], [ -122.437979, 45.384344 ], [ -122.435296, 45.386652 ], [ -122.433317, 45.389393 ], [ -122.432378, 45.389551 ], [ -122.424516, 45.388441 ], [ -122.422475, 45.388755 ], [ -122.420938, 45.388359 ], [ -122.417674, 45.386333 ], [ -122.413676, 45.381959 ], [ -122.409719, 45.378136 ], [ -122.406542, 45.377506 ], [ -122.404352, 45.377702 ], [ -122.398193, 45.373214 ], [ -122.398568, 45.371142 ], [ -122.397594, 45.368406 ], [ -122.395344, 45.366133 ], [ -122.386748, 45.361096 ], [ -122.381407, 45.355216 ], [ -122.382494, 45.353752 ], [ -122.384832, 45.351375 ], [ -122.385205, 45.349061 ], [ -122.383644, 45.346395 ], [ -122.381499, 45.344238 ], [ -122.381107, 45.342619 ], [ -122.383475, 45.340466 ], [ -122.388315, 45.339025 ], [ -122.389645, 45.33706 ], [ -122.386954, 45.335161 ], [ -122.383088, 45.333151 ], [ -122.381622, 45.330954 ], [ -122.38132, 45.32806 ], [ -122.385929, 45.326429 ], [ -122.387314, 45.323363 ], [ -122.387498, 45.320755 ], [ -122.390464, 45.320014 ], [ -122.393578, 45.321164 ], [ -122.396089, 45.322619 ], [ -122.388958, 45.308702 ], [ -122.393688, 45.303052 ], [ -122.396685, 45.304455 ], [ -122.398547, 45.304102 ], [ -122.404265, 45.299869 ], [ -122.410852, 45.297999 ], [ -122.413765, 45.298657 ], [ -122.425713, 45.304991 ], [ -122.426414, 45.30497 ], [ -122.426994, 45.304765 ], [ -122.428724, 45.303002 ], [ -122.433055, 45.302494 ], [ -122.439777, 45.302852 ], [ -122.439126, 45.299537 ], [ -122.439876, 45.292779 ], [ -122.444539, 45.289966 ], [ -122.446042, 45.287893 ], [ -122.451524, 45.285975 ], [ -122.453219, 45.286471 ], [ -122.456412, 45.286356 ], [ -122.464232, 45.285038 ], [ -122.467811, 45.285411 ], [ -122.47002, 45.286662 ], [ -122.472549, 45.2866 ], [ -122.476733, 45.285677 ], [ -122.473555, 45.284182 ], [ -122.478711, 45.28476 ], [ -122.480804, 45.285023 ], [ -122.480659, 45.287754 ], [ -122.478233, 45.291531 ], [ -122.478256, 45.292561 ], [ -122.480888, 45.29475 ], [ -122.480835, 45.298862 ], [ -122.481407, 45.299999 ], [ -122.483925, 45.300793 ], [ -122.487244, 45.300835 ], [ -122.489128, 45.301758 ], [ -122.490288, 45.300804 ], [ -122.49247, 45.300804 ], [ -122.494781, 45.302166 ], [ -122.496071, 45.302254 ], [ -122.497849, 45.303741 ], [ -122.498077, 45.306187 ], [ -122.499321, 45.307259 ], [ -122.502747, 45.308863 ], [ -122.503451, 45.309643 ], [ -122.506208, 45.31052 ], [ -122.50686, 45.312495 ], [ -122.505493, 45.314457 ], [ -122.50557, 45.315046 ], [ -122.505058, 45.315575 ], [ -122.505127, 45.31723 ], [ -122.503838, 45.317814 ], [ -122.504982, 45.318916 ], [ -122.508789, 45.32061 ], [ -122.508598, 45.322372 ], [ -122.509552, 45.323318 ], [ -122.507751, 45.324242 ], [ -122.50753, 45.325096 ], [ -122.508629, 45.326847 ], [ -122.517715, 45.32814 ], [ -122.525803, 45.331284 ], [ -122.527527, 45.331013 ], [ -122.527496, 45.332016 ], [ -122.527619, 45.334693 ], [ -122.528241, 45.33477 ], [ -122.528777, 45.335043 ], [ -122.526574, 45.335682 ], [ -122.527808, 45.336453 ], [ -122.528098, 45.345688 ], [ -122.528952, 45.348605 ] ] ] ] } },
{ "type": "Feature", "properties": { "GEOID": "41005023201", "average_size": 2.6568561872909697 }, "geometry": { "type": "MultiPolygon", "coordinates": [ [ [ [ -122.486584, 45.461132 ], [ -122.485866, 45.461138 ], [ -122.479942, 45.461176 ], [ -122.47555, 45.461183 ], [ -122.474558, 45.461184 ], [ -122.47253, 45.461173 ], [ -122.468001, 45.461135 ], [ -122.466639, 45.461127 ], [ -122.45466, 45.460941 ], [ -122.447789, 45.460974 ], [ -122.443966, 45.461001 ], [ -122.439145, 45.461134 ], [ -122.414457, 45.461579 ], [ -122.415034, 45.460674 ], [ -122.41362, 45.456429 ], [ -122.413963, 45.455122 ], [ -122.414013, 45.446161 ], [ -122.413644, 45.417961 ], [ -122.414313, 45.417934 ], [ -122.424019, 45.417968 ], [ -122.434254, 45.417852 ], [ -122.456666, 45.417604 ], [ -122.457757, 45.417592 ], [ -122.464935, 45.420231 ], [ -122.470112, 45.420872 ], [ -122.473041, 45.421038 ], [ -122.47489, 45.420567 ], [ -122.478137, 45.420675 ], [ -122.482106, 45.422716 ], [ -122.48335, 45.423887 ], [ -122.483829, 45.425853 ], [ -122.485745, 45.426259 ], [ -122.485771, 45.43582 ], [ -122.485697, 45.446627 ], [ -122.485719, 45.452093 ], [ -122.486492, 45.453458 ], [ -122.486541, 45.458805 ], [ -122.486521, 45.460115 ], [ -122.486584, 45.461132 ] ] ] ] } },
{ "type": "Feature", "properties": { "GEOID": "41005023202", "average_size": 3.0131761442441056 }, "geometry": { "type": "MultiPolygon", "coordinates": [ [ [ [ -122.517539, 45.409202 ], [ -122.517501, 45.410104 ], [ -122.513825, 45.410102 ], [ -122.506409, 45.409733 ], [ -122.505424, 45.412651 ], [ -122.5037, 45.413319 ], [ -122.502625, 45.414188 ], [ -122.502857, 45.414451 ], [ -122.503122, 45.414837 ], [ -122.501477, 45.416803 ], [ -122.500954, 45.417454 ], [ -122.500809, 45.417584 ], [ -122.499786, 45.418858 ], [ -122.497278, 45.419524 ], [ -122.496681, 45.419857 ], [ -122.492758, 45.427229 ], [ -122.49102, 45.42717 ], [ -122.485745, 45.426259 ], [ -122.483829, 45.425853 ], [ -122.48335, 45.423887 ], [ -122.482106, 45.422716 ], [ -122.478137, 45.420675 ], [ -122.47489, 45.420567 ], [ -122.473041, 45.421038 ], [ -122.470112, 45.420872 ], [ -122.464935, 45.420231 ], [ -122.457757, 45.417592 ], [ -122.456666, 45.417604 ], [ -122.434254, 45.417852 ], [ -122.424019, 45.417968 ], [ -122.424092, 45.411762 ], [ -122.424198, 45.402311 ], [ -122.422465, 45.400564 ], [ -122.421587, 45.399801 ], [ -122.41939, 45.398657 ], [ -122.41853, 45.396628 ], [ -122.423345, 45.394292 ], [ -122.42081, 45.394006 ], [ -122.421455, 45.393318 ], [ -122.425652, 45.39304 ], [ -122.426064, 45.391701 ], [ -122.431755, 45.390778 ], [ -122.432236, 45.389896 ], [ -122.432378, 45.389551 ], [ -122.433317, 45.389393 ], [ -122.435296, 45.386652 ], [ -122.437979, 45.384344 ], [ -122.442082, 45.383046 ], [ -122.443958, 45.382803 ], [ -122.450806, 45.38426 ], [ -122.463237, 45.384062 ], [ -122.468496, 45.384236 ], [ -122.470564, 45.384987 ], [ -122.470346, 45.386551 ], [ -122.471313, 45.391186 ], [ -122.473745, 45.392169 ], [ -122.476491, 45.392528 ], [ -122.480359, 45.390643 ], [ -122.484313, 45.391747 ], [ -122.484977, 45.391815 ], [ -122.48728, 45.392049 ], [ -122.490295, 45.393939 ], [ -122.496061, 45.392653 ], [ -122.497336, 45.392828 ], [ -122.497536, 45.392916 ], [ -122.50203, 45.395014 ], [ -122.504097, 45.396495 ], [ -122.505721, 45.398763 ], [ -122.507488, 45.400643 ], [ -122.511208, 45.406965 ], [ -122.513788, 45.409314 ], [ -122.516006, 45.409546 ], [ -122.517511, 45.408403 ], [ -122.517539, 45.409202 ] ] ] ] } },
{ "type": "Feature", "properties": { "GEOID": "41005023300", "average_size": 2.9183673469387754 }, "geometry": { "type": "MultiPolygon", "coordinates": [ [ [ [ -122.424092, 45.411762 ], [ -122.424019, 45.417968 ], [ -122.414313, 45.417934 ], [ -122.413644, 45.417961 ], [ -122.414013, 45.446161 ], [ -122.413963, 45.455122 ], [ -122.41362, 45.456429 ], [ -122.415034, 45.460674 ], [ -122.414457, 45.461579 ], [ -122.41397, 45.461581 ], [ -122.403758, 45.461421 ], [ -122.389346, 45.4613 ], [ -122.383141, 45.461276 ], [ -122.372796, 45.46123 ], [ -122.372096, 45.461222 ], [ -122.357752, 45.461426 ], [ -122.348315, 45.461502 ], [ -122.342174, 45.454311 ], [ -122.341926, 45.453246 ], [ -122.341882, 45.433849 ], [ -122.341161, 45.432671 ], [ -122.345152, 45.432657 ], [ -122.345022, 45.432291 ], [ -122.341932, 45.430073 ], [ -122.342025, 45.418107 ], [ -122.360021, 45.41806 ], [ -122.359936, 45.410676 ], [ -122.358274, 45.409711 ], [ -122.356991, 45.407365 ], [ -122.359949, 45.404004 ], [ -122.361992, 45.403595 ], [ -122.362526, 45.402691 ], [ -122.366058, 45.401638 ], [ -122.367813, 45.39912 ], [ -122.373081, 45.396718 ], [ -122.374245, 45.395538 ], [ -122.379166, 45.394596 ], [ -122.381912, 45.394974 ], [ -122.383743, 45.393066 ], [ -122.38662, 45.391632 ], [ -122.390335, 45.391006 ], [ -122.391884, 45.391548 ], [ -122.395081, 45.390869 ], [ -122.397095, 45.392212 ], [ -122.398392, 45.391865 ], [ -122.400368, 45.392685 ], [ -122.403061, 45.391449 ], [ -122.404198, 45.391602 ], [ -122.404037, 45.393074 ], [ -122.405983, 45.39312 ], [ -122.407692, 45.392044 ], [ -122.40876, 45.39415 ], [ -122.411362, 45.392891 ], [ -122.414742, 45.394264 ], [ -122.418518, 45.392967 ], [ -122.419281, 45.393559 ], [ -122.418854, 45.39489 ], [ -122.42081, 45.394006 ], [ -122.423345, 45.394292 ], [ -122.41853, 45.396628 ], [ -122.41939, 45.398657 ], [ -122.421587, 45.399801 ], [ -122.422465, 45.400564 ], [ -122.424198, 45.402311 ], [ -122.424092, 45.411762 ] ] ] ] } },
{ "type": "Feature", "properties": { "GEOID": "41005023401", "average_size": 2.7016129032258065 }, "geometry": { "type": "MultiPolygon", "coordinates": [ [ [ [ -122.359949, 45.404004 ], [ -122.356991, 45.407365 ], [ -122.358274, 45.409711 ], [ -122.359936, 45.410676 ], [ -122.360021, 45.41806 ], [ -122.342025, 45.418107 ], [ -122.341932, 45.430073 ], [ -122.345022, 45.432291 ], [ -122.345152, 45.432657 ], [ -122.341161, 45.432671 ], [ -122.341882, 45.433849 ], [ -122.341926, 45.453246 ], [ -122.342174, 45.454311 ], [ -122.348315, 45.461502 ], [ -122.342882, 45.461529 ], [ -122.316084, 45.46149 ], [ -122.305836, 45.461439 ], [ -122.2727, 45.461394 ], [ -122.263944, 45.461412 ], [ -122.263047, 45.457398 ], [ -122.260722, 45.456084 ], [ -122.257585, 45.455651 ], [ -122.251278, 45.455833 ], [ -122.243312, 45.453091 ], [ -122.24307, 45.452311 ], [ -122.244831, 45.447648 ], [ -122.247141, 45.44623 ], [ -122.253749, 45.445045 ], [ -122.256442, 45.443023 ], [ -122.257418, 45.440784 ], [ -122.25555, 45.438048 ], [ -122.255722, 45.435272 ], [ -122.264418, 45.432606 ], [ -122.275941, 45.427674 ], [ -122.276347, 45.429148 ], [ -122.290731, 45.429187 ], [ -122.290931, 45.418411 ], [ -122.308467, 45.418379 ], [ -122.302678, 45.411253 ], [ -122.302304, 45.410787 ], [ -122.301406, 45.40888 ], [ -122.296642, 45.406682 ], [ -122.293937, 45.405823 ], [ -122.291031, 45.404893 ], [ -122.291077, 45.400279 ], [ -122.291157, 45.398466 ], [ -122.290837, 45.397677 ], [ -122.290307, 45.397015 ], [ -122.290156, 45.396148 ], [ -122.291056, 45.395492 ], [ -122.291235, 45.378548 ], [ -122.29656, 45.378374 ], [ -122.303038, 45.377166 ], [ -122.311042, 45.375181 ], [ -122.319811, 45.374901 ], [ -122.321991, 45.374878 ], [ -122.323544, 45.376193 ], [ -122.325053, 45.378606 ], [ -122.325094, 45.382105 ], [ -122.328993, 45.382034 ], [ -122.332222, 45.383639 ], [ -122.33213, 45.385372 ], [ -122.334523, 45.385629 ], [ -122.335776, 45.386837 ], [ -122.338993, 45.387331 ], [ -122.34236, 45.389623 ], [ -122.342312, 45.392825 ], [ -122.353483, 45.392829 ], [ -122.355049, 45.397037 ], [ -122.357399, 45.399053 ], [ -122.358571, 45.40129 ], [ -122.360159, 45.40285 ], [ -122.359949, 45.404004 ] ] ] ] } },
{ "type": "Feature", "properties": { "GEOID": "41005023403", "average_size": 2.7475455820476857 }, "geometry": { "type": "MultiPolygon", "coordinates": [ [ [ [ -122.291056, 45.395492 ], [ -122.290156, 45.396148 ], [ -122.290307, 45.397015 ], [ -122.290837, 45.397677 ], [ -122.289692, 45.397671 ], [ -122.288681, 45.397377 ], [ -122.287193, 45.397205 ], [ -122.286405, 45.396769 ], [ -122.285645, 45.396358 ], [ -122.281624, 45.39724 ], [ -122.281014, 45.395762 ], [ -122.276675, 45.395091 ], [ -122.274504, 45.393254 ], [ -122.26518, 45.393219 ], [ -122.265742, 45.391535 ], [ -122.265205, 45.389695 ], [ -122.263471, 45.389635 ], [ -122.258188, 45.389648 ], [ -122.258163, 45.391096 ], [ -122.260264, 45.3924 ], [ -122.257267, 45.39188 ], [ -122.255456, 45.392857 ], [ -122.249977, 45.391709 ], [ -122.25, 45.395593 ], [ -122.24311, 45.391541 ], [ -122.242699, 45.391716 ], [ -122.240837, 45.391031 ], [ -122.240456, 45.390899 ], [ -122.239612, 45.390689 ], [ -122.238305, 45.390463 ], [ -122.237696, 45.390303 ], [ -122.235612, 45.388515 ], [ -122.234894, 45.387056 ], [ -122.234559, 45.386004 ], [ -122.232279, 45.384311 ], [ -122.227293, 45.380663 ], [ -122.225944, 45.378833 ], [ -122.225636, 45.376638 ], [ -122.224711, 45.374949 ], [ -122.257765, 45.375095 ], [ -122.286099, 45.375054 ], [ -122.286297, 45.378566 ], [ -122.291235, 45.378548 ], [ -122.291056, 45.395492 ] ] ] ] } },
{ "type": "Feature", "properties": { "GEOID": "41005023404", "average_size": 2.6654088050314466 }, "geometry": { "type": "MultiPolygon", "coordinates": [ [ [ [ -122.308467, 45.418379 ], [ -122.290931, 45.418411 ], [ -122.290731, 45.429187 ], [ -122.276347, 45.429148 ], [ -122.275941, 45.427674 ], [ -122.264418, 45.432606 ], [ -122.255722, 45.435272 ], [ -122.257683, 45.431602 ], [ -122.257996, 45.429852 ], [ -122.262885, 45.425452 ], [ -122.262794, 45.423058 ], [ -122.260727, 45.421387 ], [ -122.260323, 45.419178 ], [ -122.264191, 45.415798 ], [ -122.266685, 45.412888 ], [ -122.267699, 45.41239 ], [ -122.268303, 45.412224 ], [ -122.268761, 45.411922 ], [ -122.269247, 45.411386 ], [ -122.26889, 45.411144 ], [ -122.268784, 45.410679 ], [ -122.268555, 45.410385 ], [ -122.267677, 45.409988 ], [ -122.266609, 45.409847 ], [ -122.265287, 45.410157 ], [ -122.261703, 45.411533 ], [ -122.260666, 45.413342 ], [ -122.257927, 45.414619 ], [ -122.256104, 45.411766 ], [ -122.254791, 45.410961 ], [ -122.252739, 45.411457 ], [ -122.249814, 45.413858 ], [ -122.243719, 45.414204 ], [ -122.241781, 45.412776 ], [ -122.239377, 45.40964 ], [ -122.235351, 45.407464 ], [ -122.241192, 45.407557 ], [ -122.243256, 45.406075 ], [ -122.245826, 45.399808 ], [ -122.247085, 45.398476 ], [ -122.245232, 45.395983 ], [ -122.250054, 45.397927 ], [ -122.253895, 45.398417 ], [ -122.255542, 45.397003 ], [ -122.252778, 45.396506 ], [ -122.25, 45.395593 ], [ -122.249977, 45.391709 ], [ -122.255456, 45.392857 ], [ -122.257267, 45.39188 ], [ -122.260264, 45.3924 ], [ -122.258163, 45.391096 ], [ -122.258188, 45.389648 ], [ -122.263471, 45.389635 ], [ -122.265205, 45.389695 ], [ -122.265742, 45.391535 ], [ -122.26518, 45.393219 ], [ -122.274504, 45.393254 ], [ -122.276675, 45.395091 ], [ -122.281014, 45.395762 ], [ -122.281624, 45.39724 ], [ -122.285645, 45.396358 ], [ -122.286405, 45.396769 ], [ -122.287193, 45.397205 ], [ -122.288681, 45.397377 ], [ -122.289692, 45.397671 ], [ -122.290837, 45.397677 ], [ -122.291157, 45.398466 ], [ -122.291077, 45.400279 ], [ -122.291031, 45.404893 ], [ -122.293937, 45.405823 ], [ -122.296642, 45.406682 ], [ -122.301406, 45.40888 ], [ -122.302304, 45.410787 ], [ -122.302678, 45.411253 ], [ -122.308467, 45.418379 ] ] ] ] } },
{ "type": "Feature", "properties": { "GEOID": "41005023500", "average_size": 2.6151545363908277 }, "geometry": { "type": "MultiPolygon", "coordinates": [ [ [ [ -122.432236, 45.389896 ], [ -122.431755, 45.390778 ], [ -122.426064, 45.391701 ], [ -122.425652, 45.39304 ], [ -122.421455, 45.393318 ], [ -122.42081, 45.394006 ], [ -122.418854, 45.39489 ], [ -122.419281, 45.393559 ], [ -122.418518, 45.392967 ], [ -122.414742, 45.394264 ], [ -122.411362, 45.392891 ], [ -122.40876, 45.39415 ], [ -122.407692, 45.392044 ], [ -122.405983, 45.39312 ], [ -122.404037, 45.393074 ], [ -122.404198, 45.391602 ], [ -122.403061, 45.391449 ], [ -122.400368, 45.392685 ], [ -122.398392, 45.391865 ], [ -122.397095, 45.392212 ], [ -122.395081, 45.390869 ], [ -122.391884, 45.391548 ], [ -122.390335, 45.391006 ], [ -122.38662, 45.391632 ], [ -122.383743, 45.393066 ], [ -122.381912, 45.394974 ], [ -122.379166, 45.394596 ], [ -122.374245, 45.395538 ], [ -122.373081, 45.396718 ], [ -122.367813, 45.39912 ], [ -122.366058, 45.401638 ], [ -122.362526, 45.402691 ], [ -122.361992, 45.403595 ], [ -122.359949, 45.404004 ], [ -122.360159, 45.40285 ], [ -122.358571, 45.40129 ], [ -122.357399, 45.399053 ], [ -122.355049, 45.397037 ], [ -122.353483, 45.392829 ], [ -122.342312, 45.392825 ], [ -122.34236, 45.389623 ], [ -122.338993, 45.387331 ], [ -122.335776, 45.386837 ], [ -122.334523, 45.385629 ], [ -122.33213, 45.385372 ], [ -122.332222, 45.383639 ], [ -122.328993, 45.382034 ], [ -122.325094, 45.382105 ], [ -122.325053, 45.378606 ], [ -122.323544, 45.376193 ], [ -122.321991, 45.374878 ], [ -122.319811, 45.374901 ], [ -122.311042, 45.375181 ], [ -122.303038, 45.377166 ], [ -122.29656, 45.378374 ], [ -122.291235, 45.378548 ], [ -122.286297, 45.378566 ], [ -122.286099, 45.375054 ], [ -122.257765, 45.375095 ], [ -122.224711, 45.374949 ], [ -122.224453, 45.374374 ], [ -122.224551, 45.367645 ], [ -122.230251, 45.367608 ], [ -122.231445, 45.366804 ], [ -122.23489, 45.365673 ], [ -122.235137, 45.356346 ], [ -122.237231, 45.353612 ], [ -122.236845, 45.352869 ], [ -122.234321, 45.352117 ], [ -122.235398, 45.351317 ], [ -122.235372, 45.34588 ], [ -122.234783, 45.33856 ], [ -122.232127, 45.337368 ], [ -122.229875, 45.336919 ], [ -122.229528, 45.335881 ], [ -122.231474, 45.335336 ], [ -122.231621, 45.334485 ], [ -122.228809, 45.333612 ], [ -122.229436, 45.331212 ], [ -122.249596, 45.331373 ], [ -122.249827, 45.328026 ], [ -122.253915, 45.327829 ], [ -122.256102, 45.325701 ], [ -122.258094, 45.324677 ], [ -122.26179, 45.324951 ], [ -122.263076, 45.324651 ], [ -122.264471, 45.3268 ], [ -122.269789, 45.324021 ], [ -122.271539, 45.325023 ], [ -122.275132, 45.325598 ], [ -122.280934, 45.327459 ], [ -122.282164, 45.328457 ], [ -122.285624, 45.328116 ], [ -122.288507, 45.325591 ], [ -122.289108, 45.325008 ], [ -122.288734, 45.324604 ], [ -122.289772, 45.323387 ], [ -122.288101, 45.320332 ], [ -122.286102, 45.319916 ], [ -122.282532, 45.317139 ], [ -122.281603, 45.315445 ], [ -122.281851, 45.314675 ], [ -122.281001, 45.311837 ], [ -122.279732, 45.309682 ], [ -122.277038, 45.307546 ], [ -122.279628, 45.308291 ], [ -122.281077, 45.307894 ], [ -122.281524, 45.309136 ], [ -122.284155, 45.309745 ], [ -122.285071, 45.309042 ], [ -122.287912, 45.309726 ], [ -122.291932, 45.309955 ], [ -122.30168, 45.309861 ], [ -122.30168, 45.311621 ], [ -122.311566, 45.311669 ], [ -122.31209, 45.314519 ], [ -122.312942, 45.31485 ], [ -122.32275, 45.315053 ], [ -122.323769, 45.314671 ], [ -122.327971, 45.315079 ], [ -122.337185, 45.315209 ], [ -122.343184, 45.315233 ], [ -122.343116, 45.314962 ], [ -122.339989, 45.308263 ], [ -122.339729, 45.307729 ], [ -122.339039, 45.306354 ], [ -122.343409, 45.305201 ], [ -122.346203, 45.304408 ], [ -122.345747, 45.30178 ], [ -122.34686, 45.301013 ], [ -122.348217, 45.300044 ], [ -122.347816, 45.297516 ], [ -122.349899, 45.300034 ], [ -122.350454, 45.299352 ], [ -122.351318, 45.299727 ], [ -122.354868, 45.300804 ], [ -122.358985, 45.300131 ], [ -122.362545, 45.298924 ], [ -122.365171, 45.296991 ], [ -122.366578, 45.29651 ], [ -122.36779, 45.296773 ], [ -122.368544, 45.298248 ], [ -122.36863, 45.302484 ], [ -122.367366, 45.30416 ], [ -122.364364, 45.306261 ], [ -122.365188, 45.307937 ], [ -122.368392, 45.307964 ], [ -122.376213, 45.311132 ], [ -122.381905, 45.312665 ], [ -122.386494, 45.31456 ], [ -122.387508, 45.315812 ], [ -122.387236, 45.316574 ], [ -122.383995, 45.318641 ], [ -122.381866, 45.32117 ], [ -122.38147, 45.323034 ], [ -122.38132, 45.32806 ], [ -122.381622, 45.330954 ], [ -122.383088, 45.333151 ], [ -122.386954, 45.335161 ], [ -122.389645, 45.33706 ], [ -122.388315, 45.339025 ], [ -122.383475, 45.340466 ], [ -122.381107, 45.342619 ], [ -122.381499, 45.344238 ], [ -122.383644, 45.346395 ], [ -122.385205, 45.349061 ], [ -122.384832, 45.351375 ], [ -122.382494, 45.353752 ], [ -122.381407, 45.355216 ], [ -122.386748, 45.361096 ], [ -122.395344, 45.366133 ], [ -122.397594, 45.368406 ], [ -122.398568, 45.371142 ], [ -122.398193, 45.373214 ], [ -122.404352, 45.377702 ], [ -122.406542, 45.377506 ], [ -122.409719, 45.378136 ], [ -122.413676, 45.381959 ], [ -122.417674, 45.386333 ], [ -122.420938, 45.388359 ], [ -122.422475, 45.388755 ], [ -122.424516, 45.388441 ], [ -122.432378, 45.389551 ], [ -122.432236, 45.389896 ] ] ] ] } },
{ "type": "Feature", "properties": { "GEOID": "41005023600", "average_size": 2.3559214692843571 }, "geometry": { "type": "MultiPolygon", "coordinates": [ [ [ [ -122.473553, 45.233162 ], [ -122.466348, 45.233564 ], [ -122.460611, 45.234771 ], [ -122.46039, 45.245763 ], [ -122.461272, 45.250495 ], [ -122.458684, 45.253777 ], [ -122.459724, 45.26192 ], [ -122.459825, 45.263614 ], [ -122.457353, 45.271872 ], [ -122.455002, 45.271769 ], [ -122.454583, 45.274129 ], [ -122.454504, 45.274947 ], [ -122.454812, 45.277689 ], [ -122.453258, 45.281846 ], [ -122.45268, 45.285577 ], [ -122.451524, 45.285975 ], [ -122.446042, 45.287893 ], [ -122.444539, 45.289966 ], [ -122.439876, 45.292779 ], [ -122.439126, 45.299537 ], [ -122.439777, 45.302852 ], [ -122.433055, 45.302494 ], [ -122.428724, 45.303002 ], [ -122.426994, 45.304765 ], [ -122.426414, 45.30497 ], [ -122.425713, 45.304991 ], [ -122.413765, 45.298657 ], [ -122.410852, 45.297999 ], [ -122.404265, 45.299869 ], [ -122.398547, 45.304102 ], [ -122.396685, 45.304455 ], [ -122.393688, 45.303052 ], [ -122.388958, 45.308702 ], [ -122.396089, 45.322619 ], [ -122.393578, 45.321164 ], [ -122.390464, 45.320014 ], [ -122.387498, 45.320755 ], [ -122.387314, 45.323363 ], [ -122.385929, 45.326429 ], [ -122.38132, 45.32806 ], [ -122.38147, 45.323034 ], [ -122.381866, 45.32117 ], [ -122.383995, 45.318641 ], [ -122.387236, 45.316574 ], [ -122.387508, 45.315812 ], [ -122.386494, 45.31456 ], [ -122.381905, 45.312665 ], [ -122.376213, 45.311132 ], [ -122.368392, 45.307964 ], [ -122.365188, 45.307937 ], [ -122.364364, 45.306261 ], [ -122.367366, 45.30416 ], [ -122.36863, 45.302484 ], [ -122.368544, 45.298248 ], [ -122.36779, 45.296773 ], [ -122.366578, 45.29651 ], [ -122.365171, 45.296991 ], [ -122.362545, 45.298924 ], [ -122.358985, 45.300131 ], [ -122.354868, 45.300804 ], [ -122.351318, 45.299727 ], [ -122.350454, 45.299352 ], [ -122.349841, 45.298958 ], [ -122.348412, 45.297328 ], [ -122.347126, 45.294921 ], [ -122.343812, 45.292425 ], [ -122.344268, 45.28844 ], [ -122.342621, 45.28647 ], [ -122.334746, 45.283141 ], [ -122.332146, 45.282431 ], [ -122.332215, 45.282341 ], [ -122.33088, 45.28174 ], [ -122.327595, 45.280544 ], [ -122.324371, 45.278549 ], [ -122.322599, 45.27589 ], [ -122.322296, 45.275188 ], [ -122.322754, 45.272224 ], [ -122.32205, 45.269451 ], [ -122.320976, 45.268429 ], [ -122.314281, 45.267045 ], [ -122.310715, 45.266743 ], [ -122.306801, 45.263828 ], [ -122.30307, 45.263142 ], [ -122.302284, 45.261631 ], [ -122.299477, 45.259682 ], [ -122.297737, 45.256821 ], [ -122.297707, 45.253723 ], [ -122.298656, 45.251667 ], [ -122.300744, 45.249843 ], [ -122.303498, 45.246304 ], [ -122.303574, 45.244726 ], [ -122.301001, 45.244245 ], [ -122.296874, 45.244916 ], [ -122.294445, 45.244534 ], [ -122.288284, 45.242069 ], [ -122.282471, 45.243164 ], [ -122.280693, 45.244011 ], [ -122.277709, 45.243906 ], [ -122.274466, 45.243161 ], [ -122.269876, 45.241017 ], [ -122.26701, 45.240101 ], [ -122.263201, 45.239661 ], [ -122.261479, 45.238803 ], [ -122.253313, 45.228832 ], [ -122.254793, 45.228821 ], [ -122.256204, 45.228839 ], [ -122.264378, 45.23607 ], [ -122.262699, 45.231771 ], [ -122.266518, 45.231178 ], [ -122.265687, 45.230119 ], [ -122.262445, 45.22745 ], [ -122.262091, 45.225415 ], [ -122.263192, 45.224364 ], [ -122.26245, 45.22178 ], [ -122.259249, 45.21988 ], [ -122.259056, 45.218943 ], [ -122.253788, 45.214528 ], [ -122.25269, 45.212744 ], [ -122.251723, 45.209542 ], [ -122.252506, 45.206042 ], [ -122.253791, 45.204558 ], [ -122.258633, 45.204151 ], [ -122.261735, 45.205134 ], [ -122.265713, 45.205249 ], [ -122.269549, 45.208846 ], [ -122.277553, 45.21165 ], [ -122.279851, 45.212121 ], [ -122.287675, 45.214972 ], [ -122.310333, 45.214871 ], [ -122.311032, 45.215017 ], [ -122.311907, 45.215787 ], [ -122.312013, 45.217702 ], [ -122.314238, 45.219408 ], [ -122.314479, 45.221216 ], [ -122.318829, 45.221355 ], [ -122.321535, 45.223045 ], [ -122.321549, 45.21955 ], [ -122.324051, 45.219306 ], [ -122.324484, 45.219954 ], [ -122.3368, 45.220172 ], [ -122.337987, 45.220537 ], [ -122.338479, 45.224399 ], [ -122.336972, 45.226281 ], [ -122.339289, 45.225248 ], [ -122.341747, 45.224856 ], [ -122.3526, 45.225747 ], [ -122.354529, 45.225513 ], [ -122.362935, 45.223013 ], [ -122.363889, 45.221646 ], [ -122.365085, 45.213123 ], [ -122.36788, 45.208195 ], [ -122.368653, 45.207692 ], [ -122.373669, 45.206647 ], [ -122.376128, 45.205034 ], [ -122.381296, 45.20503 ], [ -122.384262, 45.206592 ], [ -122.388359, 45.20676 ], [ -122.392923, 45.205783 ], [ -122.396604, 45.205414 ], [ -122.399157, 45.20461 ], [ -122.403014, 45.203953 ], [ -122.40674, 45.204046 ], [ -122.409768, 45.204517 ], [ -122.412136, 45.205335 ], [ -122.415861, 45.203728 ], [ -122.418889, 45.205267 ], [ -122.420732, 45.205204 ], [ -122.423391, 45.204525 ], [ -122.424785, 45.204822 ], [ -122.426632, 45.206677 ], [ -122.430749, 45.207635 ], [ -122.432418, 45.208416 ], [ -122.435013, 45.208324 ], [ -122.440742, 45.21047 ], [ -122.44162, 45.211124 ], [ -122.444455, 45.214979 ], [ -122.447967, 45.216233 ], [ -122.452335, 45.215361 ], [ -122.471013, 45.215504 ], [ -122.471008, 45.224869 ], [ -122.472168, 45.226895 ], [ -122.472198, 45.230559 ], [ -122.473553, 45.233162 ] ] ] ] } },
{ "type": "Feature", "properties": { "GEOID": "41005023700", "average_size": 2.8362884160756501 }, "geometry": { "type": "MultiPolygon", "coordinates": [ [ [ [ -122.66227, 45.239853 ], [ -122.660777, 45.239639 ], [ -122.658806, 45.238548 ], [ -122.657936, 45.239258 ], [ -122.655571, 45.239384 ], [ -122.654373, 45.241245 ], [ -122.650261, 45.241337 ], [ -122.646248, 45.242981 ], [ -122.644241, 45.242592 ], [ -122.643211, 45.239754 ], [ -122.644119, 45.238728 ], [ -122.641205, 45.23719 ], [ -122.637741, 45.237263 ], [ -122.636581, 45.235935 ], [ -122.635094, 45.235714 ], [ -122.631345, 45.236986 ], [ -122.633193, 45.237888 ], [ -122.631092, 45.238351 ], [ -122.631223, 45.240423 ], [ -122.628593, 45.242983 ], [ -122.628142, 45.245642 ], [ -122.626808, 45.246654 ], [ -122.626792, 45.248278 ], [ -122.622684, 45.25113 ], [ -122.623043, 45.253443 ], [ -122.625147, 45.255316 ], [ -122.628133, 45.259243 ], [ -122.627409, 45.262286 ], [ -122.628931, 45.266513 ], [ -122.623631, 45.266643 ], [ -122.618077, 45.268157 ], [ -122.616996, 45.268073 ], [ -122.615917, 45.26705 ], [ -122.612155, 45.266267 ], [ -122.607749, 45.263751 ], [ -122.60558, 45.264368 ], [ -122.603955, 45.261785 ], [ -122.601288, 45.26127 ], [ -122.598881, 45.259171 ], [ -122.573795, 45.259069 ], [ -122.53803, 45.258985 ], [ -122.535922, 45.258988 ], [ -122.533502, 45.259098 ], [ -122.533458, 45.265185 ], [ -122.532917, 45.265959 ], [ -122.527881, 45.266204 ], [ -122.524662, 45.264909 ], [ -122.517989, 45.264052 ], [ -122.51671, 45.262871 ], [ -122.51422, 45.261288 ], [ -122.510779, 45.260143 ], [ -122.508848, 45.260853 ], [ -122.499881, 45.262441 ], [ -122.480292, 45.262451 ], [ -122.476974, 45.262362 ], [ -122.474233, 45.261738 ], [ -122.469307, 45.264076 ], [ -122.467017, 45.264482 ], [ -122.463905, 45.262299 ], [ -122.459724, 45.26192 ], [ -122.458684, 45.253777 ], [ -122.461272, 45.250495 ], [ -122.46039, 45.245763 ], [ -122.460611, 45.234771 ], [ -122.466348, 45.233564 ], [ -122.473553, 45.233162 ], [ -122.472198, 45.230559 ], [ -122.472168, 45.226895 ], [ -122.471008, 45.224869 ], [ -122.471013, 45.215504 ], [ -122.471051, 45.204394 ], [ -122.470146, 45.200532 ], [ -122.469811, 45.19653 ], [ -122.474737, 45.190636 ], [ -122.480207, 45.187373 ], [ -122.487217, 45.186019 ], [ -122.495938, 45.181414 ], [ -122.49851, 45.179732 ], [ -122.502769, 45.179555 ], [ -122.507828, 45.178191 ], [ -122.517242, 45.176347 ], [ -122.518658, 45.173727 ], [ -122.521629, 45.171798 ], [ -122.5262, 45.166586 ], [ -122.530981, 45.162577 ], [ -122.535011, 45.161666 ], [ -122.534424, 45.165981 ], [ -122.534683, 45.167351 ], [ -122.53801, 45.168655 ], [ -122.542542, 45.16877 ], [ -122.54496, 45.17067 ], [ -122.54567, 45.173363 ], [ -122.549583, 45.173962 ], [ -122.551689, 45.175911 ], [ -122.55204, 45.178947 ], [ -122.555939, 45.180389 ], [ -122.555508, 45.182884 ], [ -122.556625, 45.184319 ], [ -122.559929, 45.186447 ], [ -122.560509, 45.188686 ], [ -122.562553, 45.189201 ], [ -122.567719, 45.188389 ], [ -122.569626, 45.189053 ], [ -122.570305, 45.191544 ], [ -122.573929, 45.192093 ], [ -122.578552, 45.194172 ], [ -122.576416, 45.195797 ], [ -122.575386, 45.197269 ], [ -122.577682, 45.200439 ], [ -122.579102, 45.200668 ], [ -122.580983, 45.199858 ], [ -122.583763, 45.200325 ], [ -122.58606, 45.202084 ], [ -122.5858, 45.203342 ], [ -122.584213, 45.205467 ], [ -122.584282, 45.208805 ], [ -122.585022, 45.209541 ], [ -122.589005, 45.21093 ], [ -122.593658, 45.210335 ], [ -122.595634, 45.210541 ], [ -122.596542, 45.212986 ], [ -122.600716, 45.214882 ], [ -122.604141, 45.216961 ], [ -122.605103, 45.218159 ], [ -122.604469, 45.219616 ], [ -122.605466, 45.220107 ], [ -122.617638, 45.223015 ], [ -122.619171, 45.225384 ], [ -122.621452, 45.226803 ], [ -122.627655, 45.225483 ], [ -122.628891, 45.224476 ], [ -122.630682, 45.226063 ], [ -122.633865, 45.228275 ], [ -122.634857, 45.2282 ], [ -122.638092, 45.226532 ], [ -122.640175, 45.227818 ], [ -122.640503, 45.230339 ], [ -122.643486, 45.232483 ], [ -122.648322, 45.232164 ], [ -122.65004, 45.233334 ], [ -122.652016, 45.233814 ], [ -122.655609, 45.233196 ], [ -122.657745, 45.233746 ], [ -122.658394, 45.234661 ], [ -122.657875, 45.237041 ], [ -122.659332, 45.237408 ], [ -122.663826, 45.239807 ], [ -122.66227, 45.239853 ] ] ] ] } },
{ "type": "Feature", "properties": { "GEOID": "41005023800", "average_size": 2.9857208659603871 }, "geometry": { "type": "MultiPolygon", "coordinates": [ [ [ [ -122.786627, 45.130538 ], [ -122.78538, 45.132497 ], [ -122.786313, 45.133732 ], [ -122.784888, 45.135904 ], [ -122.780824, 45.137743 ], [ -122.779965, 45.139388 ], [ -122.781352, 45.140148 ], [ -122.780652, 45.141555 ], [ -122.782013, 45.141717 ], [ -122.782884, 45.143852 ], [ -122.78211, 45.145019 ], [ -122.779564, 45.146571 ], [ -122.780383, 45.147702 ], [ -122.779835, 45.148922 ], [ -122.778455, 45.149192 ], [ -122.778553, 45.151118 ], [ -122.776847, 45.151644 ], [ -122.776907, 45.153233 ], [ -122.775109, 45.153446 ], [ -122.774156, 45.155281 ], [ -122.772894, 45.155645 ], [ -122.772035, 45.157689 ], [ -122.770026, 45.159421 ], [ -122.772065, 45.159579 ], [ -122.773305, 45.160965 ], [ -122.774752, 45.16182 ], [ -122.773688, 45.163454 ], [ -122.771475, 45.163004 ], [ -122.769712, 45.16167 ], [ -122.768112, 45.163073 ], [ -122.766605, 45.163304 ], [ -122.763332, 45.167946 ], [ -122.762055, 45.169203 ], [ -122.760535, 45.169575 ], [ -122.759894, 45.170901 ], [ -122.7619, 45.171984 ], [ -122.756883, 45.172802 ], [ -122.756696, 45.174712 ], [ -122.759303, 45.175159 ], [ -122.757657, 45.177512 ], [ -122.756386, 45.178058 ], [ -122.754149, 45.177444 ], [ -122.756842, 45.179577 ], [ -122.75439, 45.180131 ], [ -122.752463, 45.18098 ], [ -122.751894, 45.182194 ], [ -122.752724, 45.18265 ], [ -122.756569, 45.182445 ], [ -122.757844, 45.183093 ], [ -122.760134, 45.182647 ], [ -122.760358, 45.183565 ], [ -122.754911, 45.184699 ], [ -122.756151, 45.186249 ], [ -122.757919, 45.185891 ], [ -122.758214, 45.186873 ], [ -122.756239, 45.187131 ], [ -122.7544, 45.186135 ], [ -122.753184, 45.187517 ], [ -122.753841, 45.18822 ], [ -122.756522, 45.188847 ], [ -122.753884, 45.189178 ], [ -122.753413, 45.190158 ], [ -122.755088, 45.191576 ], [ -122.756638, 45.191249 ], [ -122.759434, 45.189771 ], [ -122.760415, 45.19142 ], [ -122.759871, 45.194733 ], [ -122.757517, 45.195719 ], [ -122.755534, 45.19542 ], [ -122.75652, 45.193098 ], [ -122.753163, 45.19176 ], [ -122.751459, 45.192758 ], [ -122.751833, 45.193742 ], [ -122.754896, 45.195927 ], [ -122.754437, 45.196745 ], [ -122.751348, 45.195862 ], [ -122.751611, 45.194701 ], [ -122.749815, 45.194959 ], [ -122.750561, 45.197682 ], [ -122.750461, 45.199202 ], [ -122.752691, 45.200024 ], [ -122.754369, 45.199926 ], [ -122.753159, 45.201089 ], [ -122.753648, 45.201832 ], [ -122.75639, 45.202085 ], [ -122.757403, 45.200599 ], [ -122.758803, 45.200705 ], [ -122.759494, 45.203317 ], [ -122.758267, 45.205555 ], [ -122.75582, 45.20697 ], [ -122.757473, 45.209145 ], [ -122.754592, 45.208981 ], [ -122.752483, 45.209758 ], [ -122.752237, 45.210801 ], [ -122.753886, 45.21165 ], [ -122.753387, 45.212319 ], [ -122.748307, 45.211034 ], [ -122.747358, 45.212283 ], [ -122.748557, 45.214153 ], [ -122.745399, 45.215953 ], [ -122.747201, 45.217883 ], [ -122.748091, 45.22069 ], [ -122.746621, 45.221665 ], [ -122.747151, 45.223337 ], [ -122.746712, 45.225199 ], [ -122.748913, 45.227217 ], [ -122.749779, 45.229017 ], [ -122.752533, 45.228835 ], [ -122.75186, 45.23017 ], [ -122.748109, 45.231213 ], [ -122.747274, 45.231025 ], [ -122.746774, 45.229255 ], [ -122.74563, 45.230095 ], [ -122.745299, 45.232772 ], [ -122.747765, 45.233478 ], [ -122.749821, 45.231969 ], [ -122.750085, 45.233603 ], [ -122.747342, 45.234231 ], [ -122.741951, 45.231947 ], [ -122.738504, 45.231277 ], [ -122.734592, 45.230605 ], [ -122.700125, 45.23052 ], [ -122.697548, 45.233727 ], [ -122.695053, 45.235878 ], [ -122.695183, 45.236931 ], [ -122.699165, 45.237225 ], [ -122.704437, 45.239628 ], [ -122.70787, 45.239281 ], [ -122.70858, 45.240265 ], [ -122.706482, 45.240265 ], [ -122.70195, 45.242233 ], [ -122.700294, 45.242302 ], [ -122.695552, 45.243981 ], [ -122.687531, 45.244192 ], [ -122.678612, 45.245136 ], [ -122.676216, 45.24548 ], [ -122.67363, 45.244175 ], [ -122.672462, 45.242119 ], [ -122.663826, 45.239807 ], [ -122.659332, 45.237408 ], [ -122.657875, 45.237041 ], [ -122.658394, 45.234661 ], [ -122.657745, 45.233746 ], [ -122.655609, 45.233196 ], [ -122.652016, 45.233814 ], [ -122.65004, 45.233334 ], [ -122.648322, 45.232164 ], [ -122.643486, 45.232483 ], [ -122.640503, 45.230339 ], [ -122.640175, 45.227818 ], [ -122.638092, 45.226532 ], [ -122.634857, 45.2282 ], [ -122.633865, 45.228275 ], [ -122.630682, 45.226063 ], [ -122.628891, 45.224476 ], [ -122.627655, 45.225483 ], [ -122.621452, 45.226803 ], [ -122.619171, 45.225384 ], [ -122.617638, 45.223015 ], [ -122.605466, 45.220107 ], [ -122.604469, 45.219616 ], [ -122.605103, 45.218159 ], [ -122.604141, 45.216961 ], [ -122.600716, 45.214882 ], [ -122.596542, 45.212986 ], [ -122.595634, 45.210541 ], [ -122.593658, 45.210335 ], [ -122.589005, 45.21093 ], [ -122.585022, 45.209541 ], [ -122.584282, 45.208805 ], [ -122.584213, 45.205467 ], [ -122.5858, 45.203342 ], [ -122.58606, 45.202084 ], [ -122.583763, 45.200325 ], [ -122.580983, 45.199858 ], [ -122.580976, 45.197796 ], [ -122.585394, 45.192615 ], [ -122.590207, 45.182223 ], [ -122.599319, 45.164671 ], [ -122.601094, 45.161129 ], [ -122.601902, 45.15944 ], [ -122.603745, 45.155917 ], [ -122.606352, 45.150726 ], [ -122.607573, 45.148407 ], [ -122.607722, 45.148126 ], [ -122.610617, 45.142476 ], [ -122.612797, 45.136084 ], [ -122.62275, 45.124572 ], [ -122.627347, 45.118576 ], [ -122.627756, 45.118064 ], [ -122.648105, 45.101894 ], [ -122.652816, 45.098087 ], [ -122.656336, 45.096762 ], [ -122.660506, 45.092297 ], [ -122.664124, 45.089309 ], [ -122.679382, 45.077822 ], [ -122.683053, 45.076295 ], [ -122.684227, 45.075393 ], [ -122.686301, 45.072462 ], [ -122.691225, 45.068434 ], [ -122.700012, 45.062008 ], [ -122.705237, 45.05929 ], [ -122.704641, 45.061008 ], [ -122.70536, 45.061957 ], [ -122.707425, 45.062479 ], [ -122.707287, 45.064479 ], [ -122.711949, 45.067162 ], [ -122.714132, 45.069124 ], [ -122.717097, 45.069888 ], [ -122.718753, 45.072405 ], [ -122.717886, 45.074183 ], [ -122.720723, 45.0758 ], [ -122.721141, 45.077761 ], [ -122.719677, 45.079641 ], [ -122.722655, 45.081425 ], [ -122.723727, 45.083141 ], [ -122.725293, 45.082868 ], [ -122.725607, 45.085653 ], [ -122.729745, 45.087275 ], [ -122.729595, 45.088244 ], [ -122.732936, 45.092173 ], [ -122.736633, 45.093478 ], [ -122.737647, 45.094204 ], [ -122.739652, 45.094286 ], [ -122.740594, 45.095987 ], [ -122.743301, 45.096291 ], [ -122.744146, 45.098606 ], [ -122.745578, 45.099676 ], [ -122.746317, 45.102757 ], [ -122.748307, 45.102063 ], [ -122.749968, 45.103315 ], [ -122.748752, 45.105482 ], [ -122.74984, 45.10772 ], [ -122.752579, 45.107061 ], [ -122.753353, 45.110084 ], [ -122.755755, 45.110444 ], [ -122.757254, 45.111851 ], [ -122.760276, 45.111575 ], [ -122.760977, 45.112905 ], [ -122.762126, 45.112597 ], [ -122.763246, 45.113867 ], [ -122.763984, 45.112386 ], [ -122.765164, 45.11301 ], [ -122.764789, 45.114389 ], [ -122.765616, 45.115813 ], [ -122.766302, 45.114627 ], [ -122.767681, 45.114868 ], [ -122.766995, 45.115745 ], [ -122.769068, 45.1167 ], [ -122.7707, 45.118255 ], [ -122.773366, 45.117758 ], [ -122.773903, 45.119241 ], [ -122.775889, 45.118832 ], [ -122.774314, 45.120228 ], [ -122.776307, 45.121021 ], [ -122.776942, 45.121981 ], [ -122.775718, 45.122449 ], [ -122.776187, 45.123511 ], [ -122.777586, 45.123531 ], [ -122.777663, 45.122446 ], [ -122.781786, 45.124861 ], [ -122.782827, 45.124528 ], [ -122.782815, 45.126177 ], [ -122.785493, 45.127566 ], [ -122.786549, 45.129344 ], [ -122.788505, 45.130356 ], [ -122.786627, 45.130538 ] ] ] ] } },
{ "type": "Feature", "properties": { "GEOID": "41005023901", "average_size": 2.5896032831737346 }, "geometry": { "type": "MultiPolygon", "coordinates": [ [ [ [ -122.603745, 45.155917 ], [ -122.601902, 45.15944 ], [ -122.601094, 45.161129 ], [ -122.599319, 45.164671 ], [ -122.590207, 45.182223 ], [ -122.586263, 45.181764 ], [ -122.583977, 45.18053 ], [ -122.583624, 45.179039 ], [ -122.580887, 45.175104 ], [ -122.578929, 45.169945 ], [ -122.573255, 45.165803 ], [ -122.57467, 45.158826 ], [ -122.574942, 45.157573 ], [ -122.576326, 45.151237 ], [ -122.577109, 45.147546 ], [ -122.606352, 45.150726 ], [ -122.603745, 45.155917 ] ] ] ] } },
{ "type": "Feature", "properties": { "GEOID": "41005023902", "average_size": 2.8215827338129498 }, "geometry": { "type": "MultiPolygon", "coordinates": [ [ [ [ -122.62275, 45.124572 ], [ -122.612797, 45.136084 ], [ -122.610617, 45.142476 ], [ -122.607722, 45.148126 ], [ -122.607573, 45.148407 ], [ -122.606352, 45.150726 ], [ -122.577109, 45.147546 ], [ -122.576326, 45.151237 ], [ -122.574942, 45.157573 ], [ -122.57467, 45.158826 ], [ -122.573255, 45.165803 ], [ -122.578929, 45.169945 ], [ -122.580887, 45.175104 ], [ -122.583624, 45.179039 ], [ -122.583977, 45.18053 ], [ -122.586263, 45.181764 ], [ -122.590207, 45.182223 ], [ -122.585394, 45.192615 ], [ -122.580976, 45.197796 ], [ -122.580983, 45.199858 ], [ -122.579102, 45.200668 ], [ -122.577682, 45.200439 ], [ -122.575386, 45.197269 ], [ -122.576416, 45.195797 ], [ -122.578552, 45.194172 ], [ -122.573929, 45.192093 ], [ -122.570305, 45.191544 ], [ -122.569626, 45.189053 ], [ -122.567719, 45.188389 ], [ -122.562553, 45.189201 ], [ -122.560509, 45.188686 ], [ -122.559929, 45.186447 ], [ -122.556625, 45.184319 ], [ -122.555508, 45.182884 ], [ -122.555939, 45.180389 ], [ -122.55204, 45.178947 ], [ -122.551689, 45.175911 ], [ -122.549583, 45.173962 ], [ -122.54567, 45.173363 ], [ -122.54496, 45.17067 ], [ -122.542542, 45.16877 ], [ -122.53801, 45.168655 ], [ -122.534683, 45.167351 ], [ -122.534424, 45.165981 ], [ -122.535011, 45.161666 ], [ -122.533722, 45.159439 ], [ -122.534592, 45.157681 ], [ -122.533943, 45.156422 ], [ -122.537727, 45.15377 ], [ -122.540512, 45.14986 ], [ -122.540092, 45.148056 ], [ -122.537407, 45.145813 ], [ -122.536957, 45.141129 ], [ -122.53421, 45.139984 ], [ -122.533691, 45.138 ], [ -122.535446, 45.135754 ], [ -122.535637, 45.134243 ], [ -122.534607, 45.131317 ], [ -122.538383, 45.129055 ], [ -122.539902, 45.126358 ], [ -122.538261, 45.123543 ], [ -122.535545, 45.121166 ], [ -122.535261, 45.120167 ], [ -122.541423, 45.119788 ], [ -122.543298, 45.12494 ], [ -122.542945, 45.128749 ], [ -122.541315, 45.130975 ], [ -122.542316, 45.13268 ], [ -122.544052, 45.132928 ], [ -122.552489, 45.131339 ], [ -122.552994, 45.128803 ], [ -122.558922, 45.128826 ], [ -122.558944, 45.114367 ], [ -122.574758, 45.114378 ], [ -122.599582, 45.114393 ], [ -122.59972, 45.118033 ], [ -122.6197, 45.118032 ], [ -122.620021, 45.12442 ], [ -122.62275, 45.124572 ] ] ] ] } },
{ "type": "Feature", "properties": { "GEOID": "41005024000", "average_size": 2.8318485523385299 }, "geometry": { "type": "MultiPolygon", "coordinates": [ [ [ [ -122.705237, 45.05929 ], [ -122.700012, 45.062008 ], [ -122.691225, 45.068434 ], [ -122.686301, 45.072462 ], [ -122.684227, 45.075393 ], [ -122.683053, 45.076295 ], [ -122.679382, 45.077822 ], [ -122.664124, 45.089309 ], [ -122.660506, 45.092297 ], [ -122.656336, 45.096762 ], [ -122.652816, 45.098087 ], [ -122.648105, 45.101894 ], [ -122.627756, 45.118064 ], [ -122.627347, 45.118576 ], [ -122.62275, 45.124572 ], [ -122.620021, 45.12442 ], [ -122.6197, 45.118032 ], [ -122.59972, 45.118033 ], [ -122.599582, 45.114393 ], [ -122.574758, 45.114378 ], [ -122.558944, 45.114367 ], [ -122.558922, 45.128826 ], [ -122.552994, 45.128803 ], [ -122.552489, 45.131339 ], [ -122.544052, 45.132928 ], [ -122.542316, 45.13268 ], [ -122.541315, 45.130975 ], [ -122.542945, 45.128749 ], [ -122.543298, 45.12494 ], [ -122.541423, 45.119788 ], [ -122.535261, 45.120167 ], [ -122.536674, 45.117874 ], [ -122.539284, 45.117462 ], [ -122.540169, 45.116066 ], [ -122.539879, 45.11499 ], [ -122.536613, 45.112476 ], [ -122.536682, 45.108795 ], [ -122.533455, 45.107697 ], [ -122.530418, 45.104977 ], [ -122.528046, 45.104546 ], [ -122.526237, 45.102455 ], [ -122.518837, 45.099964 ], [ -122.51619, 45.099461 ], [ -122.513153, 45.097057 ], [ -122.507996, 45.094059 ], [ -122.505188, 45.091866 ], [ -122.501991, 45.09129 ], [ -122.498444, 45.089211 ], [ -122.497414, 45.087521 ], [ -122.494186, 45.08535 ], [ -122.494034, 45.083233 ], [ -122.492996, 45.082188 ], [ -122.489365, 45.083092 ], [ -122.487846, 45.084557 ], [ -122.479721, 45.086292 ], [ -122.477501, 45.087345 ], [ -122.474403, 45.087234 ], [ -122.472107, 45.088123 ], [ -122.467041, 45.091465 ], [ -122.459785, 45.093067 ], [ -122.457649, 45.093845 ], [ -122.456615, 45.093424 ], [ -122.45536, 45.092793 ], [ -122.451744, 45.093685 ], [ -122.447906, 45.092358 ], [ -122.444321, 45.092335 ], [ -122.443253, 45.091534 ], [ -122.441254, 45.091217 ], [ -122.439026, 45.090302 ], [ -122.438156, 45.088951 ], [ -122.438217, 45.085888 ], [ -122.437139, 45.084782 ], [ -122.436371, 45.084541 ], [ -122.435982, 45.084267 ], [ -122.434303, 45.084038 ], [ -122.433365, 45.084084 ], [ -122.432014, 45.08429 ], [ -122.430829, 45.084742 ], [ -122.428894, 45.086666 ], [ -122.426147, 45.087189 ], [ -122.42392, 45.088264 ], [ -122.420502, 45.087418 ], [ -122.412109, 45.089245 ], [ -122.410072, 45.090183 ], [ -122.406784, 45.090046 ], [ -122.403778, 45.08913 ], [ -122.40065, 45.088852 ], [ -122.397133, 45.089333 ], [ -122.394424, 45.087616 ], [ -122.39032, 45.090839 ], [ -122.388451, 45.091183 ], [ -122.387344, 45.0923 ], [ -122.384865, 45.092758 ], [ -122.380577, 45.094177 ], [ -122.37513, 45.093899 ], [ -122.371803, 45.094883 ], [ -122.367027, 45.095043 ], [ -122.364861, 45.094246 ], [ -122.358795, 45.093563 ], [ -122.356438, 45.093609 ], [ -122.350014, 45.091782 ], [ -122.346558, 45.090366 ], [ -122.342651, 45.089725 ], [ -122.338837, 45.088161 ], [ -122.334129, 45.087669 ], [ -122.328255, 45.086758 ], [ -122.322929, 45.087032 ], [ -122.319939, 45.086037 ], [ -122.311356, 45.083878 ], [ -122.308167, 45.082893 ], [ -122.305977, 45.081615 ], [ -122.301521, 45.080196 ], [ -122.296669, 45.079041 ], [ -122.294136, 45.079487 ], [ -122.291451, 45.078526 ], [ -122.286423, 45.079597 ], [ -122.281029, 45.081913 ], [ -122.279472, 45.08231 ], [ -122.269798, 45.081539 ], [ -122.264503, 45.081604 ], [ -122.257301, 45.080143 ], [ -122.254341, 45.078262 ], [ -122.252656, 45.075786 ], [ -122.257482, 44.88572 ], [ -122.317709, 44.88572 ], [ -122.378871, 44.885716 ], [ -122.388999, 44.88572 ], [ -122.401021, 44.88572 ], [ -122.399655, 44.886262 ], [ -122.396057, 44.889461 ], [ -122.393936, 44.890411 ], [ -122.393227, 44.891673 ], [ -122.394475, 44.893745 ], [ -122.39354, 44.895326 ], [ -122.394498, 44.896804 ], [ -122.394349, 44.899106 ], [ -122.395774, 44.901513 ], [ -122.399554, 44.904077 ], [ -122.401663, 44.903796 ], [ -122.404145, 44.904679 ], [ -122.407737, 44.905012 ], [ -122.410428, 44.903207 ], [ -122.413982, 44.903949 ], [ -122.422733, 44.904154 ], [ -122.423551, 44.903461 ], [ -122.426441, 44.903142 ], [ -122.429684, 44.902029 ], [ -122.435193, 44.903297 ], [ -122.436643, 44.90295 ], [ -122.439655, 44.90407 ], [ -122.441487, 44.903958 ], [ -122.445521, 44.906108 ], [ -122.446968, 44.908139 ], [ -122.450045, 44.910375 ], [ -122.453594, 44.911579 ], [ -122.455185, 44.913152 ], [ -122.4585, 44.915212 ], [ -122.464204, 44.916363 ], [ -122.466492, 44.915471 ], [ -122.47126, 44.917318 ], [ -122.475125, 44.918395 ], [ -122.480324, 44.921567 ], [ -122.483507, 44.921549 ], [ -122.48619, 44.922659 ], [ -122.487974, 44.921358 ], [ -122.492889, 44.920914 ], [ -122.495627, 44.919965 ], [ -122.496329, 44.919034 ], [ -122.499167, 44.917781 ], [ -122.500908, 44.918567 ], [ -122.505316, 44.918332 ], [ -122.506406, 44.91951 ], [ -122.508106, 44.919599 ], [ -122.511494, 44.922628 ], [ -122.515898, 44.927857 ], [ -122.51585, 44.929833 ], [ -122.516997, 44.930043 ], [ -122.517542, 44.932797 ], [ -122.518934, 44.933534 ], [ -122.522276, 44.934565 ], [ -122.523985, 44.935681 ], [ -122.526335, 44.936046 ], [ -122.527397, 44.935156 ], [ -122.52966, 44.935035 ], [ -122.532858, 44.937446 ], [ -122.535472, 44.936684 ], [ -122.536946, 44.939975 ], [ -122.540368, 44.943562 ], [ -122.540574, 44.945139 ], [ -122.542187, 44.945665 ], [ -122.543205, 44.948872 ], [ -122.545409, 44.949182 ], [ -122.546099, 44.950115 ], [ -122.548613, 44.950425 ], [ -122.549216, 44.954172 ], [ -122.550897, 44.954646 ], [ -122.552009, 44.95626 ], [ -122.551783, 44.957953 ], [ -122.553144, 44.959177 ], [ -122.554761, 44.959405 ], [ -122.556847, 44.961426 ], [ -122.555943, 44.962863 ], [ -122.557935, 44.963588 ], [ -122.559757, 44.965195 ], [ -122.558937, 44.967159 ], [ -122.560126, 44.969355 ], [ -122.561605, 44.970562 ], [ -122.56115, 44.971395 ], [ -122.562859, 44.973208 ], [ -122.56507, 44.973904 ], [ -122.56476, 44.975131 ], [ -122.565592, 44.977266 ], [ -122.567212, 44.978628 ], [ -122.566342, 44.980206 ], [ -122.567385, 44.982564 ], [ -122.568801, 44.983735 ], [ -122.571483, 44.98521 ], [ -122.573, 44.985101 ], [ -122.576221, 44.986044 ], [ -122.579862, 44.985983 ], [ -122.58168, 44.988407 ], [ -122.586299, 44.988748 ], [ -122.588868, 44.989629 ], [ -122.592472, 44.988875 ], [ -122.594954, 44.99089 ], [ -122.595491, 44.992781 ], [ -122.593133, 44.995429 ], [ -122.594367, 44.996424 ], [ -122.593682, 44.997588 ], [ -122.593818, 45.00001 ], [ -122.594626, 45.00081 ], [ -122.593197, 45.003442 ], [ -122.593483, 45.004531 ], [ -122.593502, 45.006866 ], [ -122.594702, 45.009501 ], [ -122.593535, 45.012247 ], [ -122.595636, 45.013907 ], [ -122.594796, 45.016304 ], [ -122.595829, 45.017789 ], [ -122.59552, 45.01962 ], [ -122.599078, 45.020549 ], [ -122.602164, 45.021784 ], [ -122.609216, 45.021866 ], [ -122.61168, 45.024354 ], [ -122.616241, 45.025 ], [ -122.618649, 45.026964 ], [ -122.623428, 45.028271 ], [ -122.626492, 45.028355 ], [ -122.629512, 45.030057 ], [ -122.631083, 45.032175 ], [ -122.633939, 45.033795 ], [ -122.635839, 45.033418 ], [ -122.63866, 45.031682 ], [ -122.639844, 45.031442 ], [ -122.643168, 45.032126 ], [ -122.644197, 45.03377 ], [ -122.646144, 45.033754 ], [ -122.647963, 45.032445 ], [ -122.649252, 45.032454 ], [ -122.650233, 45.035844 ], [ -122.653581, 45.035458 ], [ -122.657523, 45.035768 ], [ -122.658507, 45.035877 ], [ -122.660029, 45.037081 ], [ -122.662537, 45.038637 ], [ -122.666038, 45.043633 ], [ -122.669637, 45.046532 ], [ -122.673705, 45.047052 ], [ -122.677361, 45.046514 ], [ -122.677936, 45.046314 ], [ -122.68152, 45.047789 ], [ -122.681147, 45.050296 ], [ -122.685747, 45.052439 ], [ -122.689571, 45.053471 ], [ -122.69464, 45.054055 ], [ -122.699104, 45.055997 ], [ -122.700829, 45.057489 ], [ -122.705237, 45.05929 ] ] ] ] } },
{ "type": "Feature", "properties": { "GEOID": "41005024100", "average_size": 2.6469604015616284 }, "geometry": { "type": "MultiPolygon", "coordinates": [ [ [ [ -122.540512, 45.14986 ], [ -122.537727, 45.15377 ], [ -122.533943, 45.156422 ], [ -122.534592, 45.157681 ], [ -122.533722, 45.159439 ], [ -122.535011, 45.161666 ], [ -122.530981, 45.162577 ], [ -122.5262, 45.166586 ], [ -122.521629, 45.171798 ], [ -122.518658, 45.173727 ], [ -122.517242, 45.176347 ], [ -122.507828, 45.178191 ], [ -122.502769, 45.179555 ], [ -122.49851, 45.179732 ], [ -122.495938, 45.181414 ], [ -122.487217, 45.186019 ], [ -122.480207, 45.187373 ], [ -122.474737, 45.190636 ], [ -122.469811, 45.19653 ], [ -122.470146, 45.200532 ], [ -122.471051, 45.204394 ], [ -122.471013, 45.215504 ], [ -122.452335, 45.215361 ], [ -122.447967, 45.216233 ], [ -122.444455, 45.214979 ], [ -122.44162, 45.211124 ], [ -122.440742, 45.21047 ], [ -122.435013, 45.208324 ], [ -122.432418, 45.208416 ], [ -122.430749, 45.207635 ], [ -122.426632, 45.206677 ], [ -122.424785, 45.204822 ], [ -122.423391, 45.204525 ], [ -122.420732, 45.205204 ], [ -122.418889, 45.205267 ], [ -122.415861, 45.203728 ], [ -122.412136, 45.205335 ], [ -122.409768, 45.204517 ], [ -122.40674, 45.204046 ], [ -122.403014, 45.203953 ], [ -122.399157, 45.20461 ], [ -122.396604, 45.205414 ], [ -122.392923, 45.205783 ], [ -122.388359, 45.20676 ], [ -122.384262, 45.206592 ], [ -122.381296, 45.20503 ], [ -122.376128, 45.205034 ], [ -122.373669, 45.206647 ], [ -122.368653, 45.207692 ], [ -122.36788, 45.208195 ], [ -122.365085, 45.213123 ], [ -122.363889, 45.221646 ], [ -122.362935, 45.223013 ], [ -122.354529, 45.225513 ], [ -122.3526, 45.225747 ], [ -122.341747, 45.224856 ], [ -122.339289, 45.225248 ], [ -122.336972, 45.226281 ], [ -122.338479, 45.224399 ], [ -122.337987, 45.220537 ], [ -122.3368, 45.220172 ], [ -122.324484, 45.219954 ], [ -122.324051, 45.219306 ], [ -122.321549, 45.21955 ], [ -122.321535, 45.223045 ], [ -122.318829, 45.221355 ], [ -122.314479, 45.221216 ], [ -122.314238, 45.219408 ], [ -122.312013, 45.217702 ], [ -122.311907, 45.215787 ], [ -122.311032, 45.215017 ], [ -122.310333, 45.214871 ], [ -122.287675, 45.214972 ], [ -122.279851, 45.212121 ], [ -122.277553, 45.21165 ], [ -122.269549, 45.208846 ], [ -122.265713, 45.205249 ], [ -122.261735, 45.205134 ], [ -122.258633, 45.204151 ], [ -122.253791, 45.204558 ], [ -122.250934, 45.203485 ], [ -122.250216, 45.201863 ], [ -122.247428, 45.200217 ], [ -122.245545, 45.198121 ], [ -122.246346, 45.195971 ], [ -122.246364, 45.19358 ], [ -122.24546, 45.190003 ], [ -122.247047, 45.185588 ], [ -122.246778, 45.183749 ], [ -122.247761, 45.182062 ], [ -122.247462, 45.180885 ], [ -122.249312, 45.176059 ], [ -122.250719, 45.17474 ], [ -122.252013, 45.171806 ], [ -122.252167, 45.168923 ], [ -122.25337, 45.16761 ], [ -122.252656, 45.075786 ], [ -122.254341, 45.078262 ], [ -122.257301, 45.080143 ], [ -122.264503, 45.081604 ], [ -122.269798, 45.081539 ], [ -122.279472, 45.08231 ], [ -122.281029, 45.081913 ], [ -122.286423, 45.079597 ], [ -122.291451, 45.078526 ], [ -122.294136, 45.079487 ], [ -122.296669, 45.079041 ], [ -122.301521, 45.080196 ], [ -122.305977, 45.081615 ], [ -122.308167, 45.082893 ], [ -122.311356, 45.083878 ], [ -122.319939, 45.086037 ], [ -122.322929, 45.087032 ], [ -122.328255, 45.086758 ], [ -122.334129, 45.087669 ], [ -122.338837, 45.088161 ], [ -122.342651, 45.089725 ], [ -122.346558, 45.090366 ], [ -122.350014, 45.091782 ], [ -122.356438, 45.093609 ], [ -122.358795, 45.093563 ], [ -122.364861, 45.094246 ], [ -122.367027, 45.095043 ], [ -122.371803, 45.094883 ], [ -122.37513, 45.093899 ], [ -122.380577, 45.094177 ], [ -122.384865, 45.092758 ], [ -122.387344, 45.0923 ], [ -122.388451, 45.091183 ], [ -122.39032, 45.090839 ], [ -122.394424, 45.087616 ], [ -122.397133, 45.089333 ], [ -122.40065, 45.088852 ], [ -122.403778, 45.08913 ], [ -122.406784, 45.090046 ], [ -122.410072, 45.090183 ], [ -122.412109, 45.089245 ], [ -122.420502, 45.087418 ], [ -122.42392, 45.088264 ], [ -122.426147, 45.087189 ], [ -122.428894, 45.086666 ], [ -122.430829, 45.084742 ], [ -122.432014, 45.08429 ], [ -122.433365, 45.084084 ], [ -122.434303, 45.084038 ], [ -122.435982, 45.084267 ], [ -122.436371, 45.084541 ], [ -122.437139, 45.084782 ], [ -122.438217, 45.085888 ], [ -122.438156, 45.088951 ], [ -122.439026, 45.090302 ], [ -122.441254, 45.091217 ], [ -122.443253, 45.091534 ], [ -122.444321, 45.092335 ], [ -122.447906, 45.092358 ], [ -122.451744, 45.093685 ], [ -122.45536, 45.092793 ], [ -122.456615, 45.093424 ], [ -122.457649, 45.093845 ], [ -122.459785, 45.093067 ], [ -122.467041, 45.091465 ], [ -122.472107, 45.088123 ], [ -122.474403, 45.087234 ], [ -122.477501, 45.087345 ], [ -122.479721, 45.086292 ], [ -122.487846, 45.084557 ], [ -122.489365, 45.083092 ], [ -122.492996, 45.082188 ], [ -122.494034, 45.083233 ], [ -122.494186, 45.08535 ], [ -122.497414, 45.087521 ], [ -122.498444, 45.089211 ], [ -122.501991, 45.09129 ], [ -122.505188, 45.091866 ], [ -122.507996, 45.094059 ], [ -122.513153, 45.097057 ], [ -122.51619, 45.099461 ], [ -122.518837, 45.099964 ], [ -122.526237, 45.102455 ], [ -122.528046, 45.104546 ], [ -122.530418, 45.104977 ], [ -122.533455, 45.107697 ], [ -122.536682, 45.108795 ], [ -122.536613, 45.112476 ], [ -122.539879, 45.11499 ], [ -122.540169, 45.116066 ], [ -122.539284, 45.117462 ], [ -122.536674, 45.117874 ], [ -122.535261, 45.120167 ], [ -122.535545, 45.121166 ], [ -122.538261, 45.123543 ], [ -122.539902, 45.126358 ], [ -122.538383, 45.129055 ], [ -122.534607, 45.131317 ], [ -122.535637, 45.134243 ], [ -122.535446, 45.135754 ], [ -122.533691, 45.138 ], [ -122.53421, 45.139984 ], [ -122.536957, 45.141129 ], [ -122.537407, 45.145813 ], [ -122.540092, 45.148056 ], [ -122.540512, 45.14986 ] ] ] ] } },
{ "type": "Feature", "properties": { "GEOID": "41005024200", "average_size": 2.8700305810397553 }, "geometry": { "type": "MultiPolygon", "coordinates": [ [ [ [ -122.349899, 45.300034 ], [ -122.347816, 45.297516 ], [ -122.348217, 45.300044 ], [ -122.34686, 45.301013 ], [ -122.345747, 45.30178 ], [ -122.346203, 45.304408 ], [ -122.343409, 45.305201 ], [ -122.339039, 45.306354 ], [ -122.339729, 45.307729 ], [ -122.339989, 45.308263 ], [ -122.343116, 45.314962 ], [ -122.343184, 45.315233 ], [ -122.337185, 45.315209 ], [ -122.327971, 45.315079 ], [ -122.323769, 45.314671 ], [ -122.32275, 45.315053 ], [ -122.312942, 45.31485 ], [ -122.31209, 45.314519 ], [ -122.311566, 45.311669 ], [ -122.30168, 45.311621 ], [ -122.30168, 45.309861 ], [ -122.291932, 45.309955 ], [ -122.287912, 45.309726 ], [ -122.285071, 45.309042 ], [ -122.284155, 45.309745 ], [ -122.281524, 45.309136 ], [ -122.281077, 45.307894 ], [ -122.279628, 45.308291 ], [ -122.277038, 45.307546 ], [ -122.279732, 45.309682 ], [ -122.281001, 45.311837 ], [ -122.281851, 45.314675 ], [ -122.281603, 45.315445 ], [ -122.280716, 45.312744 ], [ -122.278915, 45.310238 ], [ -122.2761, 45.307667 ], [ -122.273819, 45.306896 ], [ -122.271118, 45.306786 ], [ -122.269842, 45.305053 ], [ -122.265472, 45.301685 ], [ -122.263603, 45.298553 ], [ -122.258743, 45.29718 ], [ -122.256516, 45.293957 ], [ -122.25353, 45.292653 ], [ -122.253593, 45.291676 ], [ -122.251205, 45.291725 ], [ -122.250885, 45.290356 ], [ -122.24749, 45.2882 ], [ -122.244377, 45.287197 ], [ -122.242531, 45.28587 ], [ -122.239975, 45.285301 ], [ -122.239388, 45.283268 ], [ -122.237572, 45.282215 ], [ -122.235756, 45.280182 ], [ -122.229561, 45.27758 ], [ -122.227974, 45.278358 ], [ -122.223015, 45.277378 ], [ -122.219131, 45.275391 ], [ -122.218124, 45.273972 ], [ -122.216118, 45.273422 ], [ -122.210838, 45.275162 ], [ -122.204762, 45.275951 ], [ -122.202324, 45.275917 ], [ -122.200706, 45.276512 ], [ -122.194519, 45.277817 ], [ -122.188141, 45.276924 ], [ -122.182632, 45.277473 ], [ -122.177811, 45.280079 ], [ -122.176064, 45.280193 ], [ -122.173843, 45.281281 ], [ -122.172462, 45.283463 ], [ -122.170265, 45.28289 ], [ -122.167831, 45.282936 ], [ -122.166443, 45.283623 ], [ -122.16375, 45.286507 ], [ -122.160667, 45.286697 ], [ -122.153061, 45.284885 ], [ -122.146523, 45.286427 ], [ -122.145027, 45.288189 ], [ -122.144211, 45.291397 ], [ -122.141533, 45.293354 ], [ -122.139519, 45.293785 ], [ -122.137703, 45.295227 ], [ -122.134178, 45.296917 ], [ -122.130424, 45.297623 ], [ -122.127555, 45.297752 ], [ -122.127587, 45.247653 ], [ -122.137162, 45.247841 ], [ -122.136896, 45.244095 ], [ -122.127587, 45.243907 ], [ -122.128119, 45.229861 ], [ -122.13796, 45.229861 ], [ -122.13796, 45.232857 ], [ -122.148332, 45.232857 ], [ -122.148332, 45.229673 ], [ -122.174521, 45.229792 ], [ -122.189823, 45.229861 ], [ -122.190089, 45.244657 ], [ -122.230516, 45.244095 ], [ -122.230516, 45.230188 ], [ -122.230516, 45.215626 ], [ -122.238274, 45.215266 ], [ -122.241203, 45.218235 ], [ -122.245506, 45.221069 ], [ -122.249718, 45.223042 ], [ -122.251816, 45.224731 ], [ -122.254793, 45.228821 ], [ -122.253313, 45.228832 ], [ -122.261479, 45.238803 ], [ -122.263201, 45.239661 ], [ -122.26701, 45.240101 ], [ -122.269876, 45.241017 ], [ -122.274466, 45.243161 ], [ -122.277709, 45.243906 ], [ -122.280693, 45.244011 ], [ -122.282471, 45.243164 ], [ -122.288284, 45.242069 ], [ -122.294445, 45.244534 ], [ -122.296874, 45.244916 ], [ -122.301001, 45.244245 ], [ -122.303574, 45.244726 ], [ -122.303498, 45.246304 ], [ -122.300744, 45.249843 ], [ -122.298656, 45.251667 ], [ -122.297707, 45.253723 ], [ -122.297737, 45.256821 ], [ -122.299477, 45.259682 ], [ -122.302284, 45.261631 ], [ -122.30307, 45.263142 ], [ -122.306801, 45.263828 ], [ -122.310715, 45.266743 ], [ -122.314281, 45.267045 ], [ -122.320976, 45.268429 ], [ -122.32205, 45.269451 ], [ -122.322754, 45.272224 ], [ -122.322296, 45.275188 ], [ -122.322599, 45.27589 ], [ -122.324371, 45.278549 ], [ -122.327595, 45.280544 ], [ -122.33088, 45.28174 ], [ -122.332215, 45.282341 ], [ -122.332146, 45.282431 ], [ -122.334746, 45.283141 ], [ -122.342621, 45.28647 ], [ -122.344268, 45.28844 ], [ -122.343812, 45.292425 ], [ -122.347126, 45.294921 ], [ -122.348412, 45.297328 ], [ -122.349841, 45.298958 ], [ -122.350454, 45.299352 ], [ -122.349899, 45.300034 ] ] ] ] } },
{ "type": "Feature", "properties": { "GEOID": "41005024302", "average_size": 2.5350383631713553 }, "geometry": { "type": "MultiPolygon", "coordinates": [ [ [ [ -122.288734, 45.324604 ], [ -122.289108, 45.325008 ], [ -122.288507, 45.325591 ], [ -122.285624, 45.328116 ], [ -122.282164, 45.328457 ], [ -122.280934, 45.327459 ], [ -122.275132, 45.325598 ], [ -122.271539, 45.325023 ], [ -122.269789, 45.324021 ], [ -122.264471, 45.3268 ], [ -122.263076, 45.324651 ], [ -122.26179, 45.324951 ], [ -122.258094, 45.324677 ], [ -122.256102, 45.325701 ], [ -122.253915, 45.327829 ], [ -122.249827, 45.328026 ], [ -122.249596, 45.331373 ], [ -122.229436, 45.331212 ], [ -122.228809, 45.333612 ], [ -122.231621, 45.334485 ], [ -122.231474, 45.335336 ], [ -122.229528, 45.335881 ], [ -122.229875, 45.336919 ], [ -122.232127, 45.337368 ], [ -122.234783, 45.33856 ], [ -122.235372, 45.34588 ], [ -122.235398, 45.351317 ], [ -122.234321, 45.352117 ], [ -122.236845, 45.352869 ], [ -122.237231, 45.353612 ], [ -122.235137, 45.356346 ], [ -122.23489, 45.365673 ], [ -122.231445, 45.366804 ], [ -122.230251, 45.367608 ], [ -122.224551, 45.367645 ], [ -122.224453, 45.374374 ], [ -122.224711, 45.374949 ], [ -122.225636, 45.376638 ], [ -122.225944, 45.378833 ], [ -122.227293, 45.380663 ], [ -122.232279, 45.384311 ], [ -122.234559, 45.386004 ], [ -122.234894, 45.387056 ], [ -122.235612, 45.388515 ], [ -122.237696, 45.390303 ], [ -122.238305, 45.390463 ], [ -122.239612, 45.390689 ], [ -122.240456, 45.390899 ], [ -122.240837, 45.391031 ], [ -122.242699, 45.391716 ], [ -122.24311, 45.391541 ], [ -122.25, 45.395593 ], [ -122.252778, 45.396506 ], [ -122.255542, 45.397003 ], [ -122.253895, 45.398417 ], [ -122.250054, 45.397927 ], [ -122.245232, 45.395983 ], [ -122.247085, 45.398476 ], [ -122.245826, 45.399808 ], [ -122.243256, 45.406075 ], [ -122.241192, 45.407557 ], [ -122.235351, 45.407464 ], [ -122.233657, 45.40446 ], [ -122.231372, 45.402914 ], [ -122.229988, 45.402676 ], [ -122.226109, 45.4033 ], [ -122.221937, 45.402468 ], [ -122.216213, 45.400729 ], [ -122.21311, 45.40009 ], [ -122.210489, 45.398694 ], [ -122.207051, 45.394637 ], [ -122.204325, 45.393775 ], [ -122.20118, 45.394102 ], [ -122.198181, 45.395542 ], [ -122.194824, 45.395958 ], [ -122.193207, 45.396965 ], [ -122.191582, 45.399982 ], [ -122.18853, 45.401928 ], [ -122.18042, 45.402428 ], [ -122.176338, 45.402252 ], [ -122.173698, 45.401695 ], [ -122.171463, 45.39925 ], [ -122.169609, 45.39822 ], [ -122.166725, 45.397465 ], [ -122.163841, 45.395042 ], [ -122.160561, 45.393692 ], [ -122.159004, 45.393646 ], [ -122.152901, 45.394466 ], [ -122.149361, 45.395313 ], [ -122.14592, 45.3978 ], [ -122.141182, 45.399105 ], [ -122.136093, 45.399044 ], [ -122.132224, 45.399818 ], [ -122.127473, 45.398436 ], [ -122.126822, 45.396463 ], [ -122.128664, 45.394382 ], [ -122.129337, 45.392242 ], [ -122.132885, 45.388031 ], [ -122.134193, 45.385952 ], [ -122.134825, 45.38313 ], [ -122.133938, 45.380095 ], [ -122.133329, 45.379599 ], [ -122.132584, 45.37938 ], [ -122.126842, 45.380712 ], [ -122.126302, 45.380602 ], [ -122.115044, 45.38266 ], [ -122.111053, 45.382164 ], [ -122.105309, 45.38237 ], [ -122.102943, 45.381481 ], [ -122.101158, 45.379265 ], [ -122.096191, 45.379311 ], [ -122.089157, 45.378193 ], [ -122.081337, 45.378193 ], [ -122.078026, 45.377556 ], [ -122.075851, 45.377781 ], [ -122.072678, 45.379475 ], [ -122.068977, 45.379887 ], [ -122.065117, 45.380894 ], [ -122.058205, 45.385166 ], [ -122.053307, 45.386013 ], [ -122.049225, 45.385918 ], [ -122.044701, 45.382744 ], [ -122.034752, 45.379311 ], [ -122.029305, 45.375698 ], [ -122.024025, 45.375034 ], [ -122.020824, 45.372592 ], [ -122.021523, 45.36832 ], [ -122.020798, 45.365337 ], [ -122.017998, 45.361141 ], [ -122.015923, 45.359974 ], [ -122.012779, 45.359104 ], [ -122.009796, 45.362827 ], [ -122.008003, 45.36301 ], [ -122.000717, 45.358707 ], [ -122.000557, 45.357773 ], [ -122.001884, 45.354843 ], [ -122.00029, 45.351189 ], [ -121.996979, 45.348515 ], [ -121.993591, 45.349514 ], [ -121.989655, 45.350094 ], [ -121.98333, 45.348637 ], [ -121.982872, 45.347218 ], [ -121.983749, 45.345798 ], [ -121.983414, 45.343975 ], [ -121.981544, 45.343285 ], [ -121.979668, 45.343517 ], [ -121.977066, 45.34034 ], [ -121.971886, 45.337788 ], [ -121.970192, 45.33659 ], [ -121.968445, 45.334305 ], [ -121.965622, 45.333645 ], [ -121.962349, 45.332088 ], [ -121.962224, 45.328307 ], [ -121.961624, 45.325245 ], [ -121.959717, 45.324043 ], [ -121.958618, 45.322556 ], [ -121.956396, 45.321574 ], [ -121.953529, 45.31963 ], [ -121.95356, 45.316978 ], [ -121.948502, 45.315826 ], [ -121.948021, 45.315243 ], [ -121.948112, 45.313229 ], [ -121.946083, 45.311218 ], [ -121.945618, 45.309025 ], [ -121.943092, 45.306099 ], [ -121.941505, 45.302921 ], [ -121.93972, 45.301548 ], [ -121.940407, 45.299259 ], [ -121.93972, 45.298325 ], [ -121.941475, 45.296265 ], [ -121.942673, 45.293911 ], [ -121.940598, 45.29126 ], [ -121.940529, 45.28767 ], [ -121.943481, 45.284515 ], [ -121.943382, 45.281979 ], [ -121.940567, 45.280331 ], [ -121.940598, 45.278481 ], [ -121.939529, 45.277611 ], [ -121.941818, 45.274109 ], [ -121.93869, 45.273335 ], [ -121.938202, 45.272171 ], [ -121.940369, 45.269699 ], [ -121.942085, 45.268543 ], [ -121.941406, 45.267414 ], [ -121.942795, 45.265701 ], [ -121.944809, 45.264809 ], [ -121.945076, 45.262844 ], [ -121.946634, 45.261045 ], [ -122.002966, 45.260859 ], [ -122.023799, 45.259276 ], [ -122.044257, 45.259222 ], [ -122.044597, 45.258345 ], [ -122.05459, 45.258148 ], [ -122.053635, 45.260826 ], [ -122.052834, 45.265106 ], [ -122.054947, 45.270454 ], [ -122.054428, 45.275581 ], [ -122.05909, 45.279327 ], [ -122.066086, 45.281681 ], [ -122.068451, 45.284241 ], [ -122.070747, 45.284973 ], [ -122.071915, 45.286182 ], [ -122.077324, 45.289932 ], [ -122.080887, 45.291855 ], [ -122.086296, 45.293888 ], [ -122.087502, 45.295029 ], [ -122.094139, 45.29681 ], [ -122.096375, 45.298115 ], [ -122.101456, 45.298443 ], [ -122.10321, 45.299255 ], [ -122.106384, 45.298454 ], [ -122.109787, 45.298862 ], [ -122.114357, 45.297878 ], [ -122.117493, 45.298473 ], [ -122.119339, 45.297787 ], [ -122.124138, 45.298378 ], [ -122.127555, 45.297752 ], [ -122.130424, 45.297623 ], [ -122.134178, 45.296917 ], [ -122.137703, 45.295227 ], [ -122.139519, 45.293785 ], [ -122.141533, 45.293354 ], [ -122.144211, 45.291397 ], [ -122.145027, 45.288189 ], [ -122.146523, 45.286427 ], [ -122.153061, 45.284885 ], [ -122.160667, 45.286697 ], [ -122.16375, 45.286507 ], [ -122.166443, 45.283623 ], [ -122.167831, 45.282936 ], [ -122.170265, 45.28289 ], [ -122.172462, 45.283463 ], [ -122.173843, 45.281281 ], [ -122.176064, 45.280193 ], [ -122.177811, 45.280079 ], [ -122.182632, 45.277473 ], [ -122.188141, 45.276924 ], [ -122.194519, 45.277817 ], [ -122.200706, 45.276512 ], [ -122.202324, 45.275917 ], [ -122.204762, 45.275951 ], [ -122.210838, 45.275162 ], [ -122.216118, 45.273422 ], [ -122.218124, 45.273972 ], [ -122.219131, 45.275391 ], [ -122.223015, 45.277378 ], [ -122.227974, 45.278358 ], [ -122.229561, 45.27758 ], [ -122.235756, 45.280182 ], [ -122.237572, 45.282215 ], [ -122.239388, 45.283268 ], [ -122.239975, 45.285301 ], [ -122.242531, 45.28587 ], [ -122.244377, 45.287197 ], [ -122.24749, 45.2882 ], [ -122.250885, 45.290356 ], [ -122.251205, 45.291725 ], [ -122.253593, 45.291676 ], [ -122.25353, 45.292653 ], [ -122.256516, 45.293957 ], [ -122.258743, 45.29718 ], [ -122.263603, 45.298553 ], [ -122.265472, 45.301685 ], [ -122.269842, 45.305053 ], [ -122.271118, 45.306786 ], [ -122.273819, 45.306896 ], [ -122.2761, 45.307667 ], [ -122.278915, 45.310238 ], [ -122.280716, 45.312744 ], [ -122.281603, 45.315445 ], [ -122.282532, 45.317139 ], [ -122.286102, 45.319916 ], [ -122.288101, 45.320332 ], [ -122.289772, 45.323387 ], [ -122.288734, 45.324604 ] ] ] ] } },
{ "type": "Feature", "properties": { "GEOID": "41005024303", "average_size": 2.0711267605633803 }, "geometry": { "type": "MultiPolygon", "coordinates": [ [ [ [ -122.03083, 45.379051 ], [ -122.030892, 45.379559 ], [ -122.028486, 45.379763 ], [ -122.022409, 45.378815 ], [ -122.018061, 45.379912 ], [ -122.011147, 45.379492 ], [ -122.009111, 45.378116 ], [ -122.004232, 45.37619 ], [ -122.002481, 45.372876 ], [ -122.00057, 45.371581 ], [ -121.992673, 45.368041 ], [ -121.990041, 45.36715 ], [ -121.986011, 45.364842 ], [ -121.983477, 45.364131 ], [ -121.98169, 45.363013 ], [ -121.976217, 45.360805 ], [ -121.975003, 45.359872 ], [ -121.968735, 45.358069 ], [ -121.967553, 45.357087 ], [ -121.96304, 45.355874 ], [ -121.95857, 45.353022 ], [ -121.953993, 45.349628 ], [ -121.953154, 45.349466 ], [ -121.950945, 45.348738 ], [ -121.946975, 45.349833 ], [ -121.941414, 45.352693 ], [ -121.93808, 45.35918 ], [ -121.936917, 45.359401 ], [ -121.936358, 45.359257 ], [ -121.937131, 45.358305 ], [ -121.937946, 45.357186 ], [ -121.938083, 45.356856 ], [ -121.938028, 45.356235 ], [ -121.939208, 45.352276 ], [ -121.941621, 45.349406 ], [ -121.942457, 45.347066 ], [ -121.942752, 45.345959 ], [ -121.942724, 45.343806 ], [ -121.945602, 45.34436 ], [ -121.946816, 45.341147 ], [ -121.948773, 45.339975 ], [ -121.948718, 45.338764 ], [ -121.951903, 45.334166 ], [ -121.951821, 45.329038 ], [ -121.952273, 45.324753 ], [ -121.95137, 45.322998 ], [ -121.952835, 45.322277 ], [ -121.956396, 45.321574 ], [ -121.958618, 45.322556 ], [ -121.959717, 45.324043 ], [ -121.961624, 45.325245 ], [ -121.962224, 45.328307 ], [ -121.962349, 45.332088 ], [ -121.965622, 45.333645 ], [ -121.968445, 45.334305 ], [ -121.970192, 45.33659 ], [ -121.971886, 45.337788 ], [ -121.977066, 45.34034 ], [ -121.979668, 45.343517 ], [ -121.981544, 45.343285 ], [ -121.983414, 45.343975 ], [ -121.983749, 45.345798 ], [ -121.982872, 45.347218 ], [ -121.98333, 45.348637 ], [ -121.989655, 45.350094 ], [ -121.993591, 45.349514 ], [ -121.996979, 45.348515 ], [ -122.00029, 45.351189 ], [ -122.001884, 45.354843 ], [ -122.000557, 45.357773 ], [ -122.000717, 45.358707 ], [ -122.008003, 45.36301 ], [ -122.009796, 45.362827 ], [ -122.012779, 45.359104 ], [ -122.015923, 45.359974 ], [ -122.017998, 45.361141 ], [ -122.020798, 45.365337 ], [ -122.021523, 45.36832 ], [ -122.020824, 45.372592 ], [ -122.024025, 45.375034 ], [ -122.029305, 45.375698 ], [ -122.034752, 45.379311 ], [ -122.03083, 45.379051 ] ] ] ] } },
{ "type": "Feature", "properties": { "GEOID": "41005024304", "average_size": 2.0623818525519848 }, "geometry": { "type": "MultiPolygon", "coordinates": [ [ [ [ -122.269247, 45.411386 ], [ -122.268761, 45.411922 ], [ -122.268303, 45.412224 ], [ -122.267699, 45.41239 ], [ -122.266685, 45.412888 ], [ -122.264191, 45.415798 ], [ -122.260323, 45.419178 ], [ -122.260727, 45.421387 ], [ -122.262794, 45.423058 ], [ -122.262885, 45.425452 ], [ -122.257996, 45.429852 ], [ -122.257683, 45.431602 ], [ -122.255722, 45.435272 ], [ -122.25555, 45.438048 ], [ -122.257418, 45.440784 ], [ -122.256442, 45.443023 ], [ -122.253749, 45.445045 ], [ -122.247141, 45.44623 ], [ -122.244831, 45.447648 ], [ -122.24307, 45.452311 ], [ -122.243312, 45.453091 ], [ -122.251278, 45.455833 ], [ -122.257585, 45.455651 ], [ -122.260722, 45.456084 ], [ -122.263047, 45.457398 ], [ -122.263944, 45.461412 ], [ -122.249828, 45.461422 ], [ -122.249969, 45.460935 ], [ -122.166674, 45.460837 ], [ -122.147212, 45.460828 ], [ -122.126545, 45.460039 ], [ -122.126544, 45.461299 ], [ -122.085981, 45.46058 ], [ -122.004194, 45.461534 ], [ -121.983147, 45.461403 ], [ -121.983148, 45.460237 ], [ -121.821956, 45.460226 ], [ -121.821959, 45.461674 ], [ -121.819587, 45.461675 ], [ -121.815501, 45.459678 ], [ -121.814319, 45.457968 ], [ -121.810726, 45.455518 ], [ -121.806845, 45.454649 ], [ -121.805977, 45.451832 ], [ -121.807559, 45.450143 ], [ -121.807583, 45.448983 ], [ -121.80559, 45.444307 ], [ -121.805791, 45.443096 ], [ -121.807908, 45.442561 ], [ -121.806939, 45.440485 ], [ -121.806916, 45.435494 ], [ -121.80456, 45.432929 ], [ -121.802589, 45.431927 ], [ -121.799679, 45.427854 ], [ -121.796434, 45.427171 ], [ -121.794539, 45.424228 ], [ -121.793651, 45.418572 ], [ -121.792696, 45.415174 ], [ -121.790802, 45.415202 ], [ -121.785633, 45.412164 ], [ -121.783928, 45.4101 ], [ -121.780122, 45.407275 ], [ -121.776204, 45.402672 ], [ -121.773181, 45.402457 ], [ -121.766144, 45.403433 ], [ -121.762165, 45.402844 ], [ -121.756938, 45.401105 ], [ -121.744622, 45.397261 ], [ -121.738405, 45.397131 ], [ -121.735074, 45.395664 ], [ -121.732298, 45.395593 ], [ -121.730946, 45.394798 ], [ -121.726508, 45.393784 ], [ -121.72419, 45.393648 ], [ -121.723201, 45.39177 ], [ -121.720904, 45.3894 ], [ -121.716979, 45.387131 ], [ -121.714579, 45.386754 ], [ -121.708575, 45.383619 ], [ -121.705532, 45.383545 ], [ -121.704123, 45.381733 ], [ -121.700473, 45.378531 ], [ -121.699988, 45.376309 ], [ -121.698113, 45.373838 ], [ -121.696925, 45.373564 ], [ -121.69756, 45.371963 ], [ -121.700209, 45.369899 ], [ -121.699231, 45.368338 ], [ -121.700709, 45.366277 ], [ -121.700918, 45.364545 ], [ -121.702141, 45.363389 ], [ -121.70123, 45.356172 ], [ -121.701957, 45.35187 ], [ -121.703546, 45.349016 ], [ -121.70326, 45.346629 ], [ -121.704223, 45.344448 ], [ -121.704567, 45.339223 ], [ -121.703592, 45.338957 ], [ -121.702846, 45.334258 ], [ -121.70326, 45.331267 ], [ -121.702476, 45.329188 ], [ -121.700932, 45.327889 ], [ -121.698691, 45.323929 ], [ -121.697615, 45.322947 ], [ -121.693809, 45.321348 ], [ -121.691752, 45.319453 ], [ -121.689975, 45.316379 ], [ -121.688772, 45.309477 ], [ -121.687276, 45.306251 ], [ -121.687945, 45.30503 ], [ -121.685262, 45.30306 ], [ -121.683547, 45.300714 ], [ -121.68159, 45.299775 ], [ -121.679081, 45.297177 ], [ -121.679232, 45.295895 ], [ -121.680813, 45.294816 ], [ -121.679888, 45.292672 ], [ -121.68, 45.290025 ], [ -121.681973, 45.287942 ], [ -121.684562, 45.286259 ], [ -121.68505, 45.283681 ], [ -121.685033, 45.281798 ], [ -121.687532, 45.279234 ], [ -121.689008, 45.276153 ], [ -121.690481, 45.275625 ], [ -121.690732, 45.271641 ], [ -121.692134, 45.268412 ], [ -121.695032, 45.263859 ], [ -121.696479, 45.25792 ], [ -121.696411, 45.255359 ], [ -121.691878, 45.254141 ], [ -121.689261, 45.251348 ], [ -121.680898, 45.250581 ], [ -121.682463, 45.247204 ], [ -121.681537, 45.243495 ], [ -121.684793, 45.240067 ], [ -121.685304, 45.235873 ], [ -121.686262, 45.233301 ], [ -121.684475, 45.230368 ], [ -121.682607, 45.228988 ], [ -121.685082, 45.228409 ], [ -121.689772, 45.22965 ], [ -121.691112, 45.229558 ], [ -121.697685, 45.227391 ], [ -121.698375, 45.226448 ], [ -121.702123, 45.231332 ], [ -121.701914, 45.232761 ], [ -121.698199, 45.23594 ], [ -121.698127, 45.237472 ], [ -121.700417, 45.240638 ], [ -121.704147, 45.237907 ], [ -121.705986, 45.237053 ], [ -121.709099, 45.232304 ], [ -121.712784, 45.227798 ], [ -121.71537, 45.228073 ], [ -121.716591, 45.22686 ], [ -121.720978, 45.225937 ], [ -121.732582, 45.222603 ], [ -121.736656, 45.220821 ], [ -121.739403, 45.218533 ], [ -121.74247, 45.218281 ], [ -121.742897, 45.219398 ], [ -121.747101, 45.221134 ], [ -121.749138, 45.21983 ], [ -121.75161, 45.21912 ], [ -121.753677, 45.219303 ], [ -121.755173, 45.216995 ], [ -121.758827, 45.216747 ], [ -121.765541, 45.217232 ], [ -121.770599, 45.215244 ], [ -121.775612, 45.216251 ], [ -121.777328, 45.214699 ], [ -121.78389, 45.214478 ], [ -121.789848, 45.216164 ], [ -121.791267, 45.21701 ], [ -121.791847, 45.218884 ], [ -121.794853, 45.222198 ], [ -121.796005, 45.222904 ], [ -121.800552, 45.223686 ], [ -121.806305, 45.222683 ], [ -121.813751, 45.223301 ], [ -121.814491, 45.225014 ], [ -121.815758, 45.225586 ], [ -121.821548, 45.22562 ], [ -121.824554, 45.226501 ], [ -121.830894, 45.22625 ], [ -121.833611, 45.225449 ], [ -121.840538, 45.225422 ], [ -121.842667, 45.223961 ], [ -121.846321, 45.223412 ], [ -121.84671, 45.222084 ], [ -121.849365, 45.220436 ], [ -121.854698, 45.219612 ], [ -121.855637, 45.220596 ], [ -121.858192, 45.221119 ], [ -121.859291, 45.220684 ], [ -121.862564, 45.222698 ], [ -121.862953, 45.224411 ], [ -121.867256, 45.224022 ], [ -121.870064, 45.226562 ], [ -121.871719, 45.226898 ], [ -121.875511, 45.229115 ], [ -121.874802, 45.231628 ], [ -121.877953, 45.235264 ], [ -121.881317, 45.236088 ], [ -121.881828, 45.238762 ], [ -121.883575, 45.239746 ], [ -121.88694, 45.242676 ], [ -121.888527, 45.242493 ], [ -121.890823, 45.243637 ], [ -121.893539, 45.243889 ], [ -121.895187, 45.244759 ], [ -121.897682, 45.247551 ], [ -121.899719, 45.247437 ], [ -121.901077, 45.249615 ], [ -121.904739, 45.251678 ], [ -121.90593, 45.254013 ], [ -121.908455, 45.256096 ], [ -121.91214, 45.258312 ], [ -121.915443, 45.259686 ], [ -121.918129, 45.261673 ], [ -121.921234, 45.262794 ], [ -121.922379, 45.264084 ], [ -121.922562, 45.266132 ], [ -121.923988, 45.266407 ], [ -121.926285, 45.268055 ], [ -121.930565, 45.268032 ], [ -121.931152, 45.269573 ], [ -121.932755, 45.270699 ], [ -121.937973, 45.271622 ], [ -121.938202, 45.272171 ], [ -121.93869, 45.273335 ], [ -121.941818, 45.274109 ], [ -121.939529, 45.277611 ], [ -121.940598, 45.278481 ], [ -121.940567, 45.280331 ], [ -121.943382, 45.281979 ], [ -121.943481, 45.284515 ], [ -121.940529, 45.28767 ], [ -121.940598, 45.29126 ], [ -121.942673, 45.293911 ], [ -121.941475, 45.296265 ], [ -121.93972, 45.298325 ], [ -121.940407, 45.299259 ], [ -121.93972, 45.301548 ], [ -121.941505, 45.302921 ], [ -121.943092, 45.306099 ], [ -121.945618, 45.309025 ], [ -121.946083, 45.311218 ], [ -121.948112, 45.313229 ], [ -121.948021, 45.315243 ], [ -121.948502, 45.315826 ], [ -121.95356, 45.316978 ], [ -121.953529, 45.31963 ], [ -121.956396, 45.321574 ], [ -121.952835, 45.322277 ], [ -121.95137, 45.322998 ], [ -121.952273, 45.324753 ], [ -121.951821, 45.329038 ], [ -121.951903, 45.334166 ], [ -121.948718, 45.338764 ], [ -121.948773, 45.339975 ], [ -121.946816, 45.341147 ], [ -121.945602, 45.34436 ], [ -121.942724, 45.343806 ], [ -121.942752, 45.345959 ], [ -121.942457, 45.347066 ], [ -121.941621, 45.349406 ], [ -121.939208, 45.352276 ], [ -121.938028, 45.356235 ], [ -121.938083, 45.356856 ], [ -121.937946, 45.357186 ], [ -121.937131, 45.358305 ], [ -121.936358, 45.359257 ], [ -121.936917, 45.359401 ], [ -121.93808, 45.35918 ], [ -121.941414, 45.352693 ], [ -121.946975, 45.349833 ], [ -121.950945, 45.348738 ], [ -121.953154, 45.349466 ], [ -121.953993, 45.349628 ], [ -121.95857, 45.353022 ], [ -121.96304, 45.355874 ], [ -121.967553, 45.357087 ], [ -121.968735, 45.358069 ], [ -121.975003, 45.359872 ], [ -121.976217, 45.360805 ], [ -121.98169, 45.363013 ], [ -121.983477, 45.364131 ], [ -121.986011, 45.364842 ], [ -121.990041, 45.36715 ], [ -121.992673, 45.368041 ], [ -122.00057, 45.371581 ], [ -122.002481, 45.372876 ], [ -122.004232, 45.37619 ], [ -122.009111, 45.378116 ], [ -122.011147, 45.379492 ], [ -122.018061, 45.379912 ], [ -122.022409, 45.378815 ], [ -122.028486, 45.379763 ], [ -122.030892, 45.379559 ], [ -122.03083, 45.379051 ], [ -122.034752, 45.379311 ], [ -122.044701, 45.382744 ], [ -122.049225, 45.385918 ], [ -122.053307, 45.386013 ], [ -122.058205, 45.385166 ], [ -122.065117, 45.380894 ], [ -122.068977, 45.379887 ], [ -122.072678, 45.379475 ], [ -122.075851, 45.377781 ], [ -122.078026, 45.377556 ], [ -122.081337, 45.378193 ], [ -122.089157, 45.378193 ], [ -122.096191, 45.379311 ], [ -122.101158, 45.379265 ], [ -122.102943, 45.381481 ], [ -122.105309, 45.38237 ], [ -122.111053, 45.382164 ], [ -122.115044, 45.38266 ], [ -122.126302, 45.380602 ], [ -122.126842, 45.380712 ], [ -122.132584, 45.37938 ], [ -122.133329, 45.379599 ], [ -122.133938, 45.380095 ], [ -122.134825, 45.38313 ], [ -122.134193, 45.385952 ], [ -122.132885, 45.388031 ], [ -122.129337, 45.392242 ], [ -122.128664, 45.394382 ], [ -122.126822, 45.396463 ], [ -122.127473, 45.398436 ], [ -122.132224, 45.399818 ], [ -122.136093, 45.399044 ], [ -122.141182, 45.399105 ], [ -122.14592, 45.3978 ], [ -122.149361, 45.395313 ], [ -122.152901, 45.394466 ], [ -122.159004, 45.393646 ], [ -122.160561, 45.393692 ], [ -122.163841, 45.395042 ], [ -122.166725, 45.397465 ], [ -122.169609, 45.39822 ], [ -122.171463, 45.39925 ], [ -122.173698, 45.401695 ], [ -122.176338, 45.402252 ], [ -122.18042, 45.402428 ], [ -122.18853, 45.401928 ], [ -122.191582, 45.399982 ], [ -122.193207, 45.396965 ], [ -122.194824, 45.395958 ], [ -122.198181, 45.395542 ], [ -122.20118, 45.394102 ], [ -122.204325, 45.393775 ], [ -122.207051, 45.394637 ], [ -122.210489, 45.398694 ], [ -122.21311, 45.40009 ], [ -122.216213, 45.400729 ], [ -122.221937, 45.402468 ], [ -122.226109, 45.4033 ], [ -122.229988, 45.402676 ], [ -122.231372, 45.402914 ], [ -122.233657, 45.40446 ], [ -122.235351, 45.407464 ], [ -122.239377, 45.40964 ], [ -122.241781, 45.412776 ], [ -122.243719, 45.414204 ], [ -122.249814, 45.413858 ], [ -122.252739, 45.411457 ], [ -122.254791, 45.410961 ], [ -122.256104, 45.411766 ], [ -122.257927, 45.414619 ], [ -122.260666, 45.413342 ], [ -122.261703, 45.411533 ], [ -122.265287, 45.410157 ], [ -122.266609, 45.409847 ], [ -122.267677, 45.409988 ], [ -122.268555, 45.410385 ], [ -122.268784, 45.410679 ], [ -122.26889, 45.411144 ], [ -122.269247, 45.411386 ] ] ] ] } },
{ "type": "Feature", "properties": { "GEOID": "41005024401", "average_size": 2.5574837310195226 }, "geometry": { "type": "MultiPolygon", "coordinates": [ [ [ [ -122.756235, 45.319849 ], [ -122.755963, 45.321498 ], [ -122.753994, 45.322814 ], [ -122.753106, 45.324233 ], [ -122.752439, 45.324752 ], [ -122.751049, 45.325626 ], [ -122.749986, 45.32852 ], [ -122.746817, 45.332045 ], [ -122.743741, 45.332067 ], [ -122.743757, 45.324829 ], [ -122.743762, 45.322302 ], [ -122.74375, 45.317548 ], [ -122.743791, 45.316919 ], [ -122.748211, 45.310375 ], [ -122.749154, 45.307536 ], [ -122.750397, 45.304386 ], [ -122.75267, 45.30319 ], [ -122.756134, 45.303151 ], [ -122.756172, 45.304413 ], [ -122.753822, 45.306671 ], [ -122.752899, 45.309464 ], [ -122.753899, 45.311611 ], [ -122.754196, 45.315556 ], [ -122.755229, 45.317502 ], [ -122.756072, 45.319127 ], [ -122.756235, 45.319849 ] ] ] ] } },
{ "type": "Feature", "properties": { "GEOID": "41005024402", "average_size": 2.3091508656224238 }, "geometry": { "type": "MultiPolygon", "coordinates": [ [ [ [ -122.769123, 45.331909 ], [ -122.764942, 45.331928 ], [ -122.75407, 45.331994 ], [ -122.746817, 45.332045 ], [ -122.749986, 45.32852 ], [ -122.751049, 45.325626 ], [ -122.752439, 45.324752 ], [ -122.753106, 45.324233 ], [ -122.753994, 45.322814 ], [ -122.755963, 45.321498 ], [ -122.756235, 45.319849 ], [ -122.756072, 45.319127 ], [ -122.755229, 45.317502 ], [ -122.754196, 45.315556 ], [ -122.753899, 45.311611 ], [ -122.752899, 45.309464 ], [ -122.753822, 45.306671 ], [ -122.756172, 45.304413 ], [ -122.756134, 45.303151 ], [ -122.757642, 45.303162 ], [ -122.760306, 45.303009 ], [ -122.769106, 45.302953 ], [ -122.769117, 45.310142 ], [ -122.769125, 45.317465 ], [ -122.769123, 45.331909 ] ] ] ] } },
{ "type": "Feature", "properties": { "GEOID": "41005980000", "average_size": 1.0 }, "geometry": { "type": "MultiPolygon", "coordinates": [ [ [ [ -122.266518, 45.231178 ], [ -122.262699, 45.231771 ], [ -122.264378, 45.23607 ], [ -122.256204, 45.228839 ], [ -122.254793, 45.228821 ], [ -122.251816, 45.224731 ], [ -122.249718, 45.223042 ], [ -122.245506, 45.221069 ], [ -122.241203, 45.218235 ], [ -122.238274, 45.215266 ], [ -122.230516, 45.215626 ], [ -122.230516, 45.230188 ], [ -122.230516, 45.244095 ], [ -122.190089, 45.244657 ], [ -122.189823, 45.229861 ], [ -122.174521, 45.229792 ], [ -122.148332, 45.229673 ], [ -122.148332, 45.232857 ], [ -122.13796, 45.232857 ], [ -122.13796, 45.229861 ], [ -122.128119, 45.229861 ], [ -122.127587, 45.243907 ], [ -122.136896, 45.244095 ], [ -122.137162, 45.247841 ], [ -122.127587, 45.247653 ], [ -122.127555, 45.297752 ], [ -122.124138, 45.298378 ], [ -122.119339, 45.297787 ], [ -122.117493, 45.298473 ], [ -122.114357, 45.297878 ], [ -122.109787, 45.298862 ], [ -122.106384, 45.298454 ], [ -122.10321, 45.299255 ], [ -122.101456, 45.298443 ], [ -122.096375, 45.298115 ], [ -122.094139, 45.29681 ], [ -122.087502, 45.295029 ], [ -122.086296, 45.293888 ], [ -122.080887, 45.291855 ], [ -122.077324, 45.289932 ], [ -122.071915, 45.286182 ], [ -122.070747, 45.284973 ], [ -122.068451, 45.284241 ], [ -122.066086, 45.281681 ], [ -122.05909, 45.279327 ], [ -122.054428, 45.275581 ], [ -122.054947, 45.270454 ], [ -122.052834, 45.265106 ], [ -122.053635, 45.260826 ], [ -122.05459, 45.258148 ], [ -122.044597, 45.258345 ], [ -122.044257, 45.259222 ], [ -122.023799, 45.259276 ], [ -122.002966, 45.260859 ], [ -121.946634, 45.261045 ], [ -121.945076, 45.262844 ], [ -121.944809, 45.264809 ], [ -121.942795, 45.265701 ], [ -121.941406, 45.267414 ], [ -121.942085, 45.268543 ], [ -121.940369, 45.269699 ], [ -121.938202, 45.272171 ], [ -121.937973, 45.271622 ], [ -121.932755, 45.270699 ], [ -121.931152, 45.269573 ], [ -121.930565, 45.268032 ], [ -121.926285, 45.268055 ], [ -121.923988, 45.266407 ], [ -121.922562, 45.266132 ], [ -121.922379, 45.264084 ], [ -121.921234, 45.262794 ], [ -121.918129, 45.261673 ], [ -121.915443, 45.259686 ], [ -121.91214, 45.258312 ], [ -121.908455, 45.256096 ], [ -121.90593, 45.254013 ], [ -121.904739, 45.251678 ], [ -121.901077, 45.249615 ], [ -121.899719, 45.247437 ], [ -121.897682, 45.247551 ], [ -121.895187, 45.244759 ], [ -121.893539, 45.243889 ], [ -121.890823, 45.243637 ], [ -121.888527, 45.242493 ], [ -121.88694, 45.242676 ], [ -121.883575, 45.239746 ], [ -121.881828, 45.238762 ], [ -121.881317, 45.236088 ], [ -121.877953, 45.235264 ], [ -121.874802, 45.231628 ], [ -121.875511, 45.229115 ], [ -121.871719, 45.226898 ], [ -121.870064, 45.226562 ], [ -121.867256, 45.224022 ], [ -121.862953, 45.224411 ], [ -121.862564, 45.222698 ], [ -121.859291, 45.220684 ], [ -121.858192, 45.221119 ], [ -121.855637, 45.220596 ], [ -121.854698, 45.219612 ], [ -121.849365, 45.220436 ], [ -121.84671, 45.222084 ], [ -121.846321, 45.223412 ], [ -121.842667, 45.223961 ], [ -121.840538, 45.225422 ], [ -121.833611, 45.225449 ], [ -121.830894, 45.22625 ], [ -121.824554, 45.226501 ], [ -121.821548, 45.22562 ], [ -121.815758, 45.225586 ], [ -121.814491, 45.225014 ], [ -121.813751, 45.223301 ], [ -121.806305, 45.222683 ], [ -121.800552, 45.223686 ], [ -121.796005, 45.222904 ], [ -121.794853, 45.222198 ], [ -121.791847, 45.218884 ], [ -121.791267, 45.21701 ], [ -121.789848, 45.216164 ], [ -121.78389, 45.214478 ], [ -121.777328, 45.214699 ], [ -121.775612, 45.216251 ], [ -121.770599, 45.215244 ], [ -121.765541, 45.217232 ], [ -121.758827, 45.216747 ], [ -121.755173, 45.216995 ], [ -121.753677, 45.219303 ], [ -121.75161, 45.21912 ], [ -121.749138, 45.21983 ], [ -121.747101, 45.221134 ], [ -121.742897, 45.219398 ], [ -121.74247, 45.218281 ], [ -121.739403, 45.218533 ], [ -121.736656, 45.220821 ], [ -121.732582, 45.222603 ], [ -121.720978, 45.225937 ], [ -121.716591, 45.22686 ], [ -121.71537, 45.228073 ], [ -121.712784, 45.227798 ], [ -121.709099, 45.232304 ], [ -121.705986, 45.237053 ], [ -121.704147, 45.237907 ], [ -121.700417, 45.240638 ], [ -121.698127, 45.237472 ], [ -121.698199, 45.23594 ], [ -121.701914, 45.232761 ], [ -121.702123, 45.231332 ], [ -121.698375, 45.226448 ], [ -121.69945, 45.224054 ], [ -121.703592, 45.2233 ], [ -121.705971, 45.221466 ], [ -121.709251, 45.21998 ], [ -121.710517, 45.21847 ], [ -121.711275, 45.215347 ], [ -121.712953, 45.212368 ], [ -121.714469, 45.21133 ], [ -121.715592, 45.210941 ], [ -121.719697, 45.211691 ], [ -121.727341, 45.212044 ], [ -121.73048, 45.211543 ], [ -121.73492, 45.208963 ], [ -121.736292, 45.206919 ], [ -121.738512, 45.206156 ], [ -121.741175, 45.206788 ], [ -121.74687, 45.205997 ], [ -121.748245, 45.2051 ], [ -121.749061, 45.197559 ], [ -121.748649, 45.1918 ], [ -121.747973, 45.188995 ], [ -121.746454, 45.18635 ], [ -121.743454, 45.183795 ], [ -121.740329, 45.182227 ], [ -121.738794, 45.180374 ], [ -121.736506, 45.176313 ], [ -121.733403, 45.174913 ], [ -121.732018, 45.170913 ], [ -121.731438, 45.170633 ], [ -121.730168, 45.170314 ], [ -121.729226, 45.168594 ], [ -121.728533, 45.164721 ], [ -121.727194, 45.161556 ], [ -121.725283, 45.159339 ], [ -121.723999, 45.158354 ], [ -121.718675, 45.156838 ], [ -121.715716, 45.154039 ], [ -121.712219, 45.153424 ], [ -121.711596, 45.152824 ], [ -121.710503, 45.150597 ], [ -121.710201, 45.148733 ], [ -121.71065, 45.143283 ], [ -121.710291, 45.14039 ], [ -121.708402, 45.137271 ], [ -121.70805, 45.134055 ], [ -121.706179, 45.131594 ], [ -121.702383, 45.129102 ], [ -121.700208, 45.127066 ], [ -121.69865, 45.123789 ], [ -121.699675, 45.12179 ], [ -121.696085, 45.118883 ], [ -121.695074, 45.117392 ], [ -121.693387, 45.116934 ], [ -121.69088, 45.11806 ], [ -121.687776, 45.122474 ], [ -121.685005, 45.12369 ], [ -121.682723, 45.123572 ], [ -121.677722, 45.12236 ], [ -121.667021, 45.120519 ], [ -121.665717, 45.11972 ], [ -121.664694, 45.115172 ], [ -121.662881, 45.114456 ], [ -121.662382, 45.11335 ], [ -121.662415, 45.107592 ], [ -121.661656, 45.105425 ], [ -121.660444, 45.104415 ], [ -121.657245, 45.103177 ], [ -121.653866, 45.102852 ], [ -121.652638, 45.101992 ], [ -121.652581, 45.099886 ], [ -121.653315, 45.098582 ], [ -121.652732, 45.097111 ], [ -121.651394, 45.088803 ], [ -121.652018, 45.086706 ], [ -121.653593, 45.084943 ], [ -121.656909, 45.082515 ], [ -121.659639, 45.079635 ], [ -121.660828, 45.075258 ], [ -121.660419, 45.073623 ], [ -121.66043, 45.069473 ], [ -121.65871, 45.066355 ], [ -121.660852, 45.066362 ], [ -121.672405, 45.067683 ], [ -121.680346, 45.068111 ], [ -121.683277, 45.068012 ], [ -121.688164, 45.067109 ], [ -121.691214, 45.065692 ], [ -121.693396, 45.06365 ], [ -121.696035, 45.062866 ], [ -121.697656, 45.061626 ], [ -121.698143, 45.059579 ], [ -121.699939, 45.05852 ], [ -121.707639, 45.057054 ], [ -121.710813, 45.055912 ], [ -121.714462, 45.053214 ], [ -121.715266, 45.051756 ], [ -121.722584, 45.045432 ], [ -121.722407, 45.044095 ], [ -121.718977, 45.042325 ], [ -121.718681, 45.039285 ], [ -121.716996, 45.038037 ], [ -121.717652, 45.037566 ], [ -121.720814, 45.036915 ], [ -121.725175, 45.036784 ], [ -121.730625, 45.036182 ], [ -121.735545, 45.034668 ], [ -121.737791, 45.033616 ], [ -121.740994, 45.034428 ], [ -121.744103, 45.03385 ], [ -121.749443, 45.034098 ], [ -121.751454, 45.034836 ], [ -121.752152, 45.036162 ], [ -121.755915, 45.037218 ], [ -121.766495, 45.03958 ], [ -121.770738, 45.039837 ], [ -121.778672, 45.037277 ], [ -121.779906, 45.035136 ], [ -121.781727, 45.034399 ], [ -121.78183, 45.033698 ], [ -121.779672, 45.031646 ], [ -121.779132, 45.030126 ], [ -121.778803, 45.026237 ], [ -121.781121, 45.021486 ], [ -121.781588, 45.018144 ], [ -121.781098, 45.016312 ], [ -121.781958, 45.015214 ], [ -121.784556, 45.015132 ], [ -121.788805, 45.016028 ], [ -121.793219, 45.017471 ], [ -121.798154, 45.01615 ], [ -121.80044, 45.015183 ], [ -121.804426, 45.012877 ], [ -121.805269, 45.011496 ], [ -121.805667, 45.006124 ], [ -121.804406, 45.002217 ], [ -121.803163, 44.999614 ], [ -121.802547, 44.995386 ], [ -121.803471, 44.992173 ], [ -121.802935, 44.987321 ], [ -121.801623, 44.982743 ], [ -121.802626, 44.981021 ], [ -121.803345, 44.977103 ], [ -121.800131, 44.976452 ], [ -121.798684, 44.974963 ], [ -121.798502, 44.973167 ], [ -121.79603, 44.970487 ], [ -121.794783, 44.964926 ], [ -121.792475, 44.959666 ], [ -121.792162, 44.95786 ], [ -121.791112, 44.956569 ], [ -121.787787, 44.95477 ], [ -121.786147, 44.952248 ], [ -121.785593, 44.950377 ], [ -121.785612, 44.947412 ], [ -121.786735, 44.945223 ], [ -121.790661, 44.941371 ], [ -121.796127, 44.937426 ], [ -121.79511, 44.935668 ], [ -121.789703, 44.934682 ], [ -121.787028, 44.935457 ], [ -121.78285, 44.935654 ], [ -121.77977, 44.935153 ], [ -121.777156, 44.936857 ], [ -121.773775, 44.938213 ], [ -121.772236, 44.93984 ], [ -121.766527, 44.941721 ], [ -121.764083, 44.941952 ], [ -121.76256, 44.941233 ], [ -121.760379, 44.938447 ], [ -121.754124, 44.932036 ], [ -121.752417, 44.93057 ], [ -121.748452, 44.927539 ], [ -121.745436, 44.923042 ], [ -121.744453, 44.920925 ], [ -121.744585, 44.91983 ], [ -121.747324, 44.917166 ], [ -121.747297, 44.914636 ], [ -121.742614, 44.912122 ], [ -121.738297, 44.910179 ], [ -121.735372, 44.907761 ], [ -121.732821, 44.906819 ], [ -121.728994, 44.904814 ], [ -121.723005, 44.906315 ], [ -121.71456, 44.90613 ], [ -121.714854, 44.90277 ], [ -121.715592, 44.900018 ], [ -121.71822, 44.89745 ], [ -121.723013, 44.896167 ], [ -121.724519, 44.895375 ], [ -121.726138, 44.893142 ], [ -121.728208, 44.891348 ], [ -121.730737, 44.890799 ], [ -121.734396, 44.88931 ], [ -121.735253, 44.888473 ], [ -121.734223, 44.88572 ], [ -121.765322, 44.885719 ], [ -121.806706, 44.88572 ], [ -122.257482, 44.88572 ], [ -122.252656, 45.075786 ], [ -122.25337, 45.16761 ], [ -122.252167, 45.168923 ], [ -122.252013, 45.171806 ], [ -122.250719, 45.17474 ], [ -122.249312, 45.176059 ], [ -122.247462, 45.180885 ], [ -122.247761, 45.182062 ], [ -122.246778, 45.183749 ], [ -122.247047, 45.185588 ], [ -122.24546, 45.190003 ], [ -122.246364, 45.19358 ], [ -122.246346, 45.195971 ], [ -122.245545, 45.198121 ], [ -122.247428, 45.200217 ], [ -122.250216, 45.201863 ], [ -122.250934, 45.203485 ], [ -122.253791, 45.204558 ], [ -122.252506, 45.206042 ], [ -122.251723, 45.209542 ], [ -122.25269, 45.212744 ], [ -122.253788, 45.214528 ], [ -122.259056, 45.218943 ], [ -122.259249, 45.21988 ], [ -122.26245, 45.22178 ], [ -122.263192, 45.224364 ], [ -122.262091, 45.225415 ], [ -122.262445, 45.22745 ], [ -122.265687, 45.230119 ], [ -122.266518, 45.231178 ] ] ] ] } },
{ "type": "Feature", "properties": { "GEOID": "41051000101", "average_size": 1.968025078369906 }, "geometry": { "type": "MultiPolygon", "coordinates": [ [ [ [ -122.666484, 45.464334 ], [ -122.656973, 45.464325 ], [ -122.652997, 45.464323 ], [ -122.647042, 45.464319 ], [ -122.646958, 45.458669 ], [ -122.652921, 45.458318 ], [ -122.652988, 45.458314 ], [ -122.656972, 45.458066 ], [ -122.660979, 45.457819 ], [ -122.664883, 45.461511 ], [ -122.665304, 45.461978 ], [ -122.666484, 45.464334 ] ] ] ] } },
{ "type": "Feature", "properties": { "GEOID": "41051000102", "average_size": 2.1547411285631179 }, "geometry": { "type": "MultiPolygon", "coordinates": [ [ [ [ -122.668865, 45.486618 ], [ -122.668511, 45.489634 ], [ -122.665453, 45.497914 ], [ -122.665103, 45.501184 ], [ -122.661075, 45.501503 ], [ -122.658888, 45.493624 ], [ -122.657266, 45.491306 ], [ -122.655084, 45.489992 ], [ -122.654859, 45.49042 ], [ -122.651152, 45.490329 ], [ -122.649601, 45.485395 ], [ -122.649651, 45.481665 ], [ -122.648727, 45.473734 ], [ -122.648111, 45.468601 ], [ -122.647204, 45.465743 ], [ -122.647042, 45.464319 ], [ -122.652997, 45.464323 ], [ -122.656973, 45.464325 ], [ -122.666484, 45.464334 ], [ -122.666484, 45.464933 ], [ -122.667554, 45.474783 ], [ -122.669145, 45.484237 ], [ -122.668865, 45.486618 ] ] ] ] } },
{ "type": "Feature", "properties": { "GEOID": "41051000201", "average_size": 2.3149411035337879 }, "geometry": { "type": "MultiPolygon", "coordinates": [ [ [ [ -122.648727, 45.473734 ], [ -122.639509, 45.474283 ], [ -122.638322, 45.469272 ], [ -122.637172, 45.464285 ], [ -122.63656, 45.461474 ], [ -122.636587, 45.461476 ], [ -122.64158, 45.461482 ], [ -122.641245, 45.458671 ], [ -122.646958, 45.458669 ], [ -122.647042, 45.464319 ], [ -122.647204, 45.465743 ], [ -122.648111, 45.468601 ], [ -122.648727, 45.473734 ] ] ] ] } },
{ "type": "Feature", "properties": { "GEOID": "41051000202", "average_size": 2.0049597024178549 }, "geometry": { "type": "MultiPolygon", "coordinates": [ [ [ [ -122.651152, 45.490329 ], [ -122.649367, 45.490327 ], [ -122.643518, 45.490316 ], [ -122.641253, 45.481678 ], [ -122.639509, 45.474283 ], [ -122.648727, 45.473734 ], [ -122.649651, 45.481665 ], [ -122.649601, 45.485395 ], [ -122.651152, 45.490329 ] ] ] ] } },
{ "type": "Feature", "properties": { "GEOID": "41051000301", "average_size": 2.1370302474793768 }, "geometry": { "type": "MultiPolygon", "coordinates": [ [ [ [ -122.643518, 45.490316 ], [ -122.639572, 45.490296 ], [ -122.637604, 45.490303 ], [ -122.634639, 45.490308 ], [ -122.634338, 45.490368 ], [ -122.630809, 45.490596 ], [ -122.629765, 45.490316 ], [ -122.625672, 45.490299 ], [ -122.622763, 45.490295 ], [ -122.619484, 45.490296 ], [ -122.620555, 45.487549 ], [ -122.620581, 45.486678 ], [ -122.620571, 45.48471 ], [ -122.620572, 45.482776 ], [ -122.62059, 45.47919 ], [ -122.622656, 45.479195 ], [ -122.626782, 45.479224 ], [ -122.628229, 45.479285 ], [ -122.634369, 45.478815 ], [ -122.63444, 45.474843 ], [ -122.63766, 45.474365 ], [ -122.639509, 45.474283 ], [ -122.641253, 45.481678 ], [ -122.643518, 45.490316 ] ] ] ] } },
{ "type": "Feature", "properties": { "GEOID": "41051000302", "average_size": 2.7653253102670177 }, "geometry": { "type": "MultiPolygon", "coordinates": [ [ [ [ -122.639509, 45.474283 ], [ -122.63766, 45.474365 ], [ -122.63444, 45.474843 ], [ -122.634369, 45.478815 ], [ -122.628229, 45.479285 ], [ -122.626782, 45.479224 ], [ -122.622656, 45.479195 ], [ -122.62059, 45.47919 ], [ -122.617472, 45.479182 ], [ -122.616469, 45.476301 ], [ -122.615456, 45.476298 ], [ -122.615502, 45.474692 ], [ -122.616037, 45.474678 ], [ -122.615996, 45.471895 ], [ -122.615971, 45.469421 ], [ -122.615897, 45.465014 ], [ -122.615849, 45.462552 ], [ -122.616564, 45.462047 ], [ -122.615374, 45.461481 ], [ -122.616195, 45.461473 ], [ -122.616871, 45.460889 ], [ -122.618341, 45.460832 ], [ -122.618588, 45.460933 ], [ -122.618995, 45.460908 ], [ -122.618977, 45.461451 ], [ -122.622359, 45.461444 ], [ -122.626278, 45.461451 ], [ -122.632974, 45.46155 ], [ -122.63656, 45.461474 ], [ -122.637172, 45.464285 ], [ -122.638322, 45.469272 ], [ -122.639509, 45.474283 ] ] ] ] } },
{ "type": "Feature", "properties": { "GEOID": "41051000401", "average_size": 2.4950232249502324 }, "geometry": { "type": "MultiPolygon", "coordinates": [ [ [ [ -122.620572, 45.482776 ], [ -122.620571, 45.48471 ], [ -122.620581, 45.486678 ], [ -122.620555, 45.487549 ], [ -122.619484, 45.490296 ], [ -122.608994, 45.490297 ], [ -122.608747, 45.486679 ], [ -122.608742, 45.485419 ], [ -122.608728, 45.480953 ], [ -122.608731, 45.479992 ], [ -122.608727, 45.479163 ], [ -122.608718, 45.476283 ], [ -122.608731, 45.47583 ], [ -122.611406, 45.475839 ], [ -122.611404, 45.476289 ], [ -122.615456, 45.476298 ], [ -122.616469, 45.476301 ], [ -122.617472, 45.479182 ], [ -122.62059, 45.47919 ], [ -122.620572, 45.482776 ] ] ] ] } },
{ "type": "Feature", "properties": { "GEOID": "41051000402", "average_size": 2.2909915748541803 }, "geometry": { "type": "MultiPolygon", "coordinates": [ [ [ [ -122.608994, 45.490297 ], [ -122.603658, 45.490279 ], [ -122.601306, 45.490275 ], [ -122.598981, 45.490263 ], [ -122.599554, 45.485415 ], [ -122.599573, 45.483047 ], [ -122.59959, 45.480942 ], [ -122.599615, 45.479159 ], [ -122.599659, 45.475824 ], [ -122.602233, 45.475823 ], [ -122.608731, 45.47583 ], [ -122.608718, 45.476283 ], [ -122.608727, 45.479163 ], [ -122.608731, 45.479992 ], [ -122.608728, 45.480953 ], [ -122.608742, 45.485419 ], [ -122.608747, 45.486679 ], [ -122.608994, 45.490297 ] ] ] ] } },
{ "type": "Feature", "properties": { "GEOID": "41051000501", "average_size": 2.2361262241566919 }, "geometry": { "type": "MultiPolygon", "coordinates": [ [ [ [ -122.599615, 45.479159 ], [ -122.59959, 45.480942 ], [ -122.599573, 45.483047 ], [ -122.599554, 45.485415 ], [ -122.598981, 45.490263 ], [ -122.598388, 45.490325 ], [ -122.594338, 45.488633 ], [ -122.589232, 45.48652 ], [ -122.589257, 45.481825 ], [ -122.589292, 45.479516 ], [ -122.589311, 45.478243 ], [ -122.589346, 45.475886 ], [ -122.594503, 45.475854 ], [ -122.598117, 45.475833 ], [ -122.599659, 45.475824 ], [ -122.599615, 45.479159 ] ] ] ] } },
{ "type": "Feature", "properties": { "GEOID": "41051000502", "average_size": 2.3252475247524753 }, "geometry": { "type": "MultiPolygon", "coordinates": [ [ [ [ -122.596395, 45.490318 ], [ -122.591216, 45.490249 ], [ -122.585955, 45.490244 ], [ -122.584752, 45.490249 ], [ -122.578789, 45.490277 ], [ -122.578948, 45.482803 ], [ -122.579009, 45.47947 ], [ -122.579043, 45.477649 ], [ -122.579066, 45.475874 ], [ -122.589346, 45.475886 ], [ -122.589311, 45.478243 ], [ -122.589292, 45.479516 ], [ -122.589257, 45.481825 ], [ -122.589232, 45.48652 ], [ -122.594338, 45.488633 ], [ -122.598388, 45.490325 ], [ -122.596395, 45.490318 ] ] ] ] } },
{ "type": "Feature", "properties": { "GEOID": "41051000601", "average_size": 2.4692660550458716 }, "geometry": { "type": "MultiPolygon", "coordinates": [ [ [ [ -122.578789, 45.490277 ], [ -122.574956, 45.490244 ], [ -122.573293, 45.490139 ], [ -122.568605, 45.490022 ], [ -122.566093, 45.489976 ], [ -122.565712, 45.489966 ], [ -122.558347, 45.48979 ], [ -122.555762, 45.489787 ], [ -122.555759, 45.489597 ], [ -122.555756, 45.487983 ], [ -122.555761, 45.487127 ], [ -122.555709, 45.483842 ], [ -122.557082, 45.48258 ], [ -122.557406, 45.47834 ], [ -122.557418, 45.476795 ], [ -122.558148, 45.476936 ], [ -122.560262, 45.477372 ], [ -122.563461, 45.478408 ], [ -122.568608, 45.479816 ], [ -122.573267, 45.481208 ], [ -122.577446, 45.482237 ], [ -122.578948, 45.482803 ], [ -122.578789, 45.490277 ] ] ] ] } },
{ "type": "Feature", "properties": { "GEOID": "41051000602", "average_size": 2.6485417696490359 }, "geometry": { "type": "MultiPolygon", "coordinates": [ [ [ [ -122.579066, 45.475874 ], [ -122.579043, 45.477649 ], [ -122.579009, 45.47947 ], [ -122.578948, 45.482803 ], [ -122.577446, 45.482237 ], [ -122.573267, 45.481208 ], [ -122.568608, 45.479816 ], [ -122.563461, 45.478408 ], [ -122.560262, 45.477372 ], [ -122.558148, 45.476936 ], [ -122.557418, 45.476795 ], [ -122.55579, 45.476489 ], [ -122.559639, 45.475626 ], [ -122.563555, 45.473878 ], [ -122.565678, 45.472568 ], [ -122.568632, 45.470828 ], [ -122.579043, 45.464379 ], [ -122.579042, 45.470039 ], [ -122.579056, 45.474075 ], [ -122.579066, 45.475874 ] ] ] ] } },
{ "type": "Feature", "properties": { "GEOID": "41051000701", "average_size": 2.2624007936507935 }, "geometry": { "type": "MultiPolygon", "coordinates": [ [ [ [ -122.599443, 45.505392 ], [ -122.591589, 45.505377 ], [ -122.588861, 45.505386 ], [ -122.582202, 45.505381 ], [ -122.578679, 45.504821 ], [ -122.578694, 45.501422 ], [ -122.578702, 45.497411 ], [ -122.584825, 45.497428 ], [ -122.587117, 45.497429 ], [ -122.591168, 45.497438 ], [ -122.596286, 45.497454 ], [ -122.599389, 45.497466 ], [ -122.599451, 45.501436 ], [ -122.599443, 45.505392 ] ] ] ] } },
{ "type": "Feature", "properties": { "GEOID": "41051000702", "average_size": 2.5009216589861749 }, "geometry": { "type": "MultiPolygon", "coordinates": [ [ [ [ -122.601841, 45.497468 ], [ -122.599389, 45.497466 ], [ -122.596286, 45.497454 ], [ -122.591168, 45.497438 ], [ -122.587117, 45.497429 ], [ -122.584825, 45.497428 ], [ -122.578702, 45.497411 ], [ -122.578789, 45.490277 ], [ -122.584752, 45.490249 ], [ -122.585955, 45.490244 ], [ -122.591216, 45.490249 ], [ -122.596395, 45.490318 ], [ -122.598388, 45.490325 ], [ -122.601957, 45.492189 ], [ -122.601841, 45.497468 ] ] ] ] } },
{ "type": "Feature", "properties": { "GEOID": "41051000801", "average_size": 2.1872299567930868 }, "geometry": { "type": "MultiPolygon", "coordinates": [ [ [ [ -122.622655, 45.504801 ], [ -122.619568, 45.504795 ], [ -122.617119, 45.50528 ], [ -122.616143, 45.505284 ], [ -122.611124, 45.505302 ], [ -122.606025, 45.505335 ], [ -122.603101, 45.505351 ], [ -122.601671, 45.505355 ], [ -122.599443, 45.505392 ], [ -122.599451, 45.501436 ], [ -122.599389, 45.497466 ], [ -122.601841, 45.497468 ], [ -122.606053, 45.497476 ], [ -122.611352, 45.497508 ], [ -122.616352, 45.497539 ], [ -122.618523, 45.497547 ], [ -122.622602, 45.497335 ], [ -122.622613, 45.501214 ], [ -122.622655, 45.504801 ] ] ] ] } },
{ "type": "Feature", "properties": { "GEOID": "41051000802", "average_size": 2.1573556797020483 }, "geometry": { "type": "MultiPolygon", "coordinates": [ [ [ [ -122.622637, 45.493331 ], [ -122.622602, 45.497335 ], [ -122.618523, 45.497547 ], [ -122.616352, 45.497539 ], [ -122.611352, 45.497508 ], [ -122.606053, 45.497476 ], [ -122.601841, 45.497468 ], [ -122.601957, 45.492189 ], [ -122.598388, 45.490325 ], [ -122.598981, 45.490263 ], [ -122.601306, 45.490275 ], [ -122.603658, 45.490279 ], [ -122.608994, 45.490297 ], [ -122.619484, 45.490296 ], [ -122.622763, 45.490295 ], [ -122.622637, 45.493331 ] ] ] ] } },
{ "type": "Feature", "properties": { "GEOID": "41051000901", "average_size": 2.0825190010857764 }, "geometry": { "type": "MultiPolygon", "coordinates": [ [ [ [ -122.639648, 45.501951 ], [ -122.639603, 45.504806 ], [ -122.634645, 45.5048 ], [ -122.633568, 45.504799 ], [ -122.632607, 45.504797 ], [ -122.631539, 45.504796 ], [ -122.629565, 45.504793 ], [ -122.623873, 45.504776 ], [ -122.622655, 45.504801 ], [ -122.622613, 45.501214 ], [ -122.622602, 45.497335 ], [ -122.629315, 45.496841 ], [ -122.631504, 45.496794 ], [ -122.633558, 45.496968 ], [ -122.634883, 45.49716 ], [ -122.636577, 45.497583 ], [ -122.63759, 45.497789 ], [ -122.639618, 45.49794 ], [ -122.639641, 45.501238 ], [ -122.639648, 45.501951 ] ] ] ] } },
{ "type": "Feature", "properties": { "GEOID": "41051000902", "average_size": 2.2992233896756509 }, "geometry": { "type": "MultiPolygon", "coordinates": [ [ [ [ -122.639618, 45.49794 ], [ -122.63759, 45.497789 ], [ -122.636577, 45.497583 ], [ -122.634883, 45.49716 ], [ -122.633558, 45.496968 ], [ -122.631504, 45.496794 ], [ -122.629315, 45.496841 ], [ -122.622602, 45.497335 ], [ -122.622637, 45.493331 ], [ -122.622763, 45.490295 ], [ -122.625672, 45.490299 ], [ -122.629765, 45.490316 ], [ -122.630809, 45.490596 ], [ -122.634338, 45.490368 ], [ -122.634639, 45.490308 ], [ -122.637604, 45.490303 ], [ -122.639572, 45.490296 ], [ -122.639618, 45.49794 ] ] ] ] } },
{ "type": "Feature", "properties": { "GEOID": "41051001000", "average_size": 2.1445552147239262 }, "geometry": { "type": "MultiPolygon", "coordinates": [ [ [ [ -122.661801, 45.504894 ], [ -122.65372, 45.504854 ], [ -122.649425, 45.504837 ], [ -122.645084, 45.504823 ], [ -122.639603, 45.504806 ], [ -122.639648, 45.501951 ], [ -122.639641, 45.501238 ], [ -122.639618, 45.49794 ], [ -122.639572, 45.490296 ], [ -122.643518, 45.490316 ], [ -122.649367, 45.490327 ], [ -122.651152, 45.490329 ], [ -122.654859, 45.49042 ], [ -122.655084, 45.489992 ], [ -122.657266, 45.491306 ], [ -122.658888, 45.493624 ], [ -122.661075, 45.501503 ], [ -122.661505, 45.502296 ], [ -122.661801, 45.504894 ] ] ] ] } },
{ "type": "Feature", "properties": { "GEOID": "41051001101", "average_size": 1.3445674044265594 }, "geometry": { "type": "MultiPolygon", "coordinates": [ [ [ [ -122.668653, 45.517592 ], [ -122.665291, 45.517277 ], [ -122.665569, 45.519225 ], [ -122.65363, 45.519343 ], [ -122.650587, 45.519332 ], [ -122.649572, 45.519329 ], [ -122.649601, 45.515051 ], [ -122.649601, 45.512197 ], [ -122.653675, 45.51221 ], [ -122.662806, 45.512242 ], [ -122.662818, 45.508924 ], [ -122.66185, 45.506411 ], [ -122.661801, 45.504894 ], [ -122.661505, 45.502296 ], [ -122.661075, 45.501503 ], [ -122.665103, 45.501184 ], [ -122.665115, 45.50293 ], [ -122.668563, 45.508276 ], [ -122.670417, 45.51307 ], [ -122.668653, 45.517592 ] ] ] ] } },
{ "type": "Feature", "properties": { "GEOID": "41051001102", "average_size": 1.8813559322033899 }, "geometry": { "type": "MultiPolygon", "coordinates": [ [ [ [ -122.662806, 45.512242 ], [ -122.653675, 45.51221 ], [ -122.649601, 45.512197 ], [ -122.649368, 45.512196 ], [ -122.649931, 45.508626 ], [ -122.649425, 45.504837 ], [ -122.65372, 45.504854 ], [ -122.661801, 45.504894 ], [ -122.66185, 45.506411 ], [ -122.662818, 45.508924 ], [ -122.662806, 45.512242 ] ] ] ] } },
{ "type": "Feature", "properties": { "GEOID": "41051001202", "average_size": 2.2469664525339041 }, "geometry": { "type": "MultiPolygon", "coordinates": [ [ [ [ -122.649931, 45.508626 ], [ -122.649368, 45.512196 ], [ -122.645563, 45.512183 ], [ -122.645231, 45.512103 ], [ -122.642518, 45.512076 ], [ -122.634772, 45.512069 ], [ -122.634723, 45.508353 ], [ -122.634645, 45.5048 ], [ -122.639603, 45.504806 ], [ -122.645084, 45.504823 ], [ -122.649425, 45.504837 ], [ -122.649931, 45.508626 ] ] ] ] } },
{ "type": "Feature", "properties": { "GEOID": "41051001203", "average_size": 1.7580539119000658 }, "geometry": { "type": "MultiPolygon", "coordinates": [ [ [ [ -122.649601, 45.515051 ], [ -122.642505, 45.515027 ], [ -122.639139, 45.515015 ], [ -122.63478, 45.515017 ], [ -122.634772, 45.512069 ], [ -122.642518, 45.512076 ], [ -122.645231, 45.512103 ], [ -122.645563, 45.512183 ], [ -122.649368, 45.512196 ], [ -122.649601, 45.512197 ], [ -122.649601, 45.515051 ] ] ] ] } },
{ "type": "Feature", "properties": { "GEOID": "41051001204", "average_size": 1.8039473684210525 }, "geometry": { "type": "MultiPolygon", "coordinates": [ [ [ [ -122.649572, 45.519329 ], [ -122.645526, 45.51932 ], [ -122.6391, 45.519315 ], [ -122.637326, 45.519314 ], [ -122.634826, 45.519311 ], [ -122.634781, 45.515744 ], [ -122.63478, 45.515017 ], [ -122.639139, 45.515015 ], [ -122.642505, 45.515027 ], [ -122.649601, 45.515051 ], [ -122.649572, 45.519329 ] ] ] ] } },
{ "type": "Feature", "properties": { "GEOID": "41051001301", "average_size": 1.9148185483870968 }, "geometry": { "type": "MultiPolygon", "coordinates": [ [ [ [ -122.634826, 45.519311 ], [ -122.63093, 45.519306 ], [ -122.628343, 45.519322 ], [ -122.623007, 45.519293 ], [ -122.622932, 45.51579 ], [ -122.622909, 45.514304 ], [ -122.622824, 45.512043 ], [ -122.62821, 45.512058 ], [ -122.629579, 45.51206 ], [ -122.633768, 45.512069 ], [ -122.634772, 45.512069 ], [ -122.63478, 45.515017 ], [ -122.634781, 45.515744 ], [ -122.634826, 45.519311 ] ] ] ] } },
{ "type": "Feature", "properties": { "GEOID": "41051001302", "average_size": 2.1687840290381124 }, "geometry": { "type": "MultiPolygon", "coordinates": [ [ [ [ -122.634772, 45.512069 ], [ -122.633768, 45.512069 ], [ -122.629579, 45.51206 ], [ -122.62821, 45.512058 ], [ -122.622824, 45.512043 ], [ -122.622736, 45.508775 ], [ -122.622655, 45.504801 ], [ -122.623873, 45.504776 ], [ -122.629565, 45.504793 ], [ -122.631539, 45.504796 ], [ -122.632607, 45.504797 ], [ -122.633568, 45.504799 ], [ -122.634645, 45.5048 ], [ -122.634723, 45.508353 ], [ -122.634772, 45.512069 ] ] ] ] } },
{ "type": "Feature", "properties": { "GEOID": "41051001400", "average_size": 2.1552373775433309 }, "geometry": { "type": "MultiPolygon", "coordinates": [ [ [ [ -122.623007, 45.519293 ], [ -122.617802, 45.519282 ], [ -122.617783, 45.516564 ], [ -122.616148, 45.516561 ], [ -122.612566, 45.516558 ], [ -122.612359, 45.512023 ], [ -122.611493, 45.51201 ], [ -122.611339, 45.508752 ], [ -122.611124, 45.505302 ], [ -122.616143, 45.505284 ], [ -122.617119, 45.50528 ], [ -122.619568, 45.504795 ], [ -122.622655, 45.504801 ], [ -122.622736, 45.508775 ], [ -122.622824, 45.512043 ], [ -122.622909, 45.514304 ], [ -122.622932, 45.51579 ], [ -122.623007, 45.519293 ] ] ] ] } },
{ "type": "Feature", "properties": { "GEOID": "41051001500", "average_size": 2.402805611222445 }, "geometry": { "type": "MultiPolygon", "coordinates": [ [ [ [ -122.612566, 45.516558 ], [ -122.607861, 45.516551 ], [ -122.60682, 45.516641 ], [ -122.601994, 45.516765 ], [ -122.601994, 45.516092 ], [ -122.601922, 45.514081 ], [ -122.601671, 45.505355 ], [ -122.603101, 45.505351 ], [ -122.606025, 45.505335 ], [ -122.611124, 45.505302 ], [ -122.611339, 45.508752 ], [ -122.611493, 45.51201 ], [ -122.612359, 45.512023 ], [ -122.612566, 45.516558 ] ] ] ] } },
{ "type": "Feature", "properties": { "GEOID": "41051001601", "average_size": 2.1599372794982359 }, "geometry": { "type": "MultiPolygon", "coordinates": [ [ [ [ -122.601994, 45.516765 ], [ -122.601195, 45.516763 ], [ -122.600241, 45.516752 ], [ -122.600226, 45.519253 ], [ -122.598431, 45.519247 ], [ -122.594897, 45.522165 ], [ -122.591901, 45.522103 ], [ -122.588136, 45.520404 ], [ -122.586845, 45.519354 ], [ -122.585249, 45.51918 ], [ -122.579046, 45.51913 ], [ -122.578903, 45.51617 ], [ -122.578748, 45.513513 ], [ -122.578669, 45.511311 ], [ -122.578671, 45.510092 ], [ -122.578679, 45.504821 ], [ -122.582202, 45.505381 ], [ -122.588861, 45.505386 ], [ -122.591589, 45.505377 ], [ -122.599443, 45.505392 ], [ -122.601671, 45.505355 ], [ -122.601922, 45.514081 ], [ -122.601994, 45.516092 ], [ -122.601994, 45.516765 ] ] ] ] } },
{ "type": "Feature", "properties": { "GEOID": "41051001602", "average_size": 2.6036797613127796 }, "geometry": { "type": "MultiPolygon", "coordinates": [ [ [ [ -122.579046, 45.51913 ], [ -122.569101, 45.51907 ], [ -122.566863, 45.519069 ], [ -122.565516, 45.519042 ], [ -122.565513, 45.518335 ], [ -122.565586, 45.516061 ], [ -122.565683, 45.510786 ], [ -122.565501, 45.507912 ], [ -122.565462, 45.50442 ], [ -122.568633, 45.504475 ], [ -122.573349, 45.504561 ], [ -122.576683, 45.504642 ], [ -122.578679, 45.504821 ], [ -122.578671, 45.510092 ], [ -122.578669, 45.511311 ], [ -122.578748, 45.513513 ], [ -122.578903, 45.51617 ], [ -122.579046, 45.51913 ] ] ] ] } },
{ "type": "Feature", "properties": { "GEOID": "41051001702", "average_size": 2.3967560823456018 }, "geometry": { "type": "MultiPolygon", "coordinates": [ [ [ [ -122.579056, 45.522781 ], [ -122.579038, 45.526423 ], [ -122.57903, 45.531601 ], [ -122.579038, 45.533747 ], [ -122.573508, 45.532084 ], [ -122.568916, 45.531978 ], [ -122.568956, 45.531223 ], [ -122.566179, 45.529927 ], [ -122.568609, 45.529866 ], [ -122.56865, 45.526347 ], [ -122.566773, 45.526334 ], [ -122.566827, 45.522695 ], [ -122.566863, 45.519069 ], [ -122.569101, 45.51907 ], [ -122.579046, 45.51913 ], [ -122.579056, 45.522781 ] ] ] ] } },
{ "type": "Feature", "properties": { "GEOID": "41051001703", "average_size": 2.0944591029023747 }, "geometry": { "type": "MultiPolygon", "coordinates": [ [ [ [ -122.596482, 45.528266 ], [ -122.596431, 45.530467 ], [ -122.594402, 45.530401 ], [ -122.592389, 45.533352 ], [ -122.593532, 45.533644 ], [ -122.589198, 45.535566 ], [ -122.587168, 45.535855 ], [ -122.585536, 45.535828 ], [ -122.579038, 45.533747 ], [ -122.57903, 45.531601 ], [ -122.579038, 45.526423 ], [ -122.586804, 45.526448 ], [ -122.59346, 45.526469 ], [ -122.594475, 45.526472 ], [ -122.59862, 45.526476 ], [ -122.596482, 45.528266 ] ] ] ] } },
{ "type": "Feature", "properties": { "GEOID": "41051001704", "average_size": 2.089763779527559 }, "geometry": { "type": "MultiPolygon", "coordinates": [ [ [ [ -122.594475, 45.526472 ], [ -122.59346, 45.526469 ], [ -122.586804, 45.526448 ], [ -122.579038, 45.526423 ], [ -122.579056, 45.522781 ], [ -122.579046, 45.51913 ], [ -122.585249, 45.51918 ], [ -122.586845, 45.519354 ], [ -122.588136, 45.520404 ], [ -122.591901, 45.522103 ], [ -122.593731, 45.523129 ], [ -122.594362, 45.524141 ], [ -122.594475, 45.526472 ] ] ] ] } },
{ "type": "Feature", "properties": { "GEOID": "41051001801", "average_size": 1.9646539027982326 }, "geometry": { "type": "MultiPolygon", "coordinates": [ [ [ [ -122.6173, 45.526423 ], [ -122.615003, 45.526465 ], [ -122.61499, 45.530711 ], [ -122.610933, 45.528159 ], [ -122.608845, 45.527652 ], [ -122.605194, 45.527928 ], [ -122.602225, 45.529163 ], [ -122.593532, 45.533644 ], [ -122.592389, 45.533352 ], [ -122.594402, 45.530401 ], [ -122.596431, 45.530467 ], [ -122.596482, 45.528266 ], [ -122.59862, 45.526476 ], [ -122.594475, 45.526472 ], [ -122.594362, 45.524141 ], [ -122.593731, 45.523129 ], [ -122.60098, 45.522862 ], [ -122.604327, 45.522881 ], [ -122.610249, 45.522887 ], [ -122.614827, 45.522934 ], [ -122.617305, 45.52307 ], [ -122.6173, 45.526423 ] ] ] ] } },
{ "type": "Feature", "properties": { "GEOID": "41051001802", "average_size": 2.0715552927261975 }, "geometry": { "type": "MultiPolygon", "coordinates": [ [ [ [ -122.617802, 45.519282 ], [ -122.617307, 45.519281 ], [ -122.617305, 45.52307 ], [ -122.614827, 45.522934 ], [ -122.610249, 45.522887 ], [ -122.604327, 45.522881 ], [ -122.60098, 45.522862 ], [ -122.593731, 45.523129 ], [ -122.591901, 45.522103 ], [ -122.594897, 45.522165 ], [ -122.598431, 45.519247 ], [ -122.600226, 45.519253 ], [ -122.600241, 45.516752 ], [ -122.601195, 45.516763 ], [ -122.601994, 45.516765 ], [ -122.60682, 45.516641 ], [ -122.607861, 45.516551 ], [ -122.612566, 45.516558 ], [ -122.616148, 45.516561 ], [ -122.617783, 45.516564 ], [ -122.617802, 45.519282 ] ] ] ] } },
{ "type": "Feature", "properties": { "GEOID": "41051001900", "average_size": 2.5390862944162436 }, "geometry": { "type": "MultiPolygon", "coordinates": [ [ [ [ -122.631675, 45.526461 ], [ -122.63151, 45.527204 ], [ -122.630762, 45.528247 ], [ -122.630624, 45.533925 ], [ -122.63064, 45.534137 ], [ -122.629234, 45.534375 ], [ -122.628429, 45.534355 ], [ -122.622928, 45.533184 ], [ -122.622927, 45.53321 ], [ -122.617018, 45.531867 ], [ -122.61499, 45.530711 ], [ -122.615003, 45.526465 ], [ -122.6173, 45.526423 ], [ -122.617305, 45.52307 ], [ -122.617307, 45.519281 ], [ -122.617802, 45.519282 ], [ -122.623007, 45.519293 ], [ -122.628343, 45.519322 ], [ -122.63093, 45.519306 ], [ -122.629879, 45.522115 ], [ -122.631688, 45.522866 ], [ -122.631675, 45.526461 ] ] ] ] } },
{ "type": "Feature", "properties": { "GEOID": "41051002001", "average_size": 1.8816762530813476 }, "geometry": { "type": "MultiPolygon", "coordinates": [ [ [ [ -122.637262, 45.522874 ], [ -122.637182, 45.527172 ], [ -122.637154, 45.529159 ], [ -122.637127, 45.52998 ], [ -122.637116, 45.530284 ], [ -122.637102, 45.530431 ], [ -122.635107, 45.530714 ], [ -122.63138, 45.533774 ], [ -122.63064, 45.534137 ], [ -122.630624, 45.533925 ], [ -122.630762, 45.528247 ], [ -122.63151, 45.527204 ], [ -122.631675, 45.526461 ], [ -122.631688, 45.522866 ], [ -122.629879, 45.522115 ], [ -122.63093, 45.519306 ], [ -122.634826, 45.519311 ], [ -122.637326, 45.519314 ], [ -122.637262, 45.522874 ] ] ] ] } },
{ "type": "Feature", "properties": { "GEOID": "41051002002", "average_size": 1.6463829787234043 }, "geometry": { "type": "MultiPolygon", "coordinates": [ [ [ [ -122.645495, 45.522881 ], [ -122.645451, 45.525929 ], [ -122.64545, 45.529276 ], [ -122.644859, 45.529906 ], [ -122.644849, 45.530057 ], [ -122.637102, 45.530431 ], [ -122.637116, 45.530284 ], [ -122.637127, 45.52998 ], [ -122.637154, 45.529159 ], [ -122.637182, 45.527172 ], [ -122.637262, 45.522874 ], [ -122.637326, 45.519314 ], [ -122.6391, 45.519315 ], [ -122.645526, 45.51932 ], [ -122.645495, 45.522881 ] ] ] ] } },
{ "type": "Feature", "properties": { "GEOID": "41051002101", "average_size": 1.5024875621890548 }, "geometry": { "type": "MultiPolygon", "coordinates": [ [ [ [ -122.667912, 45.528111 ], [ -122.666836, 45.528582 ], [ -122.665348, 45.528651 ], [ -122.665347, 45.527158 ], [ -122.662539, 45.52574 ], [ -122.660819, 45.525826 ], [ -122.660672, 45.525672 ], [ -122.65356, 45.528521 ], [ -122.653606, 45.522908 ], [ -122.653603, 45.522739 ], [ -122.65363, 45.519343 ], [ -122.665569, 45.519225 ], [ -122.665291, 45.517277 ], [ -122.668653, 45.517592 ], [ -122.667093, 45.523028 ], [ -122.667785, 45.526766 ], [ -122.669003, 45.527626 ], [ -122.667912, 45.528111 ] ] ] ] } },
{ "type": "Feature", "properties": { "GEOID": "41051002102", "average_size": 1.4400274160383824 }, "geometry": { "type": "MultiPolygon", "coordinates": [ [ [ [ -122.653603, 45.522739 ], [ -122.653606, 45.522908 ], [ -122.65356, 45.528521 ], [ -122.648137, 45.529858 ], [ -122.644849, 45.530057 ], [ -122.644859, 45.529906 ], [ -122.64545, 45.529276 ], [ -122.645451, 45.525929 ], [ -122.645495, 45.522881 ], [ -122.645526, 45.51932 ], [ -122.649572, 45.519329 ], [ -122.650587, 45.519332 ], [ -122.65363, 45.519343 ], [ -122.653603, 45.522739 ] ] ] ] } },
{ "type": "Feature", "properties": { "GEOID": "41051002203", "average_size": 1.852640545144804 }, "geometry": { "type": "MultiPolygon", "coordinates": [ [ [ [ -122.677931, 45.542128 ], [ -122.676788, 45.543538 ], [ -122.678805, 45.548024 ], [ -122.67804, 45.547835 ], [ -122.675561, 45.547837 ], [ -122.673302, 45.548243 ], [ -122.671235, 45.548264 ], [ -122.666685, 45.548261 ], [ -122.661587, 45.548274 ], [ -122.65859, 45.548267 ], [ -122.658567, 45.545998 ], [ -122.657522, 45.545209 ], [ -122.657532, 45.543672 ], [ -122.657542, 45.542109 ], [ -122.657562, 45.539009 ], [ -122.661622, 45.538709 ], [ -122.666694, 45.539006 ], [ -122.666679, 45.541022 ], [ -122.679229, 45.541109 ], [ -122.677931, 45.542128 ] ] ] ] } },
{ "type": "Feature", "properties": { "GEOID": "41051002303", "average_size": 1.4703656998738965 }, "geometry": { "type": "MultiPolygon", "coordinates": [ [ [ [ -122.683269, 45.537922 ], [ -122.681562, 45.539278 ], [ -122.680274, 45.540282 ], [ -122.679729, 45.540744 ], [ -122.679229, 45.541109 ], [ -122.666679, 45.541022 ], [ -122.666694, 45.539006 ], [ -122.661622, 45.538709 ], [ -122.657562, 45.539009 ], [ -122.657595, 45.533627 ], [ -122.656587, 45.531493 ], [ -122.656558, 45.528638 ], [ -122.65356, 45.528521 ], [ -122.660672, 45.525672 ], [ -122.660819, 45.525826 ], [ -122.662539, 45.52574 ], [ -122.665347, 45.527158 ], [ -122.665348, 45.528651 ], [ -122.666836, 45.528582 ], [ -122.667912, 45.528111 ], [ -122.669003, 45.527626 ], [ -122.673945, 45.531963 ], [ -122.678037, 45.535282 ], [ -122.683176, 45.537857 ], [ -122.683269, 45.537922 ] ] ] ] } },
{ "type": "Feature", "properties": { "GEOID": "41051002401", "average_size": 2.456168831168831 }, "geometry": { "type": "MultiPolygon", "coordinates": [ [ [ [ -122.65859, 45.548267 ], [ -122.655713, 45.548253 ], [ -122.650397, 45.548241 ], [ -122.647273, 45.548237 ], [ -122.647294, 45.545171 ], [ -122.647304, 45.543635 ], [ -122.647315, 45.542072 ], [ -122.647335, 45.538972 ], [ -122.651473, 45.53899 ], [ -122.652488, 45.538992 ], [ -122.657562, 45.539009 ], [ -122.657542, 45.542109 ], [ -122.657532, 45.543672 ], [ -122.657522, 45.545209 ], [ -122.658567, 45.545998 ], [ -122.65859, 45.548267 ] ] ] ] } },
{ "type": "Feature", "properties": { "GEOID": "41051002402", "average_size": 1.6301790281329924 }, "geometry": { "type": "MultiPolygon", "coordinates": [ [ [ [ -122.657562, 45.539009 ], [ -122.652488, 45.538992 ], [ -122.651473, 45.53899 ], [ -122.647335, 45.538972 ], [ -122.646643, 45.537438 ], [ -122.646659, 45.535027 ], [ -122.646685, 45.531459 ], [ -122.644849, 45.530057 ], [ -122.648137, 45.529858 ], [ -122.65356, 45.528521 ], [ -122.656558, 45.528638 ], [ -122.656587, 45.531493 ], [ -122.657595, 45.533627 ], [ -122.657562, 45.539009 ] ] ] ] } },
{ "type": "Feature", "properties": { "GEOID": "41051002501", "average_size": 2.7372013651877132 }, "geometry": { "type": "MultiPolygon", "coordinates": [ [ [ [ -122.647315, 45.542072 ], [ -122.647304, 45.543635 ], [ -122.647294, 45.545171 ], [ -122.647273, 45.548237 ], [ -122.641107, 45.548229 ], [ -122.639077, 45.548234 ], [ -122.630693, 45.548255 ], [ -122.630688, 45.545282 ], [ -122.630686, 45.544639 ], [ -122.630679, 45.542062 ], [ -122.630677, 45.541034 ], [ -122.630669, 45.538973 ], [ -122.639114, 45.538957 ], [ -122.647335, 45.538972 ], [ -122.647315, 45.542072 ] ] ] ] } },
{ "type": "Feature", "properties": { "GEOID": "41051002502", "average_size": 1.8764680295780773 }, "geometry": { "type": "MultiPolygon", "coordinates": [ [ [ [ -122.647335, 45.538972 ], [ -122.639114, 45.538957 ], [ -122.630669, 45.538973 ], [ -122.630666, 45.535159 ], [ -122.63064, 45.534137 ], [ -122.63138, 45.533774 ], [ -122.635107, 45.530714 ], [ -122.637102, 45.530431 ], [ -122.644849, 45.530057 ], [ -122.646685, 45.531459 ], [ -122.646659, 45.535027 ], [ -122.646643, 45.537438 ], [ -122.647335, 45.538972 ] ] ] ] } },
{ "type": "Feature", "properties": { "GEOID": "41051002600", "average_size": 2.5319148936170213 }, "geometry": { "type": "MultiPolygon", "coordinates": [ [ [ [ -122.630693, 45.548255 ], [ -122.623187, 45.54829 ], [ -122.620789, 45.5483 ], [ -122.621062, 45.545174 ], [ -122.62155, 45.544822 ], [ -122.622094, 45.544489 ], [ -122.622941, 45.543768 ], [ -122.622961, 45.542109 ], [ -122.622966, 45.540574 ], [ -122.622967, 45.539038 ], [ -122.622919, 45.534855 ], [ -122.622927, 45.53321 ], [ -122.622928, 45.533184 ], [ -122.628429, 45.534355 ], [ -122.629234, 45.534375 ], [ -122.63064, 45.534137 ], [ -122.630666, 45.535159 ], [ -122.630669, 45.538973 ], [ -122.630677, 45.541034 ], [ -122.630679, 45.542062 ], [ -122.630686, 45.544639 ], [ -122.630688, 45.545282 ], [ -122.630693, 45.548255 ] ] ] ] } },
{ "type": "Feature", "properties": { "GEOID": "41051002701", "average_size": 2.5638655462184876 }, "geometry": { "type": "MultiPolygon", "coordinates": [ [ [ [ -122.622966, 45.540574 ], [ -122.622961, 45.542109 ], [ -122.622941, 45.543768 ], [ -122.622094, 45.544489 ], [ -122.62155, 45.544822 ], [ -122.621062, 45.545174 ], [ -122.620789, 45.5483 ], [ -122.615052, 45.548286 ], [ -122.610636, 45.548274 ], [ -122.610662, 45.545401 ], [ -122.610677, 45.543728 ], [ -122.610916, 45.539032 ], [ -122.611928, 45.539035 ], [ -122.622967, 45.539038 ], [ -122.622966, 45.540574 ] ] ] ] } },
{ "type": "Feature", "properties": { "GEOID": "41051002702", "average_size": 1.9011270491803278 }, "geometry": { "type": "MultiPolygon", "coordinates": [ [ [ [ -122.622967, 45.539038 ], [ -122.611928, 45.539035 ], [ -122.610916, 45.539032 ], [ -122.61092, 45.53651 ], [ -122.610925, 45.535125 ], [ -122.610926, 45.533729 ], [ -122.610018, 45.533728 ], [ -122.609683, 45.528236 ], [ -122.608845, 45.527652 ], [ -122.610933, 45.528159 ], [ -122.61499, 45.530711 ], [ -122.617018, 45.531867 ], [ -122.622927, 45.53321 ], [ -122.622919, 45.534855 ], [ -122.622967, 45.539038 ] ] ] ] } },
{ "type": "Feature", "properties": { "GEOID": "41051002801", "average_size": 2.3735632183908044 }, "geometry": { "type": "MultiPolygon", "coordinates": [ [ [ [ -122.610677, 45.543728 ], [ -122.610662, 45.545401 ], [ -122.610636, 45.548274 ], [ -122.604542, 45.548242 ], [ -122.599373, 45.548216 ], [ -122.599399, 45.544246 ], [ -122.599437, 45.540964 ], [ -122.59948, 45.53874 ], [ -122.610916, 45.539032 ], [ -122.610677, 45.543728 ] ] ] ] } },
{ "type": "Feature", "properties": { "GEOID": "41051002802", "average_size": 2.4798353909465018 }, "geometry": { "type": "MultiPolygon", "coordinates": [ [ [ [ -122.610925, 45.535125 ], [ -122.61092, 45.53651 ], [ -122.610916, 45.539032 ], [ -122.59948, 45.53874 ], [ -122.599522, 45.536544 ], [ -122.599565, 45.533701 ], [ -122.59892, 45.533696 ], [ -122.600236, 45.531626 ], [ -122.602225, 45.529163 ], [ -122.605194, 45.527928 ], [ -122.608845, 45.527652 ], [ -122.609683, 45.528236 ], [ -122.610018, 45.533728 ], [ -122.610926, 45.533729 ], [ -122.610925, 45.535125 ] ] ] ] } },
{ "type": "Feature", "properties": { "GEOID": "41051002901", "average_size": 2.1602941176470587 }, "geometry": { "type": "MultiPolygon", "coordinates": [ [ [ [ -122.604511, 45.549671 ], [ -122.60448, 45.551098 ], [ -122.600852, 45.555453 ], [ -122.593221, 45.555446 ], [ -122.591191, 45.555443 ], [ -122.588993, 45.555439 ], [ -122.585705, 45.555436 ], [ -122.578616, 45.555425 ], [ -122.57867, 45.552428 ], [ -122.585832, 45.549554 ], [ -122.591258, 45.54742 ], [ -122.599399, 45.544246 ], [ -122.599373, 45.548216 ], [ -122.604542, 45.548242 ], [ -122.604511, 45.549671 ] ] ] ] } },
{ "type": "Feature", "properties": { "GEOID": "41051002902", "average_size": 2.2705123611608742 }, "geometry": { "type": "MultiPolygon", "coordinates": [ [ [ [ -122.600236, 45.531626 ], [ -122.59892, 45.533696 ], [ -122.599565, 45.533701 ], [ -122.599522, 45.536544 ], [ -122.59948, 45.53874 ], [ -122.599437, 45.540964 ], [ -122.599399, 45.544246 ], [ -122.591258, 45.54742 ], [ -122.585832, 45.549554 ], [ -122.57867, 45.552428 ], [ -122.57871, 45.551001 ], [ -122.578712, 45.550188 ], [ -122.578713, 45.549576 ], [ -122.578773, 45.546339 ], [ -122.578825, 45.544517 ], [ -122.578919, 45.540841 ], [ -122.579018, 45.534049 ], [ -122.579038, 45.533747 ], [ -122.585536, 45.535828 ], [ -122.587168, 45.535855 ], [ -122.589198, 45.535566 ], [ -122.593532, 45.533644 ], [ -122.602225, 45.529163 ], [ -122.600236, 45.531626 ] ] ] ] } },
{ "type": "Feature", "properties": { "GEOID": "41051002903", "average_size": 2.277082199237888 }, "geometry": { "type": "MultiPolygon", "coordinates": [ [ [ [ -122.579018, 45.534049 ], [ -122.578919, 45.540841 ], [ -122.578825, 45.544517 ], [ -122.578773, 45.546339 ], [ -122.578713, 45.549576 ], [ -122.578712, 45.550188 ], [ -122.57871, 45.551001 ], [ -122.57867, 45.552428 ], [ -122.575937, 45.553543 ], [ -122.575617, 45.553674 ], [ -122.56822, 45.55354 ], [ -122.567872, 45.55357 ], [ -122.567063, 45.553581 ], [ -122.567073, 45.55371 ], [ -122.566501, 45.553609 ], [ -122.566044, 45.553014 ], [ -122.565697, 45.552672 ], [ -122.565526, 45.552501 ], [ -122.561438, 45.549348 ], [ -122.56054, 45.547303 ], [ -122.56225, 45.54222 ], [ -122.563814, 45.536758 ], [ -122.56452, 45.534133 ], [ -122.564742, 45.533234 ], [ -122.564468, 45.533318 ], [ -122.564673, 45.53191 ], [ -122.56501, 45.532003 ], [ -122.566375, 45.532208 ], [ -122.568916, 45.531978 ], [ -122.573508, 45.532084 ], [ -122.579038, 45.533747 ], [ -122.579018, 45.534049 ] ] ] ] } },
{ "type": "Feature", "properties": { "GEOID": "41051003000", "average_size": 2.3305478180129993 }, "geometry": { "type": "MultiPolygon", "coordinates": [ [ [ [ -122.630685, 45.550068 ], [ -122.630674, 45.553676 ], [ -122.630668, 45.555198 ], [ -122.630669, 45.555383 ], [ -122.630663, 45.558298 ], [ -122.630662, 45.55902 ], [ -122.630657, 45.562715 ], [ -122.620424, 45.562803 ], [ -122.620402, 45.558267 ], [ -122.620402, 45.555556 ], [ -122.614881, 45.55553 ], [ -122.615052, 45.548286 ], [ -122.620789, 45.5483 ], [ -122.623187, 45.54829 ], [ -122.630693, 45.548255 ], [ -122.630685, 45.550068 ] ] ] ] } },
{ "type": "Feature", "properties": { "GEOID": "41051003100", "average_size": 2.3923872180451129 }, "geometry": { "type": "MultiPolygon", "coordinates": [ [ [ [ -122.64105, 45.550764 ], [ -122.639026, 45.54982 ], [ -122.640972, 45.551843 ], [ -122.640923, 45.553067 ], [ -122.640955, 45.55542 ], [ -122.640932, 45.559058 ], [ -122.640859, 45.562692 ], [ -122.635928, 45.562698 ], [ -122.630657, 45.562715 ], [ -122.630662, 45.55902 ], [ -122.630663, 45.558298 ], [ -122.630669, 45.555383 ], [ -122.630668, 45.555198 ], [ -122.630674, 45.553676 ], [ -122.630685, 45.550068 ], [ -122.630693, 45.548255 ], [ -122.639077, 45.548234 ], [ -122.641107, 45.548229 ], [ -122.64105, 45.550764 ] ] ] ] } },
{ "type": "Feature", "properties": { "GEOID": "41051003200", "average_size": 2.4180190263010632 }, "geometry": { "type": "MultiPolygon", "coordinates": [ [ [ [ -122.650358, 45.553112 ], [ -122.65033, 45.555004 ], [ -122.649911, 45.555456 ], [ -122.649713, 45.559091 ], [ -122.649686, 45.56272 ], [ -122.642419, 45.562692 ], [ -122.640859, 45.562692 ], [ -122.640932, 45.559058 ], [ -122.640955, 45.55542 ], [ -122.640923, 45.553067 ], [ -122.640972, 45.551843 ], [ -122.639026, 45.54982 ], [ -122.64105, 45.550764 ], [ -122.641107, 45.548229 ], [ -122.647273, 45.548237 ], [ -122.650397, 45.548241 ], [ -122.650358, 45.553112 ] ] ] ] } },
{ "type": "Feature", "properties": { "GEOID": "41051003301", "average_size": 2.3359497645211933 }, "geometry": { "type": "MultiPolygon", "coordinates": [ [ [ [ -122.661502, 45.559123 ], [ -122.661484, 45.560028 ], [ -122.661432, 45.562735 ], [ -122.655121, 45.562733 ], [ -122.653097, 45.562729 ], [ -122.650075, 45.562722 ], [ -122.649686, 45.56272 ], [ -122.649713, 45.559091 ], [ -122.649911, 45.555456 ], [ -122.654674, 45.55548 ], [ -122.655651, 45.555483 ], [ -122.661537, 45.555503 ], [ -122.661502, 45.559123 ] ] ] ] } },
{ "type": "Feature", "properties": { "GEOID": "41051003302", "average_size": 2.3288113695090438 }, "geometry": { "type": "MultiPolygon", "coordinates": [ [ [ [ -122.661537, 45.554566 ], [ -122.661537, 45.555503 ], [ -122.655651, 45.555483 ], [ -122.654674, 45.55548 ], [ -122.649911, 45.555456 ], [ -122.65033, 45.555004 ], [ -122.650358, 45.553112 ], [ -122.650397, 45.548241 ], [ -122.655713, 45.548253 ], [ -122.65859, 45.548267 ], [ -122.661587, 45.548274 ], [ -122.661537, 45.554566 ] ] ] ] } },
{ "type": "Feature", "properties": { "GEOID": "41051003401", "average_size": 2.0151162790697676 }, "geometry": { "type": "MultiPolygon", "coordinates": [ [ [ [ -122.675447, 45.555494 ], [ -122.674942, 45.556879 ], [ -122.674966, 45.562681 ], [ -122.670655, 45.562699 ], [ -122.668739, 45.562707 ], [ -122.661432, 45.562735 ], [ -122.661484, 45.560028 ], [ -122.661502, 45.559123 ], [ -122.661537, 45.555503 ], [ -122.661537, 45.554566 ], [ -122.666753, 45.554579 ], [ -122.668003, 45.554572 ], [ -122.671204, 45.55458 ], [ -122.675512, 45.554622 ], [ -122.675447, 45.555494 ] ] ] ] } },
{ "type": "Feature", "properties": { "GEOID": "41051003402", "average_size": 1.917844522968198 }, "geometry": { "type": "MultiPolygon", "coordinates": [ [ [ [ -122.675512, 45.554622 ], [ -122.671204, 45.55458 ], [ -122.668003, 45.554572 ], [ -122.666753, 45.554579 ], [ -122.661537, 45.554566 ], [ -122.661587, 45.548274 ], [ -122.666685, 45.548261 ], [ -122.671235, 45.548264 ], [ -122.673302, 45.548243 ], [ -122.675561, 45.547837 ], [ -122.675512, 45.554622 ] ] ] ] } },
{ "type": "Feature", "properties": { "GEOID": "41051003501", "average_size": 2.1058823529411765 }, "geometry": { "type": "MultiPolygon", "coordinates": [ [ [ [ -122.697557, 45.562699 ], [ -122.694602, 45.562741 ], [ -122.688659, 45.562708 ], [ -122.682233, 45.562655 ], [ -122.678727, 45.562659 ], [ -122.67809, 45.562669 ], [ -122.674966, 45.562681 ], [ -122.674942, 45.556879 ], [ -122.675447, 45.555494 ], [ -122.67751, 45.555591 ], [ -122.678707, 45.556082 ], [ -122.682295, 45.556097 ], [ -122.684862, 45.555927 ], [ -122.694225, 45.555997 ], [ -122.69974, 45.562695 ], [ -122.697557, 45.562699 ] ] ] ] } },
{ "type": "Feature", "properties": { "GEOID": "41051003502", "average_size": 2.2371541501976284 }, "geometry": { "type": "MultiPolygon", "coordinates": [ [ [ [ -122.694225, 45.555997 ], [ -122.684862, 45.555927 ], [ -122.682295, 45.556097 ], [ -122.678707, 45.556082 ], [ -122.67751, 45.555591 ], [ -122.675447, 45.555494 ], [ -122.675512, 45.554622 ], [ -122.675561, 45.547837 ], [ -122.67804, 45.547835 ], [ -122.678805, 45.548024 ], [ -122.676788, 45.543538 ], [ -122.677931, 45.542128 ], [ -122.677905, 45.543582 ], [ -122.682032, 45.545757 ], [ -122.691207, 45.552368 ], [ -122.694225, 45.555997 ] ] ] ] } },
{ "type": "Feature", "properties": { "GEOID": "41051003601", "average_size": 2.0928882438316401 }, "geometry": { "type": "MultiPolygon", "coordinates": [ [ [ [ -122.661404, 45.566409 ], [ -122.661392, 45.568247 ], [ -122.661378, 45.569978 ], [ -122.661358, 45.571787 ], [ -122.661365, 45.574433 ], [ -122.661346, 45.57723 ], [ -122.661336, 45.580687 ], [ -122.661419, 45.581139 ], [ -122.65176, 45.57831 ], [ -122.650107, 45.577209 ], [ -122.650074, 45.576267 ], [ -122.650054, 45.571863 ], [ -122.650052, 45.570492 ], [ -122.650033, 45.568435 ], [ -122.650075, 45.562722 ], [ -122.653097, 45.562729 ], [ -122.655121, 45.562733 ], [ -122.661432, 45.562735 ], [ -122.661404, 45.566409 ] ] ] ] } },
{ "type": "Feature", "properties": { "GEOID": "41051003602", "average_size": 2.2610398860398861 }, "geometry": { "type": "MultiPolygon", "coordinates": [ [ [ [ -122.65176, 45.57831 ], [ -122.638127, 45.57526 ], [ -122.633555, 45.574262 ], [ -122.631241, 45.573684 ], [ -122.63065, 45.573201 ], [ -122.630645, 45.572743 ], [ -122.630653, 45.568243 ], [ -122.630657, 45.562715 ], [ -122.635928, 45.562698 ], [ -122.640859, 45.562692 ], [ -122.642419, 45.562692 ], [ -122.649686, 45.56272 ], [ -122.650075, 45.562722 ], [ -122.650033, 45.568435 ], [ -122.650052, 45.570492 ], [ -122.650054, 45.571863 ], [ -122.650074, 45.576267 ], [ -122.650107, 45.577209 ], [ -122.65176, 45.57831 ] ] ] ] } },
{ "type": "Feature", "properties": { "GEOID": "41051003603", "average_size": 2.4355345911949686 }, "geometry": { "type": "MultiPolygon", "coordinates": [ [ [ [ -122.630653, 45.568243 ], [ -122.630645, 45.572743 ], [ -122.618684, 45.570419 ], [ -122.619843, 45.569699 ], [ -122.62041, 45.568588 ], [ -122.620424, 45.562803 ], [ -122.630657, 45.562715 ], [ -122.630653, 45.568243 ] ] ] ] } },
{ "type": "Feature", "properties": { "GEOID": "41051003701", "average_size": 2.0329776915615905 }, "geometry": { "type": "MultiPolygon", "coordinates": [ [ [ [ -122.674806, 45.575808 ], [ -122.674789, 45.57722 ], [ -122.674553, 45.577622 ], [ -122.674335, 45.583903 ], [ -122.670102, 45.5834 ], [ -122.66781, 45.58293 ], [ -122.661419, 45.581139 ], [ -122.661336, 45.580687 ], [ -122.661346, 45.57723 ], [ -122.661365, 45.574433 ], [ -122.661358, 45.571787 ], [ -122.661378, 45.569978 ], [ -122.668877, 45.569947 ], [ -122.670785, 45.56994 ], [ -122.67487, 45.569923 ], [ -122.674806, 45.575808 ] ] ] ] } },
{ "type": "Feature", "properties": { "GEOID": "41051003702", "average_size": 2.4007319304666055 }, "geometry": { "type": "MultiPolygon", "coordinates": [ [ [ [ -122.67487, 45.569923 ], [ -122.670785, 45.56994 ], [ -122.668877, 45.569947 ], [ -122.661378, 45.569978 ], [ -122.661392, 45.568247 ], [ -122.661404, 45.566409 ], [ -122.661432, 45.562735 ], [ -122.668739, 45.562707 ], [ -122.670655, 45.562699 ], [ -122.674966, 45.562681 ], [ -122.67487, 45.569923 ] ] ] ] } },
{ "type": "Feature", "properties": { "GEOID": "41051003801", "average_size": 2.1181102362204722 }, "geometry": { "type": "MultiPolygon", "coordinates": [ [ [ [ -122.692464, 45.583098 ], [ -122.692153, 45.583759 ], [ -122.692179, 45.585954 ], [ -122.692256, 45.586969 ], [ -122.686915, 45.585784 ], [ -122.680672, 45.584034 ], [ -122.674335, 45.583903 ], [ -122.674553, 45.577622 ], [ -122.674789, 45.57722 ], [ -122.682088, 45.577128 ], [ -122.686865, 45.57713 ], [ -122.692421, 45.577121 ], [ -122.692464, 45.583098 ] ] ] ] } },
{ "type": "Feature", "properties": { "GEOID": "41051003802", "average_size": 2.3140495867768593 }, "geometry": { "type": "MultiPolygon", "coordinates": [ [ [ [ -122.692421, 45.577121 ], [ -122.686865, 45.57713 ], [ -122.682088, 45.577128 ], [ -122.674789, 45.57722 ], [ -122.674806, 45.575808 ], [ -122.67487, 45.569923 ], [ -122.682144, 45.569894 ], [ -122.687326, 45.569917 ], [ -122.688586, 45.569919 ], [ -122.692483, 45.569933 ], [ -122.692421, 45.577121 ] ] ] ] } },
{ "type": "Feature", "properties": { "GEOID": "41051003803", "average_size": 2.1701461377870563 }, "geometry": { "type": "MultiPolygon", "coordinates": [ [ [ [ -122.694533, 45.569933 ], [ -122.692483, 45.569933 ], [ -122.688586, 45.569919 ], [ -122.687326, 45.569917 ], [ -122.682144, 45.569894 ], [ -122.67487, 45.569923 ], [ -122.674966, 45.562681 ], [ -122.67809, 45.562669 ], [ -122.678727, 45.562659 ], [ -122.682233, 45.562655 ], [ -122.688659, 45.562708 ], [ -122.694602, 45.562741 ], [ -122.694533, 45.569933 ] ] ] ] } },
{ "type": "Feature", "properties": { "GEOID": "41051003902", "average_size": 2.4733564013840832 }, "geometry": { "type": "MultiPolygon", "coordinates": [ [ [ [ -122.714573, 45.578989 ], [ -122.709715, 45.577291 ], [ -122.705387, 45.577134 ], [ -122.701464, 45.577137 ], [ -122.697238, 45.577128 ], [ -122.696492, 45.577125 ], [ -122.692421, 45.577121 ], [ -122.692483, 45.569933 ], [ -122.694533, 45.569933 ], [ -122.694602, 45.562741 ], [ -122.697557, 45.562699 ], [ -122.69707, 45.565431 ], [ -122.699009, 45.565447 ], [ -122.70002, 45.569934 ], [ -122.700701, 45.571117 ], [ -122.701798, 45.572357 ], [ -122.702795, 45.57316 ], [ -122.704015, 45.573871 ], [ -122.707945, 45.57495 ], [ -122.713496, 45.575296 ], [ -122.713513, 45.577122 ], [ -122.714573, 45.578989 ] ] ] ] } },
{ "type": "Feature", "properties": { "GEOID": "41051003903", "average_size": 2.418006430868167 }, "geometry": { "type": "MultiPolygon", "coordinates": [ [ [ [ -122.716676, 45.593841 ], [ -122.702404, 45.590221 ], [ -122.702421, 45.584023 ], [ -122.705365, 45.584033 ], [ -122.705387, 45.577134 ], [ -122.709715, 45.577291 ], [ -122.714573, 45.578989 ], [ -122.714552, 45.584054 ], [ -122.71454, 45.586631 ], [ -122.713466, 45.586629 ], [ -122.71432, 45.591564 ], [ -122.716538, 45.592575 ], [ -122.716676, 45.593841 ] ] ] ] } },
{ "type": "Feature", "properties": { "GEOID": "41051003904", "average_size": 2.3385167464114831 }, "geometry": { "type": "MultiPolygon", "coordinates": [ [ [ [ -122.705365, 45.584033 ], [ -122.702421, 45.584023 ], [ -122.702404, 45.590221 ], [ -122.697216, 45.5888 ], [ -122.692256, 45.586969 ], [ -122.692179, 45.585954 ], [ -122.692153, 45.583759 ], [ -122.692464, 45.583098 ], [ -122.692421, 45.577121 ], [ -122.696492, 45.577125 ], [ -122.697238, 45.577128 ], [ -122.701464, 45.577137 ], [ -122.705387, 45.577134 ], [ -122.705365, 45.584033 ] ] ] ] } },
{ "type": "Feature", "properties": { "GEOID": "41051004002", "average_size": 2.6432853717026381 }, "geometry": { "type": "MultiPolygon", "coordinates": [ [ [ [ -122.740832, 45.582191 ], [ -122.735885, 45.586343 ], [ -122.732305, 45.585476 ], [ -122.728307, 45.584023 ], [ -122.722755, 45.58199 ], [ -122.721662, 45.58159 ], [ -122.718295, 45.580367 ], [ -122.714573, 45.578989 ], [ -122.713513, 45.577122 ], [ -122.713496, 45.575296 ], [ -122.718534, 45.574564 ], [ -122.72201, 45.573092 ], [ -122.723271, 45.571013 ], [ -122.730522, 45.564932 ], [ -122.736197, 45.568535 ], [ -122.737594, 45.571535 ], [ -122.738944, 45.572107 ], [ -122.747077, 45.576997 ], [ -122.740832, 45.582191 ] ] ] ] } },
{ "type": "Feature", "properties": { "GEOID": "41051004003", "average_size": 2.5907142857142857 }, "geometry": { "type": "MultiPolygon", "coordinates": [ [ [ [ -122.735885, 45.586343 ], [ -122.729065, 45.591913 ], [ -122.724111, 45.595993 ], [ -122.718688, 45.594349 ], [ -122.716676, 45.593841 ], [ -122.716538, 45.592575 ], [ -122.71432, 45.591564 ], [ -122.713466, 45.586629 ], [ -122.71454, 45.586631 ], [ -122.714552, 45.584054 ], [ -122.714573, 45.578989 ], [ -122.718295, 45.580367 ], [ -122.721662, 45.58159 ], [ -122.722755, 45.58199 ], [ -122.728307, 45.584023 ], [ -122.732305, 45.585476 ], [ -122.735885, 45.586343 ] ] ] ] } },
{ "type": "Feature", "properties": { "GEOID": "41051004102", "average_size": 1.9663755458515284 }, "geometry": { "type": "MultiPolygon", "coordinates": [ [ [ [ -122.754463, 45.583741 ], [ -122.751041, 45.588997 ], [ -122.749247, 45.589546 ], [ -122.747358, 45.593372 ], [ -122.746002, 45.596037 ], [ -122.738309, 45.594208 ], [ -122.732675, 45.592823 ], [ -122.729065, 45.591913 ], [ -122.735885, 45.586343 ], [ -122.740832, 45.582191 ], [ -122.747077, 45.576997 ], [ -122.756372, 45.58108 ], [ -122.754463, 45.583741 ] ] ] ] } },
{ "type": "Feature", "properties": { "GEOID": "41051004103", "average_size": 2.4136868064118371 }, "geometry": { "type": "MultiPolygon", "coordinates": [ [ [ [ -122.763269, 45.61524 ], [ -122.758616, 45.612963 ], [ -122.756133, 45.611382 ], [ -122.752339, 45.60977 ], [ -122.749559, 45.609291 ], [ -122.746279, 45.607583 ], [ -122.740916, 45.60703 ], [ -122.736455, 45.604031 ], [ -122.730415, 45.603283 ], [ -122.725785, 45.601293 ], [ -122.721519, 45.601022 ], [ -122.719016, 45.600215 ], [ -122.724111, 45.595993 ], [ -122.729065, 45.591913 ], [ -122.732675, 45.592823 ], [ -122.738309, 45.594208 ], [ -122.746002, 45.596037 ], [ -122.747358, 45.593372 ], [ -122.753394, 45.594916 ], [ -122.755679, 45.597141 ], [ -122.751792, 45.599032 ], [ -122.748984, 45.599542 ], [ -122.747196, 45.60267 ], [ -122.75734, 45.60723 ], [ -122.75796, 45.607584 ], [ -122.762866, 45.612585 ], [ -122.763269, 45.61524 ] ] ] ] } },
{ "type": "Feature", "properties": { "GEOID": "41051004104", "average_size": 2.3318042813455659 }, "geometry": { "type": "MultiPolygon", "coordinates": [ [ [ [ -122.782559, 45.617936 ], [ -122.780287, 45.617965 ], [ -122.779795, 45.617482 ], [ -122.766566, 45.615834 ], [ -122.763269, 45.61524 ], [ -122.762866, 45.612585 ], [ -122.75796, 45.607584 ], [ -122.75734, 45.60723 ], [ -122.747196, 45.60267 ], [ -122.748984, 45.599542 ], [ -122.751792, 45.599032 ], [ -122.755679, 45.597141 ], [ -122.756614, 45.598104 ], [ -122.760598, 45.596469 ], [ -122.765998, 45.594223 ], [ -122.770373, 45.600858 ], [ -122.770873, 45.600468 ], [ -122.77716, 45.597975 ], [ -122.77846, 45.599491 ], [ -122.788341, 45.614874 ], [ -122.782559, 45.617936 ] ] ] ] } },
{ "type": "Feature", "properties": { "GEOID": "41051004200", "average_size": 1.875 }, "geometry": { "type": "MultiPolygon", "coordinates": [ [ [ [ -122.77716, 45.597975 ], [ -122.770873, 45.600468 ], [ -122.770373, 45.600858 ], [ -122.765998, 45.594223 ], [ -122.760598, 45.596469 ], [ -122.756614, 45.598104 ], [ -122.755679, 45.597141 ], [ -122.753394, 45.594916 ], [ -122.747358, 45.593372 ], [ -122.749247, 45.589546 ], [ -122.751041, 45.588997 ], [ -122.754463, 45.583741 ], [ -122.756372, 45.58108 ], [ -122.764308, 45.585316 ], [ -122.771838, 45.591807 ], [ -122.77716, 45.597975 ] ] ] ] } },
{ "type": "Feature", "properties": { "GEOID": "41051004300", "average_size": 2.0262626262626262 }, "geometry": { "type": "MultiPolygon", "coordinates": [ [ [ [ -122.833372, 45.605646 ], [ -122.829972, 45.603926 ], [ -122.826265, 45.604865 ], [ -122.823484, 45.60563 ], [ -122.820541, 45.609703 ], [ -122.8177, 45.612004 ], [ -122.818086, 45.612982 ], [ -122.816085, 45.615298 ], [ -122.813443, 45.616348 ], [ -122.810732, 45.616466 ], [ -122.808994, 45.617384 ], [ -122.809754, 45.618998 ], [ -122.806818, 45.617806 ], [ -122.80475, 45.620472 ], [ -122.801729, 45.619622 ], [ -122.799334, 45.619146 ], [ -122.795101, 45.619106 ], [ -122.790845, 45.619479 ], [ -122.789487, 45.615878 ], [ -122.788341, 45.614874 ], [ -122.77846, 45.599491 ], [ -122.77716, 45.597975 ], [ -122.771838, 45.591807 ], [ -122.764308, 45.585316 ], [ -122.756372, 45.58108 ], [ -122.747077, 45.576997 ], [ -122.738944, 45.572107 ], [ -122.737594, 45.571535 ], [ -122.736197, 45.568535 ], [ -122.730522, 45.564932 ], [ -122.722695, 45.560297 ], [ -122.7169, 45.557408 ], [ -122.702734, 45.552196 ], [ -122.697985, 45.550291 ], [ -122.692003, 45.544869 ], [ -122.696571, 45.541245 ], [ -122.705716, 45.540113 ], [ -122.710202, 45.538668 ], [ -122.711099, 45.538543 ], [ -122.715543, 45.538515 ], [ -122.720203, 45.541043 ], [ -122.72516, 45.539871 ], [ -122.726713, 45.538328 ], [ -122.726218, 45.540767 ], [ -122.727152, 45.542989 ], [ -122.726713, 45.543947 ], [ -122.729007, 45.546522 ], [ -122.732098, 45.546105 ], [ -122.734996, 45.544792 ], [ -122.7337, 45.54711 ], [ -122.735333, 45.547648 ], [ -122.733066, 45.548159 ], [ -122.733481, 45.549158 ], [ -122.7354, 45.549682 ], [ -122.73698, 45.551289 ], [ -122.739308, 45.554679 ], [ -122.741364, 45.555158 ], [ -122.744164, 45.557328 ], [ -122.748545, 45.557688 ], [ -122.750704, 45.556083 ], [ -122.752182, 45.553682 ], [ -122.75318, 45.553003 ], [ -122.752816, 45.556604 ], [ -122.754885, 45.556185 ], [ -122.75719, 45.554589 ], [ -122.755723, 45.557396 ], [ -122.757708, 45.558089 ], [ -122.760991, 45.557762 ], [ -122.760594, 45.558622 ], [ -122.763577, 45.558873 ], [ -122.760256, 45.560296 ], [ -122.759628, 45.561216 ], [ -122.76311, 45.561951 ], [ -122.765322, 45.561442 ], [ -122.78471, 45.565539 ], [ -122.789623, 45.565712 ], [ -122.790541, 45.567847 ], [ -122.789844, 45.570553 ], [ -122.791135, 45.572576 ], [ -122.794433, 45.573243 ], [ -122.794239, 45.576733 ], [ -122.796441, 45.579575 ], [ -122.798165, 45.580625 ], [ -122.799449, 45.582992 ], [ -122.805133, 45.586208 ], [ -122.805772, 45.588075 ], [ -122.809904, 45.589382 ], [ -122.810854, 45.58964 ], [ -122.812085, 45.589968 ], [ -122.813556, 45.592061 ], [ -122.818849, 45.594373 ], [ -122.820128, 45.595686 ], [ -122.825475, 45.596461 ], [ -122.826452, 45.597237 ], [ -122.826451, 45.599281 ], [ -122.827483, 45.599933 ], [ -122.832127, 45.599748 ], [ -122.8327, 45.600489 ], [ -122.832775, 45.603532 ], [ -122.833372, 45.605646 ] ] ] ] } },
{ "type": "Feature", "properties": { "GEOID": "41051004500", "average_size": 1.75809199318569 }, "geometry": { "type": "MultiPolygon", "coordinates": [ [ [ [ -122.72516, 45.539871 ], [ -122.720203, 45.541043 ], [ -122.715543, 45.538515 ], [ -122.711099, 45.538543 ], [ -122.710202, 45.538668 ], [ -122.705716, 45.540113 ], [ -122.696571, 45.541245 ], [ -122.692003, 45.544869 ], [ -122.690863, 45.543782 ], [ -122.683269, 45.537922 ], [ -122.685617, 45.535889 ], [ -122.685933, 45.535633 ], [ -122.686424, 45.535784 ], [ -122.692765, 45.53557 ], [ -122.694762, 45.53557 ], [ -122.6968, 45.53553 ], [ -122.700853, 45.535454 ], [ -122.7111, 45.535272 ], [ -122.712497, 45.535526 ], [ -122.715175, 45.533414 ], [ -122.71827, 45.533254 ], [ -122.719682, 45.537705 ], [ -122.723914, 45.539792 ], [ -122.726713, 45.538328 ], [ -122.72516, 45.539871 ] ] ] ] } },
{ "type": "Feature", "properties": { "GEOID": "41051004601", "average_size": 2.168240850059032 }, "geometry": { "type": "MultiPolygon", "coordinates": [ [ [ [ -122.720892, 45.520439 ], [ -122.718748, 45.521683 ], [ -122.71972, 45.522983 ], [ -122.719608, 45.526439 ], [ -122.71496, 45.52682 ], [ -122.714983, 45.530127 ], [ -122.716821, 45.530588 ], [ -122.714887, 45.531964 ], [ -122.714218, 45.532097 ], [ -122.709326, 45.533001 ], [ -122.707198, 45.531771 ], [ -122.70368, 45.529696 ], [ -122.701926, 45.527522 ], [ -122.699432, 45.524385 ], [ -122.700011, 45.523703 ], [ -122.698188, 45.523432 ], [ -122.698205, 45.521299 ], [ -122.698215, 45.519841 ], [ -122.697842, 45.519229 ], [ -122.69991, 45.519224 ], [ -122.700303, 45.518323 ], [ -122.699572, 45.516206 ], [ -122.70242, 45.513001 ], [ -122.706733, 45.510907 ], [ -122.709633, 45.507588 ], [ -122.71496, 45.506576 ], [ -122.719351, 45.507349 ], [ -122.719652, 45.519824 ], [ -122.720873, 45.519777 ], [ -122.720892, 45.520439 ] ] ] ] } },
{ "type": "Feature", "properties": { "GEOID": "41051004602", "average_size": 2.4689737470167064 }, "geometry": { "type": "MultiPolygon", "coordinates": [ [ [ [ -122.719357, 45.507214 ], [ -122.719351, 45.507349 ], [ -122.71496, 45.506576 ], [ -122.709633, 45.507588 ], [ -122.706733, 45.510907 ], [ -122.70242, 45.513001 ], [ -122.699572, 45.516206 ], [ -122.700303, 45.518323 ], [ -122.69991, 45.519224 ], [ -122.697842, 45.519229 ], [ -122.696398, 45.518942 ], [ -122.69274, 45.518007 ], [ -122.692361, 45.517911 ], [ -122.693626, 45.515561 ], [ -122.69675, 45.515799 ], [ -122.695493, 45.512149 ], [ -122.69356, 45.511632 ], [ -122.695757, 45.507628 ], [ -122.697127, 45.506339 ], [ -122.697264, 45.505798 ], [ -122.699939, 45.506241 ], [ -122.700982, 45.505345 ], [ -122.705856, 45.505088 ], [ -122.708276, 45.503148 ], [ -122.712582, 45.503265 ], [ -122.713216, 45.502181 ], [ -122.712983, 45.504784 ], [ -122.719351, 45.50494 ], [ -122.719357, 45.507214 ] ] ] ] } },
{ "type": "Feature", "properties": { "GEOID": "41051004700", "average_size": 1.664624183006536 }, "geometry": { "type": "MultiPolygon", "coordinates": [ [ [ [ -122.712661, 45.533476 ], [ -122.712497, 45.535526 ], [ -122.7111, 45.535272 ], [ -122.700853, 45.535454 ], [ -122.700744, 45.532603 ], [ -122.698689, 45.531928 ], [ -122.698662, 45.531215 ], [ -122.698529, 45.527651 ], [ -122.696501, 45.527688 ], [ -122.696474, 45.526975 ], [ -122.696421, 45.525549 ], [ -122.696326, 45.523315 ], [ -122.698188, 45.523432 ], [ -122.700011, 45.523703 ], [ -122.699432, 45.524385 ], [ -122.701926, 45.527522 ], [ -122.70368, 45.529696 ], [ -122.707198, 45.531771 ], [ -122.709326, 45.533001 ], [ -122.714218, 45.532097 ], [ -122.712661, 45.533476 ] ] ] ] } },
{ "type": "Feature", "properties": { "GEOID": "41051004800", "average_size": 1.3279352226720649 }, "geometry": { "type": "MultiPolygon", "coordinates": [ [ [ [ -122.698662, 45.531215 ], [ -122.696634, 45.531252 ], [ -122.696607, 45.530539 ], [ -122.694579, 45.530577 ], [ -122.694552, 45.529864 ], [ -122.692524, 45.529901 ], [ -122.692417, 45.52705 ], [ -122.692364, 45.525624 ], [ -122.692271, 45.523118 ], [ -122.695394, 45.523272 ], [ -122.696326, 45.523315 ], [ -122.696421, 45.525549 ], [ -122.696474, 45.526975 ], [ -122.696501, 45.527688 ], [ -122.698529, 45.527651 ], [ -122.698662, 45.531215 ] ] ] ] } },
{ "type": "Feature", "properties": { "GEOID": "41051004901", "average_size": 1.5686644643699859 }, "geometry": { "type": "MultiPolygon", "coordinates": [ [ [ [ -122.700853, 45.535454 ], [ -122.6968, 45.53553 ], [ -122.694762, 45.53557 ], [ -122.694658, 45.532715 ], [ -122.690601, 45.53279 ], [ -122.690495, 45.529938 ], [ -122.692524, 45.529901 ], [ -122.694552, 45.529864 ], [ -122.694579, 45.530577 ], [ -122.696607, 45.530539 ], [ -122.696634, 45.531252 ], [ -122.698662, 45.531215 ], [ -122.698689, 45.531928 ], [ -122.700744, 45.532603 ], [ -122.700853, 45.535454 ] ] ] ] } },
{ "type": "Feature", "properties": { "GEOID": "41051004902", "average_size": 1.4122137404580153 }, "geometry": { "type": "MultiPolygon", "coordinates": [ [ [ [ -122.692524, 45.529901 ], [ -122.690495, 45.529938 ], [ -122.689481, 45.529957 ], [ -122.689375, 45.527106 ], [ -122.688308, 45.525699 ], [ -122.688216, 45.522918 ], [ -122.689219, 45.522967 ], [ -122.692271, 45.523118 ], [ -122.692364, 45.525624 ], [ -122.692417, 45.52705 ], [ -122.692524, 45.529901 ] ] ] ] } },
{ "type": "Feature", "properties": { "GEOID": "41051005001", "average_size": 1.3243902439024391 }, "geometry": { "type": "MultiPolygon", "coordinates": [ [ [ [ -122.687055, 45.534291 ], [ -122.685933, 45.535633 ], [ -122.68553, 45.532883 ], [ -122.683475, 45.532207 ], [ -122.683399, 45.53007 ], [ -122.683263, 45.526504 ], [ -122.683145, 45.522931 ], [ -122.685931, 45.522893 ], [ -122.686723, 45.524225 ], [ -122.687121, 45.529999 ], [ -122.687055, 45.534291 ] ] ] ] } },
{ "type": "Feature", "properties": { "GEOID": "41051005002", "average_size": 1.2311688311688311 }, "geometry": { "type": "MultiPolygon", "coordinates": [ [ [ [ -122.694762, 45.53557 ], [ -122.692765, 45.53557 ], [ -122.686424, 45.535784 ], [ -122.685933, 45.535633 ], [ -122.687055, 45.534291 ], [ -122.687121, 45.529999 ], [ -122.686723, 45.524225 ], [ -122.685931, 45.522893 ], [ -122.6861, 45.522891 ], [ -122.688216, 45.522918 ], [ -122.688308, 45.525699 ], [ -122.689375, 45.527106 ], [ -122.689481, 45.529957 ], [ -122.690495, 45.529938 ], [ -122.690601, 45.53279 ], [ -122.694658, 45.532715 ], [ -122.694762, 45.53557 ] ] ] ] } },
{ "type": "Feature", "properties": { "GEOID": "41051005101", "average_size": 1.4538288288288288 }, "geometry": { "type": "MultiPolygon", "coordinates": [ [ [ [ -122.685617, 45.535889 ], [ -122.683269, 45.537922 ], [ -122.683176, 45.537857 ], [ -122.678037, 45.535282 ], [ -122.673945, 45.531963 ], [ -122.677643, 45.529881 ], [ -122.679874, 45.530119 ], [ -122.680331, 45.530129 ], [ -122.681364, 45.530119 ], [ -122.683399, 45.53007 ], [ -122.683475, 45.532207 ], [ -122.68553, 45.532883 ], [ -122.685933, 45.535633 ], [ -122.685617, 45.535889 ] ] ] ] } },
{ "type": "Feature", "properties": { "GEOID": "41051005102", "average_size": 1.4910625620655411 }, "geometry": { "type": "MultiPolygon", "coordinates": [ [ [ [ -122.683399, 45.53007 ], [ -122.681364, 45.530119 ], [ -122.680331, 45.530129 ], [ -122.679874, 45.530119 ], [ -122.677643, 45.529881 ], [ -122.677568, 45.526608 ], [ -122.677411, 45.523042 ], [ -122.680089, 45.522996 ], [ -122.681121, 45.522976 ], [ -122.683145, 45.522931 ], [ -122.683263, 45.526504 ], [ -122.683399, 45.53007 ] ] ] ] } },
{ "type": "Feature", "properties": { "GEOID": "41051005103", "average_size": 1.275779376498801 }, "geometry": { "type": "MultiPolygon", "coordinates": [ [ [ [ -122.677643, 45.529881 ], [ -122.673945, 45.531963 ], [ -122.669003, 45.527626 ], [ -122.667785, 45.526766 ], [ -122.667093, 45.523028 ], [ -122.675406, 45.52308 ], [ -122.677411, 45.523042 ], [ -122.677568, 45.526608 ], [ -122.677643, 45.529881 ] ] ] ] } },
{ "type": "Feature", "properties": { "GEOID": "41051005201", "average_size": 1.3264649066323246 }, "geometry": { "type": "MultiPolygon", "coordinates": [ [ [ [ -122.69274, 45.518007 ], [ -122.691476, 45.520014 ], [ -122.690855, 45.520827 ], [ -122.69013, 45.522164 ], [ -122.689219, 45.522967 ], [ -122.688216, 45.522918 ], [ -122.6861, 45.522891 ], [ -122.685931, 45.522893 ], [ -122.683145, 45.522931 ], [ -122.683102, 45.522479 ], [ -122.685227, 45.518557 ], [ -122.686307, 45.516558 ], [ -122.687917, 45.516973 ], [ -122.690332, 45.517599 ], [ -122.692361, 45.517911 ], [ -122.69274, 45.518007 ] ] ] ] } },
{ "type": "Feature", "properties": { "GEOID": "41051005202", "average_size": 1.5359917141377524 }, "geometry": { "type": "MultiPolygon", "coordinates": [ [ [ [ -122.698205, 45.521299 ], [ -122.698188, 45.523432 ], [ -122.696326, 45.523315 ], [ -122.695394, 45.523272 ], [ -122.692271, 45.523118 ], [ -122.689219, 45.522967 ], [ -122.69013, 45.522164 ], [ -122.690855, 45.520827 ], [ -122.691476, 45.520014 ], [ -122.69274, 45.518007 ], [ -122.696398, 45.518942 ], [ -122.697842, 45.519229 ], [ -122.698215, 45.519841 ], [ -122.698205, 45.521299 ] ] ] ] } },
{ "type": "Feature", "properties": { "GEOID": "41051005500", "average_size": 1.5367132867132867 }, "geometry": { "type": "MultiPolygon", "coordinates": [ [ [ [ -122.69675, 45.515799 ], [ -122.693626, 45.515561 ], [ -122.692361, 45.517911 ], [ -122.690332, 45.517599 ], [ -122.687917, 45.516973 ], [ -122.686307, 45.516558 ], [ -122.687397, 45.514553 ], [ -122.688117, 45.513227 ], [ -122.688908, 45.511858 ], [ -122.68901, 45.511679 ], [ -122.688379, 45.509157 ], [ -122.69356, 45.511632 ], [ -122.695493, 45.512149 ], [ -122.69675, 45.515799 ] ] ] ] } },
{ "type": "Feature", "properties": { "GEOID": "41051005601", "average_size": 1.337990327780763 }, "geometry": { "type": "MultiPolygon", "coordinates": [ [ [ [ -122.687397, 45.514553 ], [ -122.686307, 45.516558 ], [ -122.685287, 45.516285 ], [ -122.683269, 45.515741 ], [ -122.678742, 45.514527 ], [ -122.679787, 45.512521 ], [ -122.682874, 45.51335 ], [ -122.684352, 45.513754 ], [ -122.686374, 45.514287 ], [ -122.687397, 45.514553 ] ] ] ] } },
{ "type": "Feature", "properties": { "GEOID": "41051005602", "average_size": 1.7103524229074889 }, "geometry": { "type": "MultiPolygon", "coordinates": [ [ [ [ -122.688117, 45.513227 ], [ -122.687397, 45.514553 ], [ -122.686374, 45.514287 ], [ -122.684352, 45.513754 ], [ -122.682874, 45.51335 ], [ -122.679787, 45.512521 ], [ -122.680169, 45.511863 ], [ -122.680855, 45.510513 ], [ -122.68175, 45.508918 ], [ -122.681887, 45.508453 ], [ -122.681987, 45.506422 ], [ -122.684198, 45.507799 ], [ -122.687284, 45.509938 ], [ -122.688908, 45.511858 ], [ -122.688117, 45.513227 ] ] ] ] } },
{ "type": "Feature", "properties": { "GEOID": "41051005701", "average_size": 2.0202312138728322 }, "geometry": { "type": "MultiPolygon", "coordinates": [ [ [ [ -122.682017, 45.505125 ], [ -122.681987, 45.506422 ], [ -122.679838, 45.505747 ], [ -122.677562, 45.505565 ], [ -122.673601, 45.505424 ], [ -122.668563, 45.508276 ], [ -122.665115, 45.50293 ], [ -122.665103, 45.501184 ], [ -122.671484, 45.500683 ], [ -122.672973, 45.500565 ], [ -122.675244, 45.500389 ], [ -122.680917, 45.50086 ], [ -122.682029, 45.503012 ], [ -122.682017, 45.505125 ] ] ] ] } },
{ "type": "Feature", "properties": { "GEOID": "41051005702", "average_size": 1.4148007590132827 }, "geometry": { "type": "MultiPolygon", "coordinates": [ [ [ [ -122.681887, 45.508453 ], [ -122.68175, 45.508918 ], [ -122.680855, 45.510513 ], [ -122.680169, 45.511863 ], [ -122.679787, 45.512521 ], [ -122.678742, 45.514527 ], [ -122.676716, 45.513986 ], [ -122.674718, 45.513424 ], [ -122.673887, 45.513883 ], [ -122.670417, 45.51307 ], [ -122.668563, 45.508276 ], [ -122.673601, 45.505424 ], [ -122.677562, 45.505565 ], [ -122.679838, 45.505747 ], [ -122.681987, 45.506422 ], [ -122.681887, 45.508453 ] ] ] ] } },
{ "type": "Feature", "properties": { "GEOID": "41051005800", "average_size": 2.0905190905190905 }, "geometry": { "type": "MultiPolygon", "coordinates": [ [ [ [ -122.713216, 45.502181 ], [ -122.712582, 45.503265 ], [ -122.708276, 45.503148 ], [ -122.705856, 45.505088 ], [ -122.700982, 45.505345 ], [ -122.699939, 45.506241 ], [ -122.697264, 45.505798 ], [ -122.697127, 45.506339 ], [ -122.695757, 45.507628 ], [ -122.69356, 45.511632 ], [ -122.688379, 45.509157 ], [ -122.68901, 45.511679 ], [ -122.688908, 45.511858 ], [ -122.687284, 45.509938 ], [ -122.684198, 45.507799 ], [ -122.681987, 45.506422 ], [ -122.682017, 45.505125 ], [ -122.687421, 45.502879 ], [ -122.68392, 45.502921 ], [ -122.682687, 45.49952 ], [ -122.680413, 45.497113 ], [ -122.682379, 45.495249 ], [ -122.681413, 45.493838 ], [ -122.68167, 45.492066 ], [ -122.68401, 45.491506 ], [ -122.686614, 45.491978 ], [ -122.687015, 45.493391 ], [ -122.691489, 45.495919 ], [ -122.695236, 45.496068 ], [ -122.697234, 45.495791 ], [ -122.698003, 45.495377 ], [ -122.695841, 45.493468 ], [ -122.695635, 45.489869 ], [ -122.693483, 45.487799 ], [ -122.694535, 45.487313 ], [ -122.698168, 45.489092 ], [ -122.700786, 45.492451 ], [ -122.702542, 45.49221 ], [ -122.704372, 45.494637 ], [ -122.706417, 45.494595 ], [ -122.702653, 45.490516 ], [ -122.710339, 45.490586 ], [ -122.710673, 45.492949 ], [ -122.712141, 45.495013 ], [ -122.711611, 45.496211 ], [ -122.712993, 45.498206 ], [ -122.712252, 45.500346 ], [ -122.712989, 45.501614 ], [ -122.713606, 45.50187 ], [ -122.713216, 45.502181 ] ] ] ] } },
{ "type": "Feature", "properties": { "GEOID": "41051005901", "average_size": 1.9643435980551054 }, "geometry": { "type": "MultiPolygon", "coordinates": [ [ [ [ -122.682638, 45.488991 ], [ -122.677808, 45.491317 ], [ -122.676933, 45.492368 ], [ -122.678901, 45.497243 ], [ -122.680917, 45.50086 ], [ -122.675244, 45.500389 ], [ -122.672973, 45.500565 ], [ -122.673545, 45.492819 ], [ -122.673711, 45.492957 ], [ -122.675462, 45.489947 ], [ -122.678788, 45.487212 ], [ -122.679189, 45.486477 ], [ -122.6789, 45.476565 ], [ -122.678246, 45.474443 ], [ -122.677627, 45.472726 ], [ -122.679432, 45.47282 ], [ -122.680216, 45.480325 ], [ -122.680905, 45.483916 ], [ -122.682518, 45.486756 ], [ -122.682638, 45.488991 ] ] ] ] } },
{ "type": "Feature", "properties": { "GEOID": "41051005902", "average_size": 1.5394951140065147 }, "geometry": { "type": "MultiPolygon", "coordinates": [ [ [ [ -122.672997, 45.491576 ], [ -122.673545, 45.492819 ], [ -122.672973, 45.500565 ], [ -122.671484, 45.500683 ], [ -122.665103, 45.501184 ], [ -122.665453, 45.497914 ], [ -122.668511, 45.489634 ], [ -122.668865, 45.486618 ], [ -122.672769, 45.486776 ], [ -122.672391, 45.489865 ], [ -122.673728, 45.489914 ], [ -122.672997, 45.491576 ] ] ] ] } },
{ "type": "Feature", "properties": { "GEOID": "41051005903", "average_size": 1.757172131147541 }, "geometry": { "type": "MultiPolygon", "coordinates": [ [ [ [ -122.679189, 45.486477 ], [ -122.678788, 45.487212 ], [ -122.675462, 45.489947 ], [ -122.673711, 45.492957 ], [ -122.673545, 45.492819 ], [ -122.672997, 45.491576 ], [ -122.673728, 45.489914 ], [ -122.672391, 45.489865 ], [ -122.672769, 45.486776 ], [ -122.668865, 45.486618 ], [ -122.669145, 45.484237 ], [ -122.667554, 45.474783 ], [ -122.666484, 45.464933 ], [ -122.666484, 45.464334 ], [ -122.667666, 45.464331 ], [ -122.668847, 45.46431 ], [ -122.669037, 45.465072 ], [ -122.669534, 45.4664 ], [ -122.670076, 45.467406 ], [ -122.670785, 45.468104 ], [ -122.671307, 45.468814 ], [ -122.671499, 45.469482 ], [ -122.67254, 45.469332 ], [ -122.674171, 45.470227 ], [ -122.676962, 45.473022 ], [ -122.676951, 45.47443 ], [ -122.678058, 45.47444 ], [ -122.678246, 45.474443 ], [ -122.6789, 45.476565 ], [ -122.679189, 45.486477 ] ] ] ] } },
{ "type": "Feature", "properties": { "GEOID": "41051006001", "average_size": 1.9703989703989704 }, "geometry": { "type": "MultiPolygon", "coordinates": [ [ [ [ -122.697234, 45.495791 ], [ -122.695236, 45.496068 ], [ -122.691489, 45.495919 ], [ -122.687015, 45.493391 ], [ -122.686614, 45.491978 ], [ -122.68401, 45.491506 ], [ -122.68167, 45.492066 ], [ -122.681413, 45.493838 ], [ -122.682379, 45.495249 ], [ -122.680413, 45.497113 ], [ -122.682687, 45.49952 ], [ -122.68392, 45.502921 ], [ -122.687421, 45.502879 ], [ -122.682017, 45.505125 ], [ -122.682029, 45.503012 ], [ -122.680917, 45.50086 ], [ -122.678901, 45.497243 ], [ -122.676933, 45.492368 ], [ -122.677808, 45.491317 ], [ -122.682638, 45.488991 ], [ -122.682518, 45.486756 ], [ -122.680905, 45.483916 ], [ -122.680216, 45.480325 ], [ -122.682808, 45.479911 ], [ -122.687002, 45.480204 ], [ -122.688742, 45.480255 ], [ -122.692654, 45.479006 ], [ -122.692326, 45.481329 ], [ -122.690848, 45.482697 ], [ -122.689588, 45.482455 ], [ -122.688687, 45.483357 ], [ -122.687697, 45.483947 ], [ -122.690211, 45.484222 ], [ -122.689903, 45.485454 ], [ -122.692283, 45.485546 ], [ -122.694535, 45.487313 ], [ -122.693483, 45.487799 ], [ -122.695635, 45.489869 ], [ -122.695841, 45.493468 ], [ -122.698003, 45.495377 ], [ -122.697234, 45.495791 ] ] ] ] } },
{ "type": "Feature", "properties": { "GEOID": "41051006002", "average_size": 2.2836676217765044 }, "geometry": { "type": "MultiPolygon", "coordinates": [ [ [ [ -122.698275, 45.477832 ], [ -122.693486, 45.478728 ], [ -122.692654, 45.479006 ], [ -122.688742, 45.480255 ], [ -122.687002, 45.480204 ], [ -122.682808, 45.479911 ], [ -122.680216, 45.480325 ], [ -122.679432, 45.47282 ], [ -122.677627, 45.472726 ], [ -122.677559, 45.471212 ], [ -122.678752, 45.470036 ], [ -122.679403, 45.469758 ], [ -122.685891, 45.470396 ], [ -122.688089, 45.470265 ], [ -122.693159, 45.470861 ], [ -122.694604, 45.472503 ], [ -122.696563, 45.476046 ], [ -122.697774, 45.477483 ], [ -122.698275, 45.477832 ] ] ] ] } },
{ "type": "Feature", "properties": { "GEOID": "41051006100", "average_size": 2.2979145978152928 }, "geometry": { "type": "MultiPolygon", "coordinates": [ [ [ [ -122.710339, 45.490586 ], [ -122.702653, 45.490516 ], [ -122.706417, 45.494595 ], [ -122.704372, 45.494637 ], [ -122.702542, 45.49221 ], [ -122.700786, 45.492451 ], [ -122.698168, 45.489092 ], [ -122.694535, 45.487313 ], [ -122.692283, 45.485546 ], [ -122.689903, 45.485454 ], [ -122.690211, 45.484222 ], [ -122.687697, 45.483947 ], [ -122.688687, 45.483357 ], [ -122.689588, 45.482455 ], [ -122.690848, 45.482697 ], [ -122.692326, 45.481329 ], [ -122.692654, 45.479006 ], [ -122.693486, 45.478728 ], [ -122.698275, 45.477832 ], [ -122.701381, 45.479635 ], [ -122.707745, 45.481574 ], [ -122.708276, 45.48382 ], [ -122.707889, 45.484793 ], [ -122.710316, 45.485182 ], [ -122.710339, 45.490586 ] ] ] ] } },
{ "type": "Feature", "properties": { "GEOID": "41051006200", "average_size": 2.2364457831325302 }, "geometry": { "type": "MultiPolygon", "coordinates": [ [ [ [ -122.71013, 45.457347 ], [ -122.707725, 45.458695 ], [ -122.69735, 45.464526 ], [ -122.694318, 45.466147 ], [ -122.693258, 45.466871 ], [ -122.690117, 45.469594 ], [ -122.688089, 45.470265 ], [ -122.685891, 45.470396 ], [ -122.679403, 45.469758 ], [ -122.678752, 45.470036 ], [ -122.677559, 45.471212 ], [ -122.677627, 45.472726 ], [ -122.678246, 45.474443 ], [ -122.678058, 45.47444 ], [ -122.676951, 45.47443 ], [ -122.676962, 45.473022 ], [ -122.674171, 45.470227 ], [ -122.67254, 45.469332 ], [ -122.67304, 45.467526 ], [ -122.674157, 45.465812 ], [ -122.680717, 45.463486 ], [ -122.684865, 45.46311 ], [ -122.685508, 45.462967 ], [ -122.688025, 45.463394 ], [ -122.689882, 45.462977 ], [ -122.691154, 45.461903 ], [ -122.693068, 45.458336 ], [ -122.696502, 45.45856 ], [ -122.699023, 45.459041 ], [ -122.70238, 45.458042 ], [ -122.704611, 45.458104 ], [ -122.70999, 45.457057 ], [ -122.710076, 45.457235 ], [ -122.71013, 45.457347 ] ] ] ] } },
{ "type": "Feature", "properties": { "GEOID": "41051006300", "average_size": 2.5737234652897305 }, "geometry": { "type": "MultiPolygon", "coordinates": [ [ [ [ -122.696502, 45.45856 ], [ -122.693068, 45.458336 ], [ -122.691154, 45.461903 ], [ -122.689882, 45.462977 ], [ -122.688025, 45.463394 ], [ -122.685508, 45.462967 ], [ -122.684865, 45.46311 ], [ -122.680717, 45.463486 ], [ -122.674157, 45.465812 ], [ -122.67304, 45.467526 ], [ -122.67254, 45.469332 ], [ -122.671499, 45.469482 ], [ -122.671307, 45.468814 ], [ -122.670785, 45.468104 ], [ -122.670076, 45.467406 ], [ -122.669534, 45.4664 ], [ -122.669037, 45.465072 ], [ -122.668847, 45.46431 ], [ -122.667666, 45.464331 ], [ -122.666484, 45.464334 ], [ -122.665304, 45.461978 ], [ -122.664883, 45.461511 ], [ -122.660979, 45.457819 ], [ -122.659105, 45.454341 ], [ -122.658274, 45.453242 ], [ -122.652605, 45.445741 ], [ -122.651227, 45.445281 ], [ -122.647666, 45.443983 ], [ -122.64616, 45.441424 ], [ -122.646267, 45.439584 ], [ -122.651183, 45.436059 ], [ -122.648787, 45.432811 ], [ -122.648725, 45.432718 ], [ -122.654959, 45.432668 ], [ -122.660451, 45.432702 ], [ -122.666145, 45.432743 ], [ -122.666298, 45.432743 ], [ -122.672677, 45.432792 ], [ -122.673311, 45.432795 ], [ -122.673846, 45.433496 ], [ -122.675513, 45.435073 ], [ -122.67588, 45.435385 ], [ -122.677798, 45.436049 ], [ -122.678352, 45.436388 ], [ -122.680082, 45.439668 ], [ -122.680352, 45.441329 ], [ -122.682599, 45.443603 ], [ -122.687058, 45.447074 ], [ -122.688414, 45.450371 ], [ -122.691818, 45.454044 ], [ -122.695762, 45.454982 ], [ -122.696502, 45.45856 ] ] ] ] } },
{ "type": "Feature", "properties": { "GEOID": "41051006402", "average_size": 2.4838709677419355 }, "geometry": { "type": "MultiPolygon", "coordinates": [ [ [ [ -122.712852, 45.445372 ], [ -122.712809, 45.451894 ], [ -122.712781, 45.4536 ], [ -122.70999, 45.457057 ], [ -122.704611, 45.458104 ], [ -122.70238, 45.458042 ], [ -122.699023, 45.459041 ], [ -122.696502, 45.45856 ], [ -122.695762, 45.454982 ], [ -122.691818, 45.454044 ], [ -122.688414, 45.450371 ], [ -122.687058, 45.447074 ], [ -122.682599, 45.443603 ], [ -122.680352, 45.441329 ], [ -122.680082, 45.439668 ], [ -122.678352, 45.436388 ], [ -122.677798, 45.436049 ], [ -122.67588, 45.435385 ], [ -122.675513, 45.435073 ], [ -122.673846, 45.433496 ], [ -122.673311, 45.432795 ], [ -122.675572, 45.432867 ], [ -122.681893, 45.432841 ], [ -122.682505, 45.432841 ], [ -122.694678, 45.43301 ], [ -122.697382, 45.433041 ], [ -122.698697, 45.433041 ], [ -122.701808, 45.433041 ], [ -122.702001, 45.433056 ], [ -122.703304, 45.433038 ], [ -122.705021, 45.433037 ], [ -122.707893, 45.433042 ], [ -122.712169, 45.433056 ], [ -122.711202, 45.43438 ], [ -122.711106, 45.434445 ], [ -122.711216, 45.43468 ], [ -122.711322, 45.43492 ], [ -122.712324, 45.438136 ], [ -122.711547, 45.440218 ], [ -122.712821, 45.440225 ], [ -122.712803, 45.441122 ], [ -122.712854, 45.444682 ], [ -122.712852, 45.445372 ] ] ] ] } },
{ "type": "Feature", "properties": { "GEOID": "41051006403", "average_size": 2.4262926292629263 }, "geometry": { "type": "MultiPolygon", "coordinates": [ [ [ [ -122.731091, 45.447114 ], [ -122.727784, 45.451643 ], [ -122.726286, 45.452714 ], [ -122.724294, 45.453377 ], [ -122.721113, 45.453533 ], [ -122.721079, 45.453616 ], [ -122.719607, 45.453534 ], [ -122.716276, 45.454063 ], [ -122.71013, 45.457347 ], [ -122.710076, 45.457235 ], [ -122.70999, 45.457057 ], [ -122.712781, 45.4536 ], [ -122.712809, 45.451894 ], [ -122.712852, 45.445372 ], [ -122.712854, 45.444682 ], [ -122.712803, 45.441122 ], [ -122.727063, 45.441102 ], [ -122.727064, 45.441815 ], [ -122.731065, 45.441816 ], [ -122.731079, 45.445364 ], [ -122.731091, 45.447114 ] ] ] ] } },
{ "type": "Feature", "properties": { "GEOID": "41051006404", "average_size": 2.0712035286704475 }, "geometry": { "type": "MultiPolygon", "coordinates": [ [ [ [ -122.743718, 45.435079 ], [ -122.743703, 45.442944 ], [ -122.742673, 45.443111 ], [ -122.738568, 45.444798 ], [ -122.733231, 45.44602 ], [ -122.731091, 45.447114 ], [ -122.731079, 45.445364 ], [ -122.731065, 45.441816 ], [ -122.727064, 45.441815 ], [ -122.727063, 45.441102 ], [ -122.712803, 45.441122 ], [ -122.712821, 45.440225 ], [ -122.711547, 45.440218 ], [ -122.712324, 45.438136 ], [ -122.711322, 45.43492 ], [ -122.711216, 45.43468 ], [ -122.711106, 45.434445 ], [ -122.711202, 45.43438 ], [ -122.712169, 45.433056 ], [ -122.715938, 45.433079 ], [ -122.719286, 45.433113 ], [ -122.721355, 45.433135 ], [ -122.721663, 45.433137 ], [ -122.725541, 45.433167 ], [ -122.7303, 45.43324 ], [ -122.733422, 45.433199 ], [ -122.738563, 45.433238 ], [ -122.741101, 45.433268 ], [ -122.743721, 45.433294 ], [ -122.743718, 45.435079 ] ] ] ] } },
{ "type": "Feature", "properties": { "GEOID": "41051006501", "average_size": 2.4931335830212236 }, "geometry": { "type": "MultiPolygon", "coordinates": [ [ [ [ -122.743691, 45.444663 ], [ -122.743673, 45.447284 ], [ -122.743668, 45.447693 ], [ -122.743649, 45.454892 ], [ -122.743659, 45.456685 ], [ -122.743667, 45.458486 ], [ -122.743672, 45.465576 ], [ -122.743663, 45.467532 ], [ -122.732202, 45.467495 ], [ -122.723169, 45.467459 ], [ -122.723421, 45.462389 ], [ -122.725695, 45.460305 ], [ -122.723264, 45.459948 ], [ -122.723252, 45.458244 ], [ -122.721089, 45.457196 ], [ -122.721024, 45.454688 ], [ -122.72041, 45.454647 ], [ -122.721079, 45.453616 ], [ -122.721113, 45.453533 ], [ -122.724294, 45.453377 ], [ -122.726286, 45.452714 ], [ -122.727784, 45.451643 ], [ -122.731091, 45.447114 ], [ -122.733231, 45.44602 ], [ -122.738568, 45.444798 ], [ -122.742673, 45.443111 ], [ -122.743703, 45.442944 ], [ -122.743691, 45.444663 ] ] ] ] } },
{ "type": "Feature", "properties": { "GEOID": "41051006502", "average_size": 1.9925155925155926 }, "geometry": { "type": "MultiPolygon", "coordinates": [ [ [ [ -122.723421, 45.462389 ], [ -122.723169, 45.467459 ], [ -122.715351, 45.467416 ], [ -122.714696, 45.467393 ], [ -122.708954, 45.466566 ], [ -122.705939, 45.466073 ], [ -122.699018, 45.465014 ], [ -122.697338, 45.465035 ], [ -122.695731, 45.465569 ], [ -122.693258, 45.466871 ], [ -122.694318, 45.466147 ], [ -122.69735, 45.464526 ], [ -122.707725, 45.458695 ], [ -122.71013, 45.457347 ], [ -122.716276, 45.454063 ], [ -122.719607, 45.453534 ], [ -122.721079, 45.453616 ], [ -122.72041, 45.454647 ], [ -122.721024, 45.454688 ], [ -122.721089, 45.457196 ], [ -122.723252, 45.458244 ], [ -122.723264, 45.459948 ], [ -122.725695, 45.460305 ], [ -122.723421, 45.462389 ] ] ] ] } },
{ "type": "Feature", "properties": { "GEOID": "41051006601", "average_size": 2.0690457719162141 }, "geometry": { "type": "MultiPolygon", "coordinates": [ [ [ [ -122.743654, 45.469466 ], [ -122.743626, 45.476439 ], [ -122.743129, 45.476434 ], [ -122.732492, 45.476333 ], [ -122.72314, 45.476236 ], [ -122.723169, 45.467459 ], [ -122.732202, 45.467495 ], [ -122.743663, 45.467532 ], [ -122.743654, 45.469466 ] ] ] ] } },
{ "type": "Feature", "properties": { "GEOID": "41051006602", "average_size": 1.9985800496982606 }, "geometry": { "type": "MultiPolygon", "coordinates": [ [ [ [ -122.72314, 45.476236 ], [ -122.711597, 45.476139 ], [ -122.696563, 45.476046 ], [ -122.694604, 45.472503 ], [ -122.693159, 45.470861 ], [ -122.688089, 45.470265 ], [ -122.690117, 45.469594 ], [ -122.693258, 45.466871 ], [ -122.695731, 45.465569 ], [ -122.697338, 45.465035 ], [ -122.699018, 45.465014 ], [ -122.705939, 45.466073 ], [ -122.708954, 45.466566 ], [ -122.714696, 45.467393 ], [ -122.715351, 45.467416 ], [ -122.723169, 45.467459 ], [ -122.72314, 45.476236 ] ] ] ] } },
{ "type": "Feature", "properties": { "GEOID": "41051006701", "average_size": 2.4249291784702551 }, "geometry": { "type": "MultiPolygon", "coordinates": [ [ [ [ -122.743745, 45.487084 ], [ -122.731621, 45.48703 ], [ -122.727571, 45.486883 ], [ -122.723234, 45.485786 ], [ -122.723195, 45.484991 ], [ -122.727139, 45.483504 ], [ -122.723739, 45.484317 ], [ -122.723182, 45.484229 ], [ -122.72314, 45.476236 ], [ -122.732492, 45.476333 ], [ -122.743129, 45.476434 ], [ -122.743626, 45.476439 ], [ -122.743671, 45.476442 ], [ -122.743681, 45.477961 ], [ -122.743711, 45.484201 ], [ -122.743745, 45.487084 ] ] ] ] } },
{ "type": "Feature", "properties": { "GEOID": "41051006702", "average_size": 2.1839826839826841 }, "geometry": { "type": "MultiPolygon", "coordinates": [ [ [ [ -122.727139, 45.483504 ], [ -122.723195, 45.484991 ], [ -122.723234, 45.485786 ], [ -122.719911, 45.48545 ], [ -122.716472, 45.484474 ], [ -122.71018, 45.481806 ], [ -122.707745, 45.481574 ], [ -122.701381, 45.479635 ], [ -122.698275, 45.477832 ], [ -122.697774, 45.477483 ], [ -122.696563, 45.476046 ], [ -122.711597, 45.476139 ], [ -122.72314, 45.476236 ], [ -122.723182, 45.484229 ], [ -122.723739, 45.484317 ], [ -122.727139, 45.483504 ] ] ] ] } },
{ "type": "Feature", "properties": { "GEOID": "41051006801", "average_size": 2.2216844143272025 }, "geometry": { "type": "MultiPolygon", "coordinates": [ [ [ [ -122.743798, 45.494401 ], [ -122.74323, 45.494417 ], [ -122.742703, 45.495385 ], [ -122.742286, 45.495869 ], [ -122.739804, 45.497821 ], [ -122.732119, 45.497986 ], [ -122.732018, 45.497986 ], [ -122.730993, 45.497939 ], [ -122.7306, 45.497938 ], [ -122.729716, 45.498399 ], [ -122.729097, 45.497934 ], [ -122.726891, 45.498171 ], [ -122.726133, 45.497637 ], [ -122.726556, 45.494849 ], [ -122.726859, 45.49434 ], [ -122.72872, 45.491144 ], [ -122.729046, 45.490739 ], [ -122.730365, 45.488262 ], [ -122.731621, 45.48703 ], [ -122.743745, 45.487084 ], [ -122.743746, 45.48725 ], [ -122.743758, 45.488258 ], [ -122.743798, 45.494401 ] ] ] ] } },
{ "type": "Feature", "properties": { "GEOID": "41051006802", "average_size": 2.4919923126201153 }, "geometry": { "type": "MultiPolygon", "coordinates": [ [ [ [ -122.730365, 45.488262 ], [ -122.729046, 45.490739 ], [ -122.72872, 45.491144 ], [ -122.726859, 45.49434 ], [ -122.726556, 45.494849 ], [ -122.726133, 45.497637 ], [ -122.726891, 45.498171 ], [ -122.725081, 45.498238 ], [ -122.723992, 45.498525 ], [ -122.723232, 45.498836 ], [ -122.722107, 45.499157 ], [ -122.719241, 45.499235 ], [ -122.716261, 45.50022 ], [ -122.713606, 45.50187 ], [ -122.712989, 45.501614 ], [ -122.712252, 45.500346 ], [ -122.712993, 45.498206 ], [ -122.711611, 45.496211 ], [ -122.712141, 45.495013 ], [ -122.710673, 45.492949 ], [ -122.710339, 45.490586 ], [ -122.710316, 45.485182 ], [ -122.707889, 45.484793 ], [ -122.708276, 45.48382 ], [ -122.707745, 45.481574 ], [ -122.71018, 45.481806 ], [ -122.716472, 45.484474 ], [ -122.719911, 45.48545 ], [ -122.723234, 45.485786 ], [ -122.727571, 45.486883 ], [ -122.731621, 45.48703 ], [ -122.730365, 45.488262 ] ] ] ] } },
{ "type": "Feature", "properties": { "GEOID": "41051006900", "average_size": 2.5046888320545611 }, "geometry": { "type": "MultiPolygon", "coordinates": [ [ [ [ -122.743859, 45.516665 ], [ -122.741318, 45.51829 ], [ -122.73716, 45.519554 ], [ -122.731733, 45.518699 ], [ -122.726961, 45.519803 ], [ -122.722672, 45.519031 ], [ -122.720892, 45.520439 ], [ -122.720873, 45.519777 ], [ -122.719652, 45.519824 ], [ -122.719351, 45.507349 ], [ -122.719357, 45.507214 ], [ -122.719351, 45.50494 ], [ -122.712983, 45.504784 ], [ -122.713216, 45.502181 ], [ -122.713606, 45.50187 ], [ -122.716261, 45.50022 ], [ -122.719241, 45.499235 ], [ -122.722107, 45.499157 ], [ -122.723232, 45.498836 ], [ -122.723992, 45.498525 ], [ -122.725081, 45.498238 ], [ -122.726891, 45.498171 ], [ -122.729097, 45.497934 ], [ -122.729716, 45.498399 ], [ -122.7306, 45.497938 ], [ -122.730993, 45.497939 ], [ -122.732018, 45.497986 ], [ -122.732119, 45.497986 ], [ -122.739804, 45.497821 ], [ -122.742286, 45.495869 ], [ -122.742703, 45.495385 ], [ -122.74323, 45.494417 ], [ -122.743798, 45.494401 ], [ -122.743799, 45.494665 ], [ -122.743809, 45.497618 ], [ -122.743785, 45.505017 ], [ -122.743803, 45.506834 ], [ -122.743805, 45.507374 ], [ -122.743813, 45.507886 ], [ -122.743815, 45.508181 ], [ -122.743828, 45.509582 ], [ -122.743847, 45.512509 ], [ -122.743856, 45.5144 ], [ -122.743859, 45.515754 ], [ -122.743859, 45.516665 ] ] ] ] } },
{ "type": "Feature", "properties": { "GEOID": "41051007001", "average_size": 2.4147923875432524 }, "geometry": { "type": "MultiPolygon", "coordinates": [ [ [ [ -122.784768, 45.54232 ], [ -122.784769, 45.543979 ], [ -122.784091, 45.544297 ], [ -122.782727, 45.547159 ], [ -122.779899, 45.547413 ], [ -122.779539, 45.548382 ], [ -122.77939, 45.548471 ], [ -122.780512, 45.548484 ], [ -122.776298, 45.550138 ], [ -122.779371, 45.550874 ], [ -122.777379, 45.551858 ], [ -122.773054, 45.552149 ], [ -122.770636, 45.550287 ], [ -122.76975, 45.548911 ], [ -122.766645, 45.546999 ], [ -122.76225, 45.546485 ], [ -122.760699, 45.543377 ], [ -122.761126, 45.542792 ], [ -122.758757, 45.539324 ], [ -122.759388, 45.537342 ], [ -122.757509, 45.535672 ], [ -122.758115, 45.534269 ], [ -122.754788, 45.532074 ], [ -122.756687, 45.530702 ], [ -122.75771, 45.530388 ], [ -122.760096, 45.530046 ], [ -122.761262, 45.52988 ], [ -122.763494, 45.529774 ], [ -122.763603, 45.529775 ], [ -122.764458, 45.529727 ], [ -122.764439, 45.531184 ], [ -122.764436, 45.531344 ], [ -122.764412, 45.533822 ], [ -122.765076, 45.533858 ], [ -122.76609, 45.533852 ], [ -122.77215, 45.533815 ], [ -122.774659, 45.533809 ], [ -122.779838, 45.533897 ], [ -122.78234, 45.533946 ], [ -122.783624, 45.533971 ], [ -122.784232, 45.533982 ], [ -122.784864, 45.533994 ], [ -122.784768, 45.54232 ] ] ] ] } },
{ "type": "Feature", "properties": { "GEOID": "41051007002", "average_size": 2.7053824362606234 }, "geometry": { "type": "MultiPolygon", "coordinates": [ [ [ [ -122.867495, 45.606226 ], [ -122.867401, 45.606795 ], [ -122.864226, 45.608344 ], [ -122.861441, 45.60799 ], [ -122.847402, 45.604417 ], [ -122.84286, 45.605772 ], [ -122.841664, 45.606548 ], [ -122.836482, 45.606912 ], [ -122.835515, 45.607467 ], [ -122.833372, 45.605646 ], [ -122.832775, 45.603532 ], [ -122.8327, 45.600489 ], [ -122.832127, 45.599748 ], [ -122.827483, 45.599933 ], [ -122.826451, 45.599281 ], [ -122.826452, 45.597237 ], [ -122.825475, 45.596461 ], [ -122.820128, 45.595686 ], [ -122.818849, 45.594373 ], [ -122.813556, 45.592061 ], [ -122.812085, 45.589968 ], [ -122.810854, 45.58964 ], [ -122.809904, 45.589382 ], [ -122.805772, 45.588075 ], [ -122.805133, 45.586208 ], [ -122.799449, 45.582992 ], [ -122.798165, 45.580625 ], [ -122.796441, 45.579575 ], [ -122.794239, 45.576733 ], [ -122.794433, 45.573243 ], [ -122.791135, 45.572576 ], [ -122.789844, 45.570553 ], [ -122.790541, 45.567847 ], [ -122.789623, 45.565712 ], [ -122.78471, 45.565539 ], [ -122.765322, 45.561442 ], [ -122.76311, 45.561951 ], [ -122.759628, 45.561216 ], [ -122.760256, 45.560296 ], [ -122.763577, 45.558873 ], [ -122.760594, 45.558622 ], [ -122.760991, 45.557762 ], [ -122.757708, 45.558089 ], [ -122.755723, 45.557396 ], [ -122.75719, 45.554589 ], [ -122.754885, 45.556185 ], [ -122.752816, 45.556604 ], [ -122.75318, 45.553003 ], [ -122.752182, 45.553682 ], [ -122.750704, 45.556083 ], [ -122.748545, 45.557688 ], [ -122.744164, 45.557328 ], [ -122.741364, 45.555158 ], [ -122.739308, 45.554679 ], [ -122.73698, 45.551289 ], [ -122.7354, 45.549682 ], [ -122.733481, 45.549158 ], [ -122.733066, 45.548159 ], [ -122.735333, 45.547648 ], [ -122.7337, 45.54711 ], [ -122.734996, 45.544792 ], [ -122.732098, 45.546105 ], [ -122.729007, 45.546522 ], [ -122.726713, 45.543947 ], [ -122.727152, 45.542989 ], [ -122.726218, 45.540767 ], [ -122.726713, 45.538328 ], [ -122.723914, 45.539792 ], [ -122.719682, 45.537705 ], [ -122.71827, 45.533254 ], [ -122.715175, 45.533414 ], [ -122.712497, 45.535526 ], [ -122.712661, 45.533476 ], [ -122.714218, 45.532097 ], [ -122.714887, 45.531964 ], [ -122.716821, 45.530588 ], [ -122.714983, 45.530127 ], [ -122.71496, 45.52682 ], [ -122.719608, 45.526439 ], [ -122.71972, 45.522983 ], [ -122.718748, 45.521683 ], [ -122.720892, 45.520439 ], [ -122.722672, 45.519031 ], [ -122.726961, 45.519803 ], [ -122.731733, 45.518699 ], [ -122.73716, 45.519554 ], [ -122.741318, 45.51829 ], [ -122.743859, 45.516665 ], [ -122.743862, 45.519509 ], [ -122.764464, 45.519562 ], [ -122.764486, 45.526737 ], [ -122.764472, 45.528166 ], [ -122.764459, 45.529634 ], [ -122.764458, 45.529727 ], [ -122.763603, 45.529775 ], [ -122.763494, 45.529774 ], [ -122.761262, 45.52988 ], [ -122.760096, 45.530046 ], [ -122.75771, 45.530388 ], [ -122.756687, 45.530702 ], [ -122.754788, 45.532074 ], [ -122.758115, 45.534269 ], [ -122.757509, 45.535672 ], [ -122.759388, 45.537342 ], [ -122.758757, 45.539324 ], [ -122.761126, 45.542792 ], [ -122.760699, 45.543377 ], [ -122.76225, 45.546485 ], [ -122.766645, 45.546999 ], [ -122.76975, 45.548911 ], [ -122.770636, 45.550287 ], [ -122.773054, 45.552149 ], [ -122.777379, 45.551858 ], [ -122.779371, 45.550874 ], [ -122.776298, 45.550138 ], [ -122.780512, 45.548484 ], [ -122.77939, 45.548471 ], [ -122.779539, 45.548382 ], [ -122.779899, 45.547413 ], [ -122.782727, 45.547159 ], [ -122.784091, 45.544297 ], [ -122.784769, 45.543979 ], [ -122.78477, 45.545158 ], [ -122.784771, 45.5484 ], [ -122.795111, 45.548433 ], [ -122.792699, 45.54935 ], [ -122.795914, 45.552082 ], [ -122.796057, 45.555695 ], [ -122.803132, 45.555689 ], [ -122.804585, 45.556182 ], [ -122.805432, 45.555687 ], [ -122.805481, 45.562911 ], [ -122.826005, 45.563041 ], [ -122.826222, 45.568063 ], [ -122.826342, 45.577521 ], [ -122.846978, 45.577516 ], [ -122.846905, 45.581018 ], [ -122.846849, 45.591836 ], [ -122.866745, 45.591881 ], [ -122.867592, 45.591878 ], [ -122.867495, 45.606226 ] ] ] ] } },
{ "type": "Feature", "properties": { "GEOID": "41051007100", "average_size": 2.2283539486203616 }, "geometry": { "type": "MultiPolygon", "coordinates": [ [ [ [ -122.929193, 45.671015 ], [ -122.928956, 45.67835 ], [ -122.929145, 45.69381 ], [ -122.929122, 45.698697 ], [ -122.929146, 45.721482 ], [ -122.885463, 45.721378 ], [ -122.87539, 45.721418 ], [ -122.863423, 45.721416 ], [ -122.784735, 45.720946 ], [ -122.784663, 45.72865 ], [ -122.762437, 45.728665 ], [ -122.762189526428003, 45.728576737557297 ], [ -122.772511, 45.699637 ], [ -122.772681206097005, 45.698003021468402 ], [ -122.774511, 45.680437 ], [ -122.76381, 45.657138 ], [ -122.762414110308995, 45.656431935411803 ], [ -122.7644, 45.65359 ], [ -122.765077, 45.652887 ], [ -122.767767, 45.649076 ], [ -122.771321, 45.644907 ], [ -122.785651, 45.635725 ], [ -122.787721, 45.63397 ], [ -122.78871, 45.633006 ], [ -122.790042, 45.62993 ], [ -122.790567, 45.628146 ], [ -122.791065, 45.626451 ], [ -122.79101, 45.620025 ], [ -122.790845, 45.619479 ], [ -122.795101, 45.619106 ], [ -122.799334, 45.619146 ], [ -122.801729, 45.619622 ], [ -122.80475, 45.620472 ], [ -122.806818, 45.617806 ], [ -122.809754, 45.618998 ], [ -122.808994, 45.617384 ], [ -122.810732, 45.616466 ], [ -122.813443, 45.616348 ], [ -122.816085, 45.615298 ], [ -122.818086, 45.612982 ], [ -122.8177, 45.612004 ], [ -122.820541, 45.609703 ], [ -122.823484, 45.60563 ], [ -122.826265, 45.604865 ], [ -122.829972, 45.603926 ], [ -122.833372, 45.605646 ], [ -122.835515, 45.607467 ], [ -122.836482, 45.606912 ], [ -122.841664, 45.606548 ], [ -122.84286, 45.605772 ], [ -122.847402, 45.604417 ], [ -122.861441, 45.60799 ], [ -122.864226, 45.608344 ], [ -122.867401, 45.606795 ], [ -122.867495, 45.606226 ], [ -122.868303, 45.606223 ], [ -122.887963, 45.606352 ], [ -122.887837, 45.620466 ], [ -122.908992, 45.620763 ], [ -122.909078, 45.635228 ], [ -122.918725, 45.635399 ], [ -122.929128, 45.635313 ], [ -122.929193, 45.671015 ] ] ] ] } },
{ "type": "Feature", "properties": { "GEOID": "41051007201", "average_size": 1.8380228136882129 }, "geometry": { "type": "MultiPolygon", "coordinates": [ [ [ [ -122.7644, 45.65359 ], [ -122.762414110308995, 45.656431935411803 ], [ -122.743540245465994, 45.646885215713702 ], [ -122.738109, 45.644138 ], [ -122.713309, 45.637438 ], [ -122.691381583242006, 45.624951731877303 ], [ -122.691185090199994, 45.624839841596902 ], [ -122.691008, 45.624739 ], [ -122.675327484196998, 45.618172784007399 ], [ -122.675093773773, 45.618074917767501 ], [ -122.675008, 45.618039 ], [ -122.643907, 45.609739 ], [ -122.64254, 45.603162 ], [ -122.646084, 45.602617 ], [ -122.651589, 45.602511 ], [ -122.653794, 45.602517 ], [ -122.664213, 45.603483 ], [ -122.678776, 45.606958 ], [ -122.681348, 45.607855 ], [ -122.689985, 45.61077 ], [ -122.701683, 45.615248 ], [ -122.709227, 45.618103 ], [ -122.715803, 45.621083 ], [ -122.715449, 45.619748 ], [ -122.724317, 45.62392 ], [ -122.729722, 45.626948 ], [ -122.743589, 45.637068 ], [ -122.765077, 45.652887 ], [ -122.7644, 45.65359 ] ] ] ] } },
{ "type": "Feature", "properties": { "GEOID": "41051007202", "average_size": 2.4084805653710246 }, "geometry": { "type": "MultiPolygon", "coordinates": [ [ [ [ -122.791065, 45.626451 ], [ -122.790567, 45.628146 ], [ -122.790042, 45.62993 ], [ -122.78871, 45.633006 ], [ -122.787721, 45.63397 ], [ -122.785651, 45.635725 ], [ -122.771321, 45.644907 ], [ -122.767767, 45.649076 ], [ -122.765077, 45.652887 ], [ -122.743589, 45.637068 ], [ -122.729722, 45.626948 ], [ -122.724317, 45.62392 ], [ -122.715449, 45.619748 ], [ -122.715803, 45.621083 ], [ -122.709227, 45.618103 ], [ -122.701683, 45.615248 ], [ -122.689985, 45.61077 ], [ -122.681348, 45.607855 ], [ -122.678776, 45.606958 ], [ -122.664213, 45.603483 ], [ -122.653794, 45.602517 ], [ -122.651589, 45.602511 ], [ -122.646084, 45.602617 ], [ -122.64254, 45.603162 ], [ -122.642727, 45.600983 ], [ -122.640963, 45.594831 ], [ -122.640734, 45.590592 ], [ -122.643963, 45.587337 ], [ -122.647052, 45.585451 ], [ -122.647987, 45.583077 ], [ -122.64572, 45.581863 ], [ -122.638238, 45.578957 ], [ -122.6334, 45.57811 ], [ -122.633555, 45.574262 ], [ -122.638127, 45.57526 ], [ -122.65176, 45.57831 ], [ -122.661419, 45.581139 ], [ -122.66781, 45.58293 ], [ -122.670102, 45.5834 ], [ -122.674335, 45.583903 ], [ -122.680672, 45.584034 ], [ -122.686915, 45.585784 ], [ -122.692256, 45.586969 ], [ -122.697216, 45.5888 ], [ -122.702404, 45.590221 ], [ -122.716676, 45.593841 ], [ -122.718688, 45.594349 ], [ -122.724111, 45.595993 ], [ -122.719016, 45.600215 ], [ -122.721519, 45.601022 ], [ -122.725785, 45.601293 ], [ -122.730415, 45.603283 ], [ -122.736455, 45.604031 ], [ -122.740916, 45.60703 ], [ -122.746279, 45.607583 ], [ -122.749559, 45.609291 ], [ -122.752339, 45.60977 ], [ -122.756133, 45.611382 ], [ -122.758616, 45.612963 ], [ -122.763269, 45.61524 ], [ -122.766566, 45.615834 ], [ -122.779795, 45.617482 ], [ -122.780287, 45.617965 ], [ -122.782559, 45.617936 ], [ -122.788341, 45.614874 ], [ -122.789487, 45.615878 ], [ -122.790845, 45.619479 ], [ -122.79101, 45.620025 ], [ -122.791065, 45.626451 ] ] ] ] } },
{ "type": "Feature", "properties": { "GEOID": "41051007300", "average_size": 2.6724137931034484 }, "geometry": { "type": "MultiPolygon", "coordinates": [ [ [ [ -122.647052, 45.585451 ], [ -122.643963, 45.587337 ], [ -122.640734, 45.590592 ], [ -122.640963, 45.594831 ], [ -122.642727, 45.600983 ], [ -122.64254, 45.603162 ], [ -122.643907, 45.609739 ], [ -122.634962906195994, 45.609284226580698 ], [ -122.607718206328002, 45.607898936400801 ], [ -122.602606, 45.607639 ], [ -122.588917822907007, 45.605250671364701 ], [ -122.586005557514994, 45.604742536002298 ], [ -122.586726, 45.597488 ], [ -122.585069, 45.596553 ], [ -122.579482, 45.593402 ], [ -122.554315, 45.580684 ], [ -122.545473, 45.576927 ], [ -122.544886, 45.576756 ], [ -122.54417, 45.57645 ], [ -122.525896, 45.569039 ], [ -122.510003, 45.566841 ], [ -122.510079, 45.566122 ], [ -122.510307, 45.552666 ], [ -122.515838, 45.553641 ], [ -122.519189, 45.554231 ], [ -122.537752, 45.557461 ], [ -122.557856, 45.560956 ], [ -122.562492, 45.56176 ], [ -122.56792, 45.562721 ], [ -122.577705, 45.56438 ], [ -122.590647, 45.566658 ], [ -122.609251, 45.569094 ], [ -122.617306, 45.570139 ], [ -122.618684, 45.570419 ], [ -122.630645, 45.572743 ], [ -122.63065, 45.573201 ], [ -122.631241, 45.573684 ], [ -122.633555, 45.574262 ], [ -122.6334, 45.57811 ], [ -122.638238, 45.578957 ], [ -122.64572, 45.581863 ], [ -122.647987, 45.583077 ], [ -122.647052, 45.585451 ] ] ] ] } },
{ "type": "Feature", "properties": { "GEOID": "41051007400", "average_size": 2.363834422657952 }, "geometry": { "type": "MultiPolygon", "coordinates": [ [ [ [ -122.62041, 45.568588 ], [ -122.619843, 45.569699 ], [ -122.618684, 45.570419 ], [ -122.617306, 45.570139 ], [ -122.609251, 45.569094 ], [ -122.590647, 45.566658 ], [ -122.594175, 45.562709 ], [ -122.60608, 45.562749 ], [ -122.609516, 45.56275 ], [ -122.620424, 45.562803 ], [ -122.62041, 45.568588 ] ] ] ] } },
{ "type": "Feature", "properties": { "GEOID": "41051007500", "average_size": 2.1449421238047308 }, "geometry": { "type": "MultiPolygon", "coordinates": [ [ [ [ -122.620424, 45.562803 ], [ -122.609516, 45.56275 ], [ -122.60608, 45.562749 ], [ -122.594175, 45.562709 ], [ -122.600852, 45.555453 ], [ -122.60448, 45.551098 ], [ -122.604511, 45.549671 ], [ -122.604542, 45.548242 ], [ -122.610636, 45.548274 ], [ -122.615052, 45.548286 ], [ -122.614881, 45.55553 ], [ -122.620402, 45.555556 ], [ -122.620402, 45.558267 ], [ -122.620424, 45.562803 ] ] ] ] } },
{ "type": "Feature", "properties": { "GEOID": "41051007600", "average_size": 2.1327800829875518 }, "geometry": { "type": "MultiPolygon", "coordinates": [ [ [ [ -122.594175, 45.562709 ], [ -122.590647, 45.566658 ], [ -122.577705, 45.56438 ], [ -122.577645, 45.562676 ], [ -122.577869, 45.560768 ], [ -122.578514, 45.560196 ], [ -122.578616, 45.555425 ], [ -122.585705, 45.555436 ], [ -122.588993, 45.555439 ], [ -122.591191, 45.555443 ], [ -122.593221, 45.555446 ], [ -122.600852, 45.555453 ], [ -122.594175, 45.562709 ] ] ] ] } },
{ "type": "Feature", "properties": { "GEOID": "41051007700", "average_size": 2.1995490417136416 }, "geometry": { "type": "MultiPolygon", "coordinates": [ [ [ [ -122.578616, 45.555425 ], [ -122.578514, 45.560196 ], [ -122.577869, 45.560768 ], [ -122.577645, 45.562676 ], [ -122.577705, 45.56438 ], [ -122.56792, 45.562721 ], [ -122.562492, 45.56176 ], [ -122.557856, 45.560956 ], [ -122.557764, 45.559118 ], [ -122.561244, 45.559329 ], [ -122.567966, 45.55679 ], [ -122.568225, 45.555394 ], [ -122.570653, 45.555691 ], [ -122.573723, 45.554443 ], [ -122.575617, 45.553674 ], [ -122.575937, 45.553543 ], [ -122.57867, 45.552428 ], [ -122.578616, 45.555425 ] ] ] ] } },
{ "type": "Feature", "properties": { "GEOID": "41051007800", "average_size": 2.5575101488497971 }, "geometry": { "type": "MultiPolygon", "coordinates": [ [ [ [ -122.573723, 45.554443 ], [ -122.570653, 45.555691 ], [ -122.568225, 45.555394 ], [ -122.567966, 45.55679 ], [ -122.561244, 45.559329 ], [ -122.557764, 45.559118 ], [ -122.557767, 45.555389 ], [ -122.557751, 45.548106 ], [ -122.55783, 45.54614 ], [ -122.559233, 45.544661 ], [ -122.56007, 45.542241 ], [ -122.56092, 45.536609 ], [ -122.563319, 45.534 ], [ -122.564742, 45.533234 ], [ -122.56452, 45.534133 ], [ -122.563814, 45.536758 ], [ -122.56225, 45.54222 ], [ -122.56054, 45.547303 ], [ -122.561438, 45.549348 ], [ -122.565526, 45.552501 ], [ -122.565697, 45.552672 ], [ -122.566044, 45.553014 ], [ -122.566501, 45.553609 ], [ -122.567073, 45.55371 ], [ -122.567063, 45.553581 ], [ -122.567872, 45.55357 ], [ -122.56822, 45.55354 ], [ -122.575617, 45.553674 ], [ -122.573723, 45.554443 ] ] ] ] } },
{ "type": "Feature", "properties": { "GEOID": "41051007900", "average_size": 2.12993762993763 }, "geometry": { "type": "MultiPolygon", "coordinates": [ [ [ [ -122.557856, 45.560956 ], [ -122.537752, 45.557461 ], [ -122.538201, 45.557263 ], [ -122.538168, 45.555272 ], [ -122.537148, 45.553584 ], [ -122.537234, 45.55168 ], [ -122.537303, 45.549493 ], [ -122.537342, 45.548049 ], [ -122.537387, 45.546842 ], [ -122.538465, 45.547036 ], [ -122.547467, 45.547906 ], [ -122.552508, 45.548176 ], [ -122.553015, 45.54812 ], [ -122.555673, 45.547408 ], [ -122.55783, 45.54614 ], [ -122.557751, 45.548106 ], [ -122.557767, 45.555389 ], [ -122.557764, 45.559118 ], [ -122.557856, 45.560956 ] ] ] ] } },
{ "type": "Feature", "properties": { "GEOID": "41051008001", "average_size": 2.9744136460554369 }, "geometry": { "type": "MultiPolygon", "coordinates": [ [ [ [ -122.563319, 45.534 ], [ -122.56092, 45.536609 ], [ -122.56007, 45.542241 ], [ -122.559233, 45.544661 ], [ -122.55783, 45.54614 ], [ -122.555673, 45.547408 ], [ -122.553015, 45.54812 ], [ -122.552508, 45.548176 ], [ -122.547467, 45.547906 ], [ -122.547527, 45.547391 ], [ -122.547624, 45.543446 ], [ -122.548991, 45.541686 ], [ -122.549016, 45.539491 ], [ -122.549021, 45.538833 ], [ -122.549062, 45.53347 ], [ -122.55804, 45.533523 ], [ -122.560231, 45.533529 ], [ -122.560944, 45.533511 ], [ -122.562923, 45.533903 ], [ -122.563319, 45.534 ] ] ] ] } },
{ "type": "Feature", "properties": { "GEOID": "41051008002", "average_size": 2.6027027027027025 }, "geometry": { "type": "MultiPolygon", "coordinates": [ [ [ [ -122.549021, 45.538833 ], [ -122.549016, 45.539491 ], [ -122.548991, 45.541686 ], [ -122.547624, 45.543446 ], [ -122.547527, 45.547391 ], [ -122.547467, 45.547906 ], [ -122.538465, 45.547036 ], [ -122.537387, 45.546842 ], [ -122.537398, 45.546389 ], [ -122.537529, 45.541275 ], [ -122.537565, 45.539518 ], [ -122.537636, 45.533574 ], [ -122.544569, 45.533526 ], [ -122.549062, 45.53347 ], [ -122.549021, 45.538833 ] ] ] ] } },
{ "type": "Feature", "properties": { "GEOID": "41051008100", "average_size": 2.2373407890649268 }, "geometry": { "type": "MultiPolygon", "coordinates": [ [ [ [ -122.568916, 45.531978 ], [ -122.566375, 45.532208 ], [ -122.56501, 45.532003 ], [ -122.564673, 45.53191 ], [ -122.564468, 45.533318 ], [ -122.564742, 45.533234 ], [ -122.563319, 45.534 ], [ -122.562923, 45.533903 ], [ -122.560944, 45.533511 ], [ -122.560231, 45.533529 ], [ -122.55804, 45.533523 ], [ -122.549062, 45.53347 ], [ -122.544569, 45.533526 ], [ -122.537636, 45.533574 ], [ -122.537749, 45.526293 ], [ -122.537767, 45.522494 ], [ -122.546749, 45.522563 ], [ -122.553756, 45.522609 ], [ -122.55829, 45.522641 ], [ -122.563622, 45.522638 ], [ -122.565475, 45.52269 ], [ -122.566827, 45.522695 ], [ -122.566773, 45.526334 ], [ -122.56865, 45.526347 ], [ -122.568609, 45.529866 ], [ -122.566179, 45.529927 ], [ -122.568956, 45.531223 ], [ -122.568916, 45.531978 ] ] ] ] } },
{ "type": "Feature", "properties": { "GEOID": "41051008201", "average_size": 2.2348148148148148 }, "geometry": { "type": "MultiPolygon", "coordinates": [ [ [ [ -122.566827, 45.522695 ], [ -122.565475, 45.52269 ], [ -122.563622, 45.522638 ], [ -122.55829, 45.522641 ], [ -122.558445, 45.517687 ], [ -122.55754, 45.516424 ], [ -122.55432, 45.515025 ], [ -122.549182, 45.512843 ], [ -122.548086, 45.511561 ], [ -122.548009, 45.504197 ], [ -122.55281, 45.504235 ], [ -122.559563, 45.504331 ], [ -122.565088, 45.504412 ], [ -122.565462, 45.50442 ], [ -122.565501, 45.507912 ], [ -122.565683, 45.510786 ], [ -122.565586, 45.516061 ], [ -122.565513, 45.518335 ], [ -122.565516, 45.519042 ], [ -122.566863, 45.519069 ], [ -122.566827, 45.522695 ] ] ] ] } },
{ "type": "Feature", "properties": { "GEOID": "41051008203", "average_size": 2.2306695464362849 }, "geometry": { "type": "MultiPolygon", "coordinates": [ [ [ [ -122.55829, 45.522641 ], [ -122.553756, 45.522609 ], [ -122.546749, 45.522563 ], [ -122.537767, 45.522494 ], [ -122.537698, 45.514585 ], [ -122.537649, 45.51154 ], [ -122.542822, 45.511566 ], [ -122.548086, 45.511561 ], [ -122.549182, 45.512843 ], [ -122.55432, 45.515025 ], [ -122.55754, 45.516424 ], [ -122.558445, 45.517687 ], [ -122.55829, 45.522641 ] ] ] ] } },
{ "type": "Feature", "properties": { "GEOID": "41051008204", "average_size": 2.7421307506053267 }, "geometry": { "type": "MultiPolygon", "coordinates": [ [ [ [ -122.548086, 45.511561 ], [ -122.542822, 45.511566 ], [ -122.537649, 45.51154 ], [ -122.537677, 45.510025 ], [ -122.537683, 45.504093 ], [ -122.548009, 45.504197 ], [ -122.548086, 45.511561 ] ] ] ] } },
{ "type": "Feature", "properties": { "GEOID": "41051008301", "average_size": 2.3939577039274926 }, "geometry": { "type": "MultiPolygon", "coordinates": [ [ [ [ -122.578702, 45.497411 ], [ -122.578694, 45.501422 ], [ -122.578679, 45.504821 ], [ -122.576683, 45.504642 ], [ -122.573349, 45.504561 ], [ -122.568633, 45.504475 ], [ -122.565462, 45.50442 ], [ -122.565535, 45.497363 ], [ -122.565552, 45.494808 ], [ -122.565711, 45.493801 ], [ -122.565759, 45.493235 ], [ -122.566093, 45.489976 ], [ -122.568605, 45.490022 ], [ -122.573293, 45.490139 ], [ -122.574956, 45.490244 ], [ -122.578789, 45.490277 ], [ -122.578702, 45.497411 ] ] ] ] } },
{ "type": "Feature", "properties": { "GEOID": "41051008302", "average_size": 2.7912885662431943 }, "geometry": { "type": "MultiPolygon", "coordinates": [ [ [ [ -122.565759, 45.493235 ], [ -122.565711, 45.493801 ], [ -122.565552, 45.494808 ], [ -122.565535, 45.497363 ], [ -122.565462, 45.50442 ], [ -122.565088, 45.504412 ], [ -122.559563, 45.504331 ], [ -122.55281, 45.504235 ], [ -122.548009, 45.504197 ], [ -122.547976, 45.496568 ], [ -122.547968, 45.489764 ], [ -122.549052, 45.489754 ], [ -122.555762, 45.489787 ], [ -122.558347, 45.48979 ], [ -122.565712, 45.489966 ], [ -122.566093, 45.489976 ], [ -122.565759, 45.493235 ] ] ] ] } },
{ "type": "Feature", "properties": { "GEOID": "41051008400", "average_size": 2.4994337485843716 }, "geometry": { "type": "MultiPolygon", "coordinates": [ [ [ [ -122.548009, 45.504197 ], [ -122.537683, 45.504093 ], [ -122.537661, 45.497076 ], [ -122.537661, 45.494443 ], [ -122.537699, 45.489615 ], [ -122.543431, 45.489699 ], [ -122.547968, 45.489764 ], [ -122.547976, 45.496568 ], [ -122.548009, 45.504197 ] ] ] ] } },
{ "type": "Feature", "properties": { "GEOID": "41051008500", "average_size": 2.8063241106719365 }, "geometry": { "type": "MultiPolygon", "coordinates": [ [ [ [ -122.557406, 45.47834 ], [ -122.557082, 45.48258 ], [ -122.555709, 45.483842 ], [ -122.555761, 45.487127 ], [ -122.555756, 45.487983 ], [ -122.555759, 45.489597 ], [ -122.555762, 45.489787 ], [ -122.549052, 45.489754 ], [ -122.547968, 45.489764 ], [ -122.543431, 45.489699 ], [ -122.537699, 45.489615 ], [ -122.537953, 45.483227 ], [ -122.537928, 45.481996 ], [ -122.537291, 45.480453 ], [ -122.537122, 45.479537 ], [ -122.537094, 45.476536 ], [ -122.545478, 45.476422 ], [ -122.549379, 45.476045 ], [ -122.551934, 45.475845 ], [ -122.555551, 45.476444 ], [ -122.55579, 45.476489 ], [ -122.557418, 45.476795 ], [ -122.557406, 45.47834 ] ] ] ] } },
{ "type": "Feature", "properties": { "GEOID": "41051008600", "average_size": 2.4782608695652173 }, "geometry": { "type": "MultiPolygon", "coordinates": [ [ [ [ -122.58935, 45.468652 ], [ -122.58935, 45.470015 ], [ -122.589346, 45.475886 ], [ -122.579066, 45.475874 ], [ -122.579056, 45.474075 ], [ -122.579042, 45.470039 ], [ -122.579043, 45.464379 ], [ -122.57905, 45.461518 ], [ -122.583961, 45.461494 ], [ -122.5855, 45.461487 ], [ -122.58613, 45.461483 ], [ -122.586836, 45.461522 ], [ -122.58937, 45.46149 ], [ -122.58935, 45.468652 ] ] ] ] } },
{ "type": "Feature", "properties": { "GEOID": "41051008700", "average_size": 2.638857782754759 }, "geometry": { "type": "MultiPolygon", "coordinates": [ [ [ [ -122.616037, 45.474678 ], [ -122.615502, 45.474692 ], [ -122.615456, 45.476298 ], [ -122.611404, 45.476289 ], [ -122.611406, 45.475839 ], [ -122.608731, 45.47583 ], [ -122.602233, 45.475823 ], [ -122.599659, 45.475824 ], [ -122.598117, 45.475833 ], [ -122.594503, 45.475854 ], [ -122.589346, 45.475886 ], [ -122.58935, 45.470015 ], [ -122.58935, 45.468652 ], [ -122.596827, 45.468635 ], [ -122.59812, 45.468632 ], [ -122.604784, 45.468634 ], [ -122.610007, 45.468638 ], [ -122.610376, 45.467668 ], [ -122.615971, 45.469421 ], [ -122.615996, 45.471895 ], [ -122.616037, 45.474678 ] ] ] ] } },
{ "type": "Feature", "properties": { "GEOID": "41051008800", "average_size": 2.5632832080200503 }, "geometry": { "type": "MultiPolygon", "coordinates": [ [ [ [ -122.615849, 45.462552 ], [ -122.615897, 45.465014 ], [ -122.615971, 45.469421 ], [ -122.610376, 45.467668 ], [ -122.610007, 45.468638 ], [ -122.604784, 45.468634 ], [ -122.59812, 45.468632 ], [ -122.596827, 45.468635 ], [ -122.58935, 45.468652 ], [ -122.58937, 45.46149 ], [ -122.596245, 45.461458 ], [ -122.596603, 45.461458 ], [ -122.596702, 45.461458 ], [ -122.597184, 45.461457 ], [ -122.597198, 45.461457 ], [ -122.597395, 45.461457 ], [ -122.59762, 45.461453 ], [ -122.597665, 45.461453 ], [ -122.599675, 45.461454 ], [ -122.601454, 45.461464 ], [ -122.60175, 45.461486 ], [ -122.60573, 45.461488 ], [ -122.606614, 45.461493 ], [ -122.608722, 45.461505 ], [ -122.610832, 45.461501 ], [ -122.613127, 45.461493 ], [ -122.615374, 45.461481 ], [ -122.616564, 45.462047 ], [ -122.615849, 45.462552 ] ] ] ] } },
{ "type": "Feature", "properties": { "GEOID": "41051008902", "average_size": 2.4973005398920214 }, "geometry": { "type": "MultiPolygon", "coordinates": [ [ [ [ -122.579043, 45.464379 ], [ -122.568632, 45.470828 ], [ -122.565678, 45.472568 ], [ -122.563555, 45.473878 ], [ -122.559639, 45.475626 ], [ -122.55579, 45.476489 ], [ -122.555551, 45.476444 ], [ -122.551934, 45.475845 ], [ -122.549379, 45.476045 ], [ -122.548057, 45.473836 ], [ -122.548039, 45.464702 ], [ -122.548002, 45.461045 ], [ -122.55301, 45.461053 ], [ -122.558255, 45.461062 ], [ -122.565483, 45.461307 ], [ -122.568617, 45.461365 ], [ -122.570126, 45.46138 ], [ -122.571309, 45.461392 ], [ -122.57905, 45.461518 ], [ -122.579043, 45.464379 ] ] ] ] } },
{ "type": "Feature", "properties": { "GEOID": "41051008903", "average_size": 3.1079723791588196 }, "geometry": { "type": "MultiPolygon", "coordinates": [ [ [ [ -122.528227, 45.463575 ], [ -122.527007, 45.465188 ], [ -122.524296, 45.466718 ], [ -122.524205, 45.46905 ], [ -122.523329, 45.469766 ], [ -122.523837, 45.47202 ], [ -122.525977, 45.472738 ], [ -122.526117, 45.476843 ], [ -122.523565, 45.476919 ], [ -122.523578, 45.48117 ], [ -122.514661, 45.480038 ], [ -122.506628, 45.47902 ], [ -122.505671, 45.478896 ], [ -122.501165, 45.478452 ], [ -122.496864, 45.47948 ], [ -122.493791, 45.481378 ], [ -122.491756, 45.482631 ], [ -122.487843, 45.484815 ], [ -122.48516, 45.485466 ], [ -122.48517, 45.484656 ], [ -122.485221, 45.484231 ], [ -122.487802, 45.482117 ], [ -122.488065, 45.481525 ], [ -122.489218, 45.479331 ], [ -122.49323, 45.475626 ], [ -122.494366, 45.47402 ], [ -122.493501, 45.473377 ], [ -122.493406, 45.473133 ], [ -122.492423, 45.47115 ], [ -122.485796, 45.466779 ], [ -122.481779, 45.465104 ], [ -122.479942, 45.461176 ], [ -122.485866, 45.461138 ], [ -122.486584, 45.461132 ], [ -122.496748, 45.460982 ], [ -122.499336, 45.461028 ], [ -122.501043, 45.46107 ], [ -122.501787, 45.461107 ], [ -122.504364, 45.461187 ], [ -122.507261, 45.461252 ], [ -122.510439, 45.461256 ], [ -122.514243, 45.46126 ], [ -122.517067, 45.461262 ], [ -122.527468, 45.461273 ], [ -122.528227, 45.463575 ] ] ] ] } },
{ "type": "Feature", "properties": { "GEOID": "41051008904", "average_size": 2.8202985074626867 }, "geometry": { "type": "MultiPolygon", "coordinates": [ [ [ [ -122.549379, 45.476045 ], [ -122.545478, 45.476422 ], [ -122.537094, 45.476536 ], [ -122.537122, 45.479537 ], [ -122.537291, 45.480453 ], [ -122.532167, 45.481507 ], [ -122.528979, 45.481766 ], [ -122.523578, 45.48117 ], [ -122.523565, 45.476919 ], [ -122.526117, 45.476843 ], [ -122.525977, 45.472738 ], [ -122.523837, 45.47202 ], [ -122.523329, 45.469766 ], [ -122.524205, 45.46905 ], [ -122.524296, 45.466718 ], [ -122.527007, 45.465188 ], [ -122.528227, 45.463575 ], [ -122.527468, 45.461273 ], [ -122.530085, 45.461296 ], [ -122.532488, 45.461318 ], [ -122.537618, 45.461353 ], [ -122.547638, 45.461058 ], [ -122.548002, 45.461045 ], [ -122.548039, 45.464702 ], [ -122.548057, 45.473836 ], [ -122.549379, 45.476045 ] ] ] ] } },
{ "type": "Feature", "properties": { "GEOID": "41051009001", "average_size": 2.9542272482498655 }, "geometry": { "type": "MultiPolygon", "coordinates": [ [ [ [ -122.537953, 45.483227 ], [ -122.537699, 45.489615 ], [ -122.537661, 45.494443 ], [ -122.529995, 45.49448 ], [ -122.528737, 45.493863 ], [ -122.527462, 45.495398 ], [ -122.52355, 45.495414 ], [ -122.523551, 45.495113 ], [ -122.523564, 45.490551 ], [ -122.52357, 45.488711 ], [ -122.523578, 45.48117 ], [ -122.528979, 45.481766 ], [ -122.532167, 45.481507 ], [ -122.537291, 45.480453 ], [ -122.537928, 45.481996 ], [ -122.537953, 45.483227 ] ] ] ] } },
{ "type": "Feature", "properties": { "GEOID": "41051009002", "average_size": 2.7242562929061784 }, "geometry": { "type": "MultiPolygon", "coordinates": [ [ [ [ -122.537683, 45.504093 ], [ -122.53123, 45.504067 ], [ -122.529946, 45.504058 ], [ -122.524742, 45.504064 ], [ -122.523727, 45.504071 ], [ -122.523549, 45.497856 ], [ -122.52355, 45.495414 ], [ -122.527462, 45.495398 ], [ -122.528737, 45.493863 ], [ -122.529995, 45.49448 ], [ -122.537661, 45.494443 ], [ -122.537661, 45.497076 ], [ -122.537683, 45.504093 ] ] ] ] } },
{ "type": "Feature", "properties": { "GEOID": "41051009101", "average_size": 2.8462264150943395 }, "geometry": { "type": "MultiPolygon", "coordinates": [ [ [ [ -122.523727, 45.504071 ], [ -122.520957, 45.504091 ], [ -122.517268, 45.504129 ], [ -122.515612, 45.504166 ], [ -122.510597, 45.504222 ], [ -122.50172, 45.504438 ], [ -122.496624, 45.504572 ], [ -122.496866, 45.49809 ], [ -122.496653, 45.494776 ], [ -122.50233, 45.495931 ], [ -122.50475, 45.496522 ], [ -122.510622, 45.498054 ], [ -122.515612, 45.499218 ], [ -122.51708, 45.498982 ], [ -122.523549, 45.497856 ], [ -122.523727, 45.504071 ] ] ] ] } },
{ "type": "Feature", "properties": { "GEOID": "41051009102", "average_size": 2.7519446845289544 }, "geometry": { "type": "MultiPolygon", "coordinates": [ [ [ [ -122.52357, 45.488711 ], [ -122.523564, 45.490551 ], [ -122.523551, 45.495113 ], [ -122.52355, 45.495414 ], [ -122.523549, 45.497856 ], [ -122.51708, 45.498982 ], [ -122.515612, 45.499218 ], [ -122.510622, 45.498054 ], [ -122.50475, 45.496522 ], [ -122.50233, 45.495931 ], [ -122.496653, 45.494776 ], [ -122.492299, 45.493888 ], [ -122.484673, 45.492309 ], [ -122.484722, 45.489987 ], [ -122.484692, 45.48918 ], [ -122.484694, 45.489045 ], [ -122.484725, 45.487197 ], [ -122.48516, 45.485466 ], [ -122.487843, 45.484815 ], [ -122.491756, 45.482631 ], [ -122.493791, 45.481378 ], [ -122.496864, 45.47948 ], [ -122.501165, 45.478452 ], [ -122.505671, 45.478896 ], [ -122.506628, 45.47902 ], [ -122.514661, 45.480038 ], [ -122.523578, 45.48117 ], [ -122.52357, 45.488711 ] ] ] ] } },
{ "type": "Feature", "properties": { "GEOID": "41051009202", "average_size": 2.4780339277946934 }, "geometry": { "type": "MultiPolygon", "coordinates": [ [ [ [ -122.521021, 45.519103 ], [ -122.52095, 45.522458 ], [ -122.516909, 45.522424 ], [ -122.510653, 45.522303 ], [ -122.510693, 45.519156 ], [ -122.510715, 45.513831 ], [ -122.510729, 45.510216 ], [ -122.510782, 45.504784 ], [ -122.510597, 45.504222 ], [ -122.515612, 45.504166 ], [ -122.517268, 45.504129 ], [ -122.520957, 45.504091 ], [ -122.521014, 45.513863 ], [ -122.521021, 45.519103 ] ] ] ] } },
{ "type": "Feature", "properties": { "GEOID": "41051009203", "average_size": 2.4239669421487604 }, "geometry": { "type": "MultiPolygon", "coordinates": [ [ [ [ -122.530849, 45.522505 ], [ -122.527511, 45.52249 ], [ -122.526101, 45.522488 ], [ -122.52095, 45.522458 ], [ -122.521021, 45.519103 ], [ -122.521014, 45.513863 ], [ -122.520957, 45.504091 ], [ -122.523727, 45.504071 ], [ -122.524742, 45.504064 ], [ -122.529946, 45.504058 ], [ -122.529972, 45.510224 ], [ -122.529996, 45.514814 ], [ -122.52996, 45.519069 ], [ -122.530891, 45.519063 ], [ -122.530849, 45.522505 ] ] ] ] } },
{ "type": "Feature", "properties": { "GEOID": "41051009204", "average_size": 2.4418893722809196 }, "geometry": { "type": "MultiPolygon", "coordinates": [ [ [ [ -122.537767, 45.522494 ], [ -122.530849, 45.522505 ], [ -122.530891, 45.519063 ], [ -122.52996, 45.519069 ], [ -122.529996, 45.514814 ], [ -122.529972, 45.510224 ], [ -122.529946, 45.504058 ], [ -122.53123, 45.504067 ], [ -122.537683, 45.504093 ], [ -122.537677, 45.510025 ], [ -122.537649, 45.51154 ], [ -122.537698, 45.514585 ], [ -122.537767, 45.522494 ] ] ] ] } },
{ "type": "Feature", "properties": { "GEOID": "41051009301", "average_size": 2.3494404883011191 }, "geometry": { "type": "MultiPolygon", "coordinates": [ [ [ [ -122.510653, 45.522303 ], [ -122.510587, 45.526463 ], [ -122.508321, 45.529964 ], [ -122.509009, 45.533683 ], [ -122.498371, 45.533664 ], [ -122.497618, 45.533775 ], [ -122.495838, 45.533673 ], [ -122.49586, 45.533315 ], [ -122.496307, 45.527358 ], [ -122.496377, 45.526424 ], [ -122.496456, 45.522201 ], [ -122.496447, 45.519156 ], [ -122.497188, 45.519158 ], [ -122.499058, 45.519152 ], [ -122.508127, 45.519154 ], [ -122.510693, 45.519156 ], [ -122.510653, 45.522303 ] ] ] ] } },
{ "type": "Feature", "properties": { "GEOID": "41051009302", "average_size": 2.2110625909752546 }, "geometry": { "type": "MultiPolygon", "coordinates": [ [ [ [ -122.537749, 45.526293 ], [ -122.537636, 45.533574 ], [ -122.527545, 45.533522 ], [ -122.527214, 45.533522 ], [ -122.524494, 45.533565 ], [ -122.516901, 45.533691 ], [ -122.51049, 45.533659 ], [ -122.509009, 45.533683 ], [ -122.508321, 45.529964 ], [ -122.510587, 45.526463 ], [ -122.510653, 45.522303 ], [ -122.516909, 45.522424 ], [ -122.52095, 45.522458 ], [ -122.526101, 45.522488 ], [ -122.527511, 45.52249 ], [ -122.530849, 45.522505 ], [ -122.537767, 45.522494 ], [ -122.537749, 45.526293 ] ] ] ] } },
{ "type": "Feature", "properties": { "GEOID": "41051009400", "average_size": 2.091096596768649 }, "geometry": { "type": "MultiPolygon", "coordinates": [ [ [ [ -122.537565, 45.539518 ], [ -122.537529, 45.541275 ], [ -122.537398, 45.546389 ], [ -122.537387, 45.546842 ], [ -122.528319, 45.545129 ], [ -122.516273, 45.543789 ], [ -122.515824, 45.543737 ], [ -122.510242, 45.543092 ], [ -122.504443, 45.542581 ], [ -122.495732, 45.542725 ], [ -122.495706, 45.542423 ], [ -122.49576, 45.537102 ], [ -122.495784, 45.534262 ], [ -122.495838, 45.533673 ], [ -122.497618, 45.533775 ], [ -122.498371, 45.533664 ], [ -122.509009, 45.533683 ], [ -122.51049, 45.533659 ], [ -122.516901, 45.533691 ], [ -122.524494, 45.533565 ], [ -122.527214, 45.533522 ], [ -122.527545, 45.533522 ], [ -122.537636, 45.533574 ], [ -122.537565, 45.539518 ] ] ] ] } },
{ "type": "Feature", "properties": { "GEOID": "41051009501", "average_size": 2.4144188327611573 }, "geometry": { "type": "MultiPolygon", "coordinates": [ [ [ [ -122.537342, 45.548049 ], [ -122.536463, 45.547311 ], [ -122.528427, 45.545777 ], [ -122.518136, 45.54455 ], [ -122.51777, 45.54785 ], [ -122.517765, 45.549776 ], [ -122.519877, 45.552421 ], [ -122.519189, 45.554231 ], [ -122.515838, 45.553641 ], [ -122.510307, 45.552666 ], [ -122.510305, 45.552411 ], [ -122.503616, 45.551168 ], [ -122.500219, 45.550499 ], [ -122.498575, 45.550025 ], [ -122.495972, 45.549517 ], [ -122.495732, 45.542725 ], [ -122.504443, 45.542581 ], [ -122.510242, 45.543092 ], [ -122.515824, 45.543737 ], [ -122.516273, 45.543789 ], [ -122.528319, 45.545129 ], [ -122.537387, 45.546842 ], [ -122.537342, 45.548049 ] ] ] ] } },
{ "type": "Feature", "properties": { "GEOID": "41051009502", "average_size": 2.1313531353135313 }, "geometry": { "type": "MultiPolygon", "coordinates": [ [ [ [ -122.538201, 45.557263 ], [ -122.537752, 45.557461 ], [ -122.519189, 45.554231 ], [ -122.519877, 45.552421 ], [ -122.517765, 45.549776 ], [ -122.51777, 45.54785 ], [ -122.518136, 45.54455 ], [ -122.528427, 45.545777 ], [ -122.536463, 45.547311 ], [ -122.537342, 45.548049 ], [ -122.537303, 45.549493 ], [ -122.537234, 45.55168 ], [ -122.537148, 45.553584 ], [ -122.538168, 45.555272 ], [ -122.538201, 45.557263 ] ] ] ] } },
{ "type": "Feature", "properties": { "GEOID": "41051009603", "average_size": 2.6588151320485367 }, "geometry": { "type": "MultiPolygon", "coordinates": [ [ [ [ -122.466142, 45.540243 ], [ -122.466139, 45.540952 ], [ -122.456651, 45.539865 ], [ -122.456649, 45.53942 ], [ -122.456486, 45.533522 ], [ -122.456447, 45.528758 ], [ -122.456096, 45.528331 ], [ -122.455163, 45.527418 ], [ -122.45513, 45.526671 ], [ -122.455189, 45.519147 ], [ -122.465396, 45.519147 ], [ -122.465432, 45.526386 ], [ -122.465285, 45.532222 ], [ -122.46616, 45.533668 ], [ -122.466142, 45.540243 ] ] ] ] } },
{ "type": "Feature", "properties": { "GEOID": "41051009604", "average_size": 2.5235681702990371 }, "geometry": { "type": "MultiPolygon", "coordinates": [ [ [ [ -122.477312, 45.542854 ], [ -122.475574, 45.542789 ], [ -122.468784, 45.540625 ], [ -122.466142, 45.540243 ], [ -122.46616, 45.533668 ], [ -122.465285, 45.532222 ], [ -122.465432, 45.526386 ], [ -122.465396, 45.519147 ], [ -122.468083, 45.519143 ], [ -122.47066, 45.519135 ], [ -122.475776, 45.519152 ], [ -122.477132, 45.519158 ], [ -122.477062, 45.526419 ], [ -122.477217, 45.534696 ], [ -122.477312, 45.542854 ] ] ] ] } },
{ "type": "Feature", "properties": { "GEOID": "41051009605", "average_size": 2.4284532671629444 }, "geometry": { "type": "MultiPolygon", "coordinates": [ [ [ [ -122.496307, 45.527358 ], [ -122.49586, 45.533315 ], [ -122.495838, 45.533673 ], [ -122.495784, 45.534262 ], [ -122.49576, 45.537102 ], [ -122.495706, 45.542423 ], [ -122.495732, 45.542725 ], [ -122.491921, 45.542725 ], [ -122.477312, 45.542854 ], [ -122.477217, 45.534696 ], [ -122.477062, 45.526419 ], [ -122.482386, 45.526411 ], [ -122.486117, 45.526415 ], [ -122.493285, 45.526417 ], [ -122.496377, 45.526424 ], [ -122.496307, 45.527358 ] ] ] ] } },
{ "type": "Feature", "properties": { "GEOID": "41051009606", "average_size": 2.5531464833421471 }, "geometry": { "type": "MultiPolygon", "coordinates": [ [ [ [ -122.496456, 45.522201 ], [ -122.496377, 45.526424 ], [ -122.493285, 45.526417 ], [ -122.486117, 45.526415 ], [ -122.482386, 45.526411 ], [ -122.477062, 45.526419 ], [ -122.477132, 45.519158 ], [ -122.483515, 45.519162 ], [ -122.484574, 45.519146 ], [ -122.490148, 45.519141 ], [ -122.493259, 45.519144 ], [ -122.496447, 45.519156 ], [ -122.496456, 45.522201 ] ] ] ] } },
{ "type": "Feature", "properties": { "GEOID": "41051009701", "average_size": 2.702894270525694 }, "geometry": { "type": "MultiPolygon", "coordinates": [ [ [ [ -122.510729, 45.510216 ], [ -122.510715, 45.513831 ], [ -122.510693, 45.519156 ], [ -122.508127, 45.519154 ], [ -122.499058, 45.519152 ], [ -122.497188, 45.519158 ], [ -122.496447, 45.519156 ], [ -122.496465, 45.518518 ], [ -122.496532, 45.513662 ], [ -122.496556, 45.512297 ], [ -122.496601, 45.507002 ], [ -122.496624, 45.504572 ], [ -122.50172, 45.504438 ], [ -122.510597, 45.504222 ], [ -122.510782, 45.504784 ], [ -122.510729, 45.510216 ] ] ] ] } },
{ "type": "Feature", "properties": { "GEOID": "41051009703", "average_size": 2.6166097838452789 }, "geometry": { "type": "MultiPolygon", "coordinates": [ [ [ [ -122.496601, 45.507002 ], [ -122.496556, 45.512297 ], [ -122.496532, 45.513662 ], [ -122.496465, 45.518518 ], [ -122.496447, 45.519156 ], [ -122.493259, 45.519144 ], [ -122.490148, 45.519141 ], [ -122.484574, 45.519146 ], [ -122.484573, 45.518694 ], [ -122.484579, 45.518115 ], [ -122.484537, 45.515915 ], [ -122.484722, 45.513659 ], [ -122.484663, 45.504581 ], [ -122.496624, 45.504572 ], [ -122.496601, 45.507002 ] ] ] ] } },
{ "type": "Feature", "properties": { "GEOID": "41051009704", "average_size": 3.4141193595342068 }, "geometry": { "type": "MultiPolygon", "coordinates": [ [ [ [ -122.484722, 45.513659 ], [ -122.484537, 45.515915 ], [ -122.484579, 45.518115 ], [ -122.484573, 45.518694 ], [ -122.484574, 45.519146 ], [ -122.483515, 45.519162 ], [ -122.477132, 45.519158 ], [ -122.475776, 45.519152 ], [ -122.475723, 45.513647 ], [ -122.475702, 45.511701 ], [ -122.475593, 45.504564 ], [ -122.482954, 45.504585 ], [ -122.483383, 45.504584 ], [ -122.484663, 45.504581 ], [ -122.484722, 45.513659 ] ] ] ] } },
{ "type": "Feature", "properties": { "GEOID": "41051009801", "average_size": 2.4611223799864774 }, "geometry": { "type": "MultiPolygon", "coordinates": [ [ [ [ -122.475776, 45.519152 ], [ -122.47066, 45.519135 ], [ -122.468083, 45.519143 ], [ -122.465396, 45.519147 ], [ -122.455189, 45.519147 ], [ -122.455131, 45.514988 ], [ -122.455052, 45.511924 ], [ -122.455026, 45.504446 ], [ -122.458407, 45.504446 ], [ -122.467883, 45.504509 ], [ -122.475593, 45.504564 ], [ -122.475702, 45.511701 ], [ -122.475723, 45.513647 ], [ -122.475776, 45.519152 ] ] ] ] } },
{ "type": "Feature", "properties": { "GEOID": "41051009803", "average_size": 2.3513513513513513 }, "geometry": { "type": "MultiPolygon", "coordinates": [ [ [ [ -122.484725, 45.487197 ], [ -122.484694, 45.489045 ], [ -122.484692, 45.48918 ], [ -122.484722, 45.489987 ], [ -122.484673, 45.492309 ], [ -122.484669, 45.494482 ], [ -122.484667, 45.495391 ], [ -122.484664, 45.497196 ], [ -122.484681, 45.499508 ], [ -122.484663, 45.504581 ], [ -122.483383, 45.504584 ], [ -122.482954, 45.504585 ], [ -122.475593, 45.504564 ], [ -122.467883, 45.504509 ], [ -122.458407, 45.504446 ], [ -122.461241, 45.497785 ], [ -122.461523, 45.496262 ], [ -122.464474, 45.492865 ], [ -122.464516, 45.492653 ], [ -122.467608, 45.488705 ], [ -122.467605, 45.488597 ], [ -122.475473, 45.487269 ], [ -122.480748, 45.486251 ], [ -122.48516, 45.485466 ], [ -122.484725, 45.487197 ] ] ] ] } },
{ "type": "Feature", "properties": { "GEOID": "41051009804", "average_size": 2.6526684164479439 }, "geometry": { "type": "MultiPolygon", "coordinates": [ [ [ [ -122.496866, 45.49809 ], [ -122.496624, 45.504572 ], [ -122.484663, 45.504581 ], [ -122.484681, 45.499508 ], [ -122.484664, 45.497196 ], [ -122.484667, 45.495391 ], [ -122.484669, 45.494482 ], [ -122.484673, 45.492309 ], [ -122.492299, 45.493888 ], [ -122.496653, 45.494776 ], [ -122.496866, 45.49809 ] ] ] ] } },
{ "type": "Feature", "properties": { "GEOID": "41051009903", "average_size": 2.8687064291247095 }, "geometry": { "type": "MultiPolygon", "coordinates": [ [ [ [ -122.494366, 45.47402 ], [ -122.49323, 45.475626 ], [ -122.489218, 45.479331 ], [ -122.488065, 45.481525 ], [ -122.487802, 45.482117 ], [ -122.485221, 45.484231 ], [ -122.48517, 45.484656 ], [ -122.48516, 45.485466 ], [ -122.480748, 45.486251 ], [ -122.475473, 45.487269 ], [ -122.475246, 45.48678 ], [ -122.469335, 45.484136 ], [ -122.469732, 45.483477 ], [ -122.469678, 45.480788 ], [ -122.469521, 45.480463 ], [ -122.468929, 45.480064 ], [ -122.467518, 45.479938 ], [ -122.461817, 45.479938 ], [ -122.461995, 45.480677 ], [ -122.462843, 45.483605 ], [ -122.461304, 45.483634 ], [ -122.460639, 45.483717 ], [ -122.45926, 45.483627 ], [ -122.457987, 45.482641 ], [ -122.45741, 45.481742 ], [ -122.452838, 45.480964 ], [ -122.448347, 45.480962 ], [ -122.448284, 45.47499 ], [ -122.448278, 45.473405 ], [ -122.448234, 45.470126 ], [ -122.450446, 45.470518 ], [ -122.454694, 45.470106 ], [ -122.454627, 45.467031 ], [ -122.45463, 45.466863 ], [ -122.451608, 45.463403 ], [ -122.447789, 45.460974 ], [ -122.45466, 45.460941 ], [ -122.466639, 45.461127 ], [ -122.468001, 45.461135 ], [ -122.47253, 45.461173 ], [ -122.474558, 45.461184 ], [ -122.47555, 45.461183 ], [ -122.479942, 45.461176 ], [ -122.481779, 45.465104 ], [ -122.485796, 45.466779 ], [ -122.492423, 45.47115 ], [ -122.493406, 45.473133 ], [ -122.493501, 45.473377 ], [ -122.494366, 45.47402 ] ] ] ] } },
{ "type": "Feature", "properties": { "GEOID": "41051009904", "average_size": 2.2661396574440054 }, "geometry": { "type": "MultiPolygon", "coordinates": [ [ [ [ -122.467608, 45.488705 ], [ -122.464516, 45.492653 ], [ -122.457564, 45.496808 ], [ -122.456836, 45.496985 ], [ -122.444773, 45.497117 ], [ -122.438218, 45.497126 ], [ -122.438546, 45.496161 ], [ -122.444559, 45.493608 ], [ -122.446372, 45.492399 ], [ -122.447493, 45.491558 ], [ -122.447906, 45.490295 ], [ -122.450971, 45.48948 ], [ -122.467605, 45.488597 ], [ -122.467608, 45.488705 ] ] ] ] } },
{ "type": "Feature", "properties": { "GEOID": "41051009905", "average_size": 2.5452282157676347 }, "geometry": { "type": "MultiPolygon", "coordinates": [ [ [ [ -122.475473, 45.487269 ], [ -122.467605, 45.488597 ], [ -122.450971, 45.48948 ], [ -122.447906, 45.490295 ], [ -122.447902, 45.482209 ], [ -122.448347, 45.480962 ], [ -122.452838, 45.480964 ], [ -122.45741, 45.481742 ], [ -122.457987, 45.482641 ], [ -122.45926, 45.483627 ], [ -122.460639, 45.483717 ], [ -122.461304, 45.483634 ], [ -122.462843, 45.483605 ], [ -122.461995, 45.480677 ], [ -122.461817, 45.479938 ], [ -122.467518, 45.479938 ], [ -122.468929, 45.480064 ], [ -122.469521, 45.480463 ], [ -122.469678, 45.480788 ], [ -122.469732, 45.483477 ], [ -122.469335, 45.484136 ], [ -122.475246, 45.48678 ], [ -122.475473, 45.487269 ] ] ] ] } },
{ "type": "Feature", "properties": { "GEOID": "41051009906", "average_size": 2.6093237032173344 }, "geometry": { "type": "MultiPolygon", "coordinates": [ [ [ [ -122.448347, 45.480962 ], [ -122.447902, 45.482209 ], [ -122.447906, 45.490295 ], [ -122.447493, 45.491558 ], [ -122.446372, 45.492399 ], [ -122.444559, 45.493608 ], [ -122.438546, 45.496161 ], [ -122.438218, 45.497126 ], [ -122.434611, 45.497174 ], [ -122.432514, 45.497596 ], [ -122.430939, 45.497936 ], [ -122.429149, 45.497954 ], [ -122.425523, 45.492164 ], [ -122.424515, 45.490934 ], [ -122.423766, 45.490345 ], [ -122.421832, 45.488146 ], [ -122.423026, 45.484695 ], [ -122.423051, 45.482382 ], [ -122.428707, 45.47892 ], [ -122.430204, 45.473644 ], [ -122.431296, 45.47305 ], [ -122.431936, 45.471213 ], [ -122.434077, 45.469814 ], [ -122.440569, 45.471324 ], [ -122.446331, 45.470011 ], [ -122.448234, 45.470126 ], [ -122.448278, 45.473405 ], [ -122.448284, 45.47499 ], [ -122.448347, 45.480962 ] ] ] ] } },
{ "type": "Feature", "properties": { "GEOID": "41051009907", "average_size": 2.5271028037383179 }, "geometry": { "type": "MultiPolygon", "coordinates": [ [ [ [ -122.454694, 45.470106 ], [ -122.450446, 45.470518 ], [ -122.448234, 45.470126 ], [ -122.446331, 45.470011 ], [ -122.440569, 45.471324 ], [ -122.434077, 45.469814 ], [ -122.431936, 45.471213 ], [ -122.431296, 45.47305 ], [ -122.430204, 45.473644 ], [ -122.428707, 45.47892 ], [ -122.423051, 45.482382 ], [ -122.423026, 45.484695 ], [ -122.421832, 45.488146 ], [ -122.423766, 45.490345 ], [ -122.424515, 45.490934 ], [ -122.425523, 45.492164 ], [ -122.429149, 45.497954 ], [ -122.425808, 45.498035 ], [ -122.421058, 45.498014 ], [ -122.414496, 45.497934 ], [ -122.413903, 45.497856 ], [ -122.413864, 45.490441 ], [ -122.41384, 45.48682 ], [ -122.413897, 45.481659 ], [ -122.414119, 45.48121 ], [ -122.413795, 45.480832 ], [ -122.408966, 45.4773 ], [ -122.405867, 45.475872 ], [ -122.404613, 45.475221 ], [ -122.403545, 45.474467 ], [ -122.396421, 45.467196 ], [ -122.389346, 45.4613 ], [ -122.403758, 45.461421 ], [ -122.41397, 45.461581 ], [ -122.414457, 45.461579 ], [ -122.439145, 45.461134 ], [ -122.443966, 45.461001 ], [ -122.447789, 45.460974 ], [ -122.451608, 45.463403 ], [ -122.45463, 45.466863 ], [ -122.454627, 45.467031 ], [ -122.454694, 45.470106 ] ] ] ] } },
{ "type": "Feature", "properties": { "GEOID": "41051010001", "average_size": 2.1053030303030305 }, "geometry": { "type": "MultiPolygon", "coordinates": [ [ [ [ -122.444892, 45.509632 ], [ -122.444843, 45.512678 ], [ -122.4311, 45.508832 ], [ -122.421068, 45.50661 ], [ -122.418309, 45.505479 ], [ -122.41732, 45.504822 ], [ -122.413898, 45.501696 ], [ -122.413903, 45.497856 ], [ -122.414496, 45.497934 ], [ -122.421058, 45.498014 ], [ -122.425808, 45.498035 ], [ -122.429149, 45.497954 ], [ -122.430939, 45.497936 ], [ -122.432514, 45.497596 ], [ -122.434611, 45.497174 ], [ -122.438218, 45.497126 ], [ -122.444773, 45.497117 ], [ -122.444984, 45.504536 ], [ -122.444892, 45.509632 ] ] ] ] } },
{ "type": "Feature", "properties": { "GEOID": "41051010002", "average_size": 2.5146036161335186 }, "geometry": { "type": "MultiPolygon", "coordinates": [ [ [ [ -122.464474, 45.492865 ], [ -122.461523, 45.496262 ], [ -122.461241, 45.497785 ], [ -122.458407, 45.504446 ], [ -122.455026, 45.504446 ], [ -122.455052, 45.511924 ], [ -122.455131, 45.514988 ], [ -122.453738, 45.514682 ], [ -122.444843, 45.512678 ], [ -122.444892, 45.509632 ], [ -122.444984, 45.504536 ], [ -122.444773, 45.497117 ], [ -122.456836, 45.496985 ], [ -122.457564, 45.496808 ], [ -122.464516, 45.492653 ], [ -122.464474, 45.492865 ] ] ] ] } },
{ "type": "Feature", "properties": { "GEOID": "41051010101", "average_size": 2.6030075187969923 }, "geometry": { "type": "MultiPolygon", "coordinates": [ [ [ [ -122.455189, 45.519147 ], [ -122.45513, 45.526671 ], [ -122.454274, 45.526885 ], [ -122.453913, 45.526979 ], [ -122.453713, 45.526999 ], [ -122.450709, 45.527789 ], [ -122.433621, 45.527827 ], [ -122.433785, 45.519088 ], [ -122.433819, 45.51367 ], [ -122.433849, 45.513055 ], [ -122.433914, 45.511043 ], [ -122.433186, 45.510531 ], [ -122.4311, 45.508832 ], [ -122.444843, 45.512678 ], [ -122.453738, 45.514682 ], [ -122.455131, 45.514988 ], [ -122.455189, 45.519147 ] ] ] ] } },
{ "type": "Feature", "properties": { "GEOID": "41051010102", "average_size": 2.3989898989898988 }, "geometry": { "type": "MultiPolygon", "coordinates": [ [ [ [ -122.456651, 45.539865 ], [ -122.453372, 45.539512 ], [ -122.451689, 45.539444 ], [ -122.449132, 45.53946 ], [ -122.444279, 45.539728 ], [ -122.433417, 45.54201 ], [ -122.433646, 45.535072 ], [ -122.43365, 45.534273 ], [ -122.433654, 45.533297 ], [ -122.433621, 45.527827 ], [ -122.450709, 45.527789 ], [ -122.453713, 45.526999 ], [ -122.453913, 45.526979 ], [ -122.454274, 45.526885 ], [ -122.45513, 45.526671 ], [ -122.455163, 45.527418 ], [ -122.456096, 45.528331 ], [ -122.456447, 45.528758 ], [ -122.456486, 45.533522 ], [ -122.456649, 45.53942 ], [ -122.456651, 45.539865 ] ] ] ] } },
{ "type": "Feature", "properties": { "GEOID": "41051010200", "average_size": 2.7684478371501271 }, "geometry": { "type": "MultiPolygon", "coordinates": [ [ [ [ -122.586005557514994, 45.604742536002298 ], [ -122.582325993186004, 45.604100521452601 ], [ -122.581406, 45.60394 ], [ -122.551278998219999, 45.5974429961583 ], [ -122.550211685522996, 45.597212826068699 ], [ -122.549955276926994, 45.597157530568502 ], [ -122.549438939157, 45.597046180341998 ], [ -122.548149, 45.596768 ], [ -122.545981397443995, 45.596136162581601 ], [ -122.523668, 45.589632 ], [ -122.505353096256002, 45.585928668035301 ], [ -122.496019008329995, 45.584041285679398 ], [ -122.492259, 45.583281 ], [ -122.479315, 45.579761 ], [ -122.475778139509003, 45.578654971461603 ], [ -122.474659, 45.578305 ], [ -122.471883289024007, 45.576835883327902 ], [ -122.455261778701995, 45.568038520006397 ], [ -122.453891, 45.567313 ], [ -122.438674, 45.563585 ], [ -122.416934004748001, 45.566731578260097 ], [ -122.410706, 45.567633 ], [ -122.401222955156996, 45.571098344571098 ], [ -122.396475, 45.565047 ], [ -122.392504, 45.561391 ], [ -122.391685, 45.561076 ], [ -122.387341, 45.559551 ], [ -122.381897, 45.556169 ], [ -122.381444, 45.554983 ], [ -122.385048, 45.551886 ], [ -122.386576, 45.54904 ], [ -122.385523, 45.544604 ], [ -122.385882, 45.544905 ], [ -122.390943, 45.545175 ], [ -122.404942, 45.544423 ], [ -122.407597, 45.543615 ], [ -122.410559, 45.542536 ], [ -122.411713, 45.542071 ], [ -122.416324, 45.540379 ], [ -122.41827, 45.539974 ], [ -122.421373, 45.539857 ], [ -122.423848, 45.540243 ], [ -122.431927, 45.541969 ], [ -122.433417, 45.54201 ], [ -122.444279, 45.539728 ], [ -122.449132, 45.53946 ], [ -122.451689, 45.539444 ], [ -122.453372, 45.539512 ], [ -122.456651, 45.539865 ], [ -122.466139, 45.540952 ], [ -122.466142, 45.540243 ], [ -122.468784, 45.540625 ], [ -122.475574, 45.542789 ], [ -122.477312, 45.542854 ], [ -122.491921, 45.542725 ], [ -122.495732, 45.542725 ], [ -122.495972, 45.549517 ], [ -122.498575, 45.550025 ], [ -122.500219, 45.550499 ], [ -122.503616, 45.551168 ], [ -122.510305, 45.552411 ], [ -122.510307, 45.552666 ], [ -122.510079, 45.566122 ], [ -122.510003, 45.566841 ], [ -122.525896, 45.569039 ], [ -122.54417, 45.57645 ], [ -122.544886, 45.576756 ], [ -122.545473, 45.576927 ], [ -122.554315, 45.580684 ], [ -122.579482, 45.593402 ], [ -122.585069, 45.596553 ], [ -122.586726, 45.597488 ], [ -122.586005557514994, 45.604742536002298 ] ] ] ] } },
{ "type": "Feature", "properties": { "GEOID": "41051010303", "average_size": 2.6824925816023737 }, "geometry": { "type": "MultiPolygon", "coordinates": [ [ [ [ -122.433621, 45.527827 ], [ -122.413133, 45.527719 ], [ -122.413037, 45.530028 ], [ -122.413945, 45.530988 ], [ -122.417856, 45.531521 ], [ -122.418464, 45.534228 ], [ -122.415813, 45.534895 ], [ -122.414623, 45.537048 ], [ -122.416584, 45.537338 ], [ -122.411672, 45.538013 ], [ -122.411713, 45.542071 ], [ -122.410559, 45.542536 ], [ -122.407597, 45.543615 ], [ -122.404942, 45.544423 ], [ -122.390943, 45.545175 ], [ -122.390567, 45.544386 ], [ -122.391157, 45.539266 ], [ -122.394491, 45.537174 ], [ -122.399132, 45.534552 ], [ -122.399295, 45.533564 ], [ -122.399283, 45.529892 ], [ -122.398473, 45.52745 ], [ -122.398426, 45.526251 ], [ -122.398422, 45.523529 ], [ -122.398418, 45.519069 ], [ -122.410577, 45.519049 ], [ -122.412457, 45.51907 ], [ -122.413128, 45.519089 ], [ -122.421147, 45.519058 ], [ -122.433785, 45.519088 ], [ -122.433621, 45.527827 ] ] ] ] } },
{ "type": "Feature", "properties": { "GEOID": "41051010304", "average_size": 2.7855392156862746 }, "geometry": { "type": "MultiPolygon", "coordinates": [ [ [ [ -122.43365, 45.534273 ], [ -122.433646, 45.535072 ], [ -122.433417, 45.54201 ], [ -122.431927, 45.541969 ], [ -122.423848, 45.540243 ], [ -122.421373, 45.539857 ], [ -122.41827, 45.539974 ], [ -122.416324, 45.540379 ], [ -122.411713, 45.542071 ], [ -122.411672, 45.538013 ], [ -122.416584, 45.537338 ], [ -122.414623, 45.537048 ], [ -122.415813, 45.534895 ], [ -122.418464, 45.534228 ], [ -122.417856, 45.531521 ], [ -122.413945, 45.530988 ], [ -122.413037, 45.530028 ], [ -122.413133, 45.527719 ], [ -122.433621, 45.527827 ], [ -122.433654, 45.533297 ], [ -122.43365, 45.534273 ] ] ] ] } },
{ "type": "Feature", "properties": { "GEOID": "41051010305", "average_size": 2.60668185269552 }, "geometry": { "type": "MultiPolygon", "coordinates": [ [ [ [ -122.399132, 45.534552 ], [ -122.394491, 45.537174 ], [ -122.391157, 45.539266 ], [ -122.390567, 45.544386 ], [ -122.390943, 45.545175 ], [ -122.385882, 45.544905 ], [ -122.385523, 45.544604 ], [ -122.382225, 45.542119 ], [ -122.382482, 45.541335 ], [ -122.376792, 45.538345 ], [ -122.372458, 45.535496 ], [ -122.372601, 45.53155 ], [ -122.371689, 45.529305 ], [ -122.373803, 45.52608 ], [ -122.372173, 45.525059 ], [ -122.371792, 45.524739 ], [ -122.371742, 45.524694 ], [ -122.37031, 45.523584 ], [ -122.369686, 45.52286 ], [ -122.372621, 45.523477 ], [ -122.37159, 45.521179 ], [ -122.372677, 45.518965 ], [ -122.386881, 45.519034 ], [ -122.386879, 45.521872 ], [ -122.386821, 45.522237 ], [ -122.387278, 45.525064 ], [ -122.387452, 45.526337 ], [ -122.38144, 45.527641 ], [ -122.38142, 45.529806 ], [ -122.382909, 45.531205 ], [ -122.387514, 45.530799 ], [ -122.387484, 45.532917 ], [ -122.3877, 45.533461 ], [ -122.388316, 45.533611 ], [ -122.399295, 45.533564 ], [ -122.399132, 45.534552 ] ] ] ] } },
{ "type": "Feature", "properties": { "GEOID": "41051010306", "average_size": 2.98558246828143 }, "geometry": { "type": "MultiPolygon", "coordinates": [ [ [ [ -122.399295, 45.533564 ], [ -122.388316, 45.533611 ], [ -122.3877, 45.533461 ], [ -122.387484, 45.532917 ], [ -122.387514, 45.530799 ], [ -122.382909, 45.531205 ], [ -122.38142, 45.529806 ], [ -122.38144, 45.527641 ], [ -122.387452, 45.526337 ], [ -122.387278, 45.525064 ], [ -122.386821, 45.522237 ], [ -122.386879, 45.521872 ], [ -122.386881, 45.519034 ], [ -122.389347, 45.519055 ], [ -122.395793, 45.518919 ], [ -122.39826, 45.519064 ], [ -122.398418, 45.519069 ], [ -122.398422, 45.523529 ], [ -122.398426, 45.526251 ], [ -122.398473, 45.52745 ], [ -122.399283, 45.529892 ], [ -122.399295, 45.533564 ] ] ] ] } },
{ "type": "Feature", "properties": { "GEOID": "41051010402", "average_size": 3.2195521572910977 }, "geometry": { "type": "MultiPolygon", "coordinates": [ [ [ [ -122.386881, 45.519034 ], [ -122.372677, 45.518965 ], [ -122.37159, 45.521179 ], [ -122.372621, 45.523477 ], [ -122.369686, 45.52286 ], [ -122.36911, 45.518873 ], [ -122.373047, 45.515615 ], [ -122.373695, 45.51474 ], [ -122.373628, 45.514328 ], [ -122.370525, 45.511536 ], [ -122.367114, 45.510727 ], [ -122.361226, 45.515281 ], [ -122.354581, 45.515858 ], [ -122.352802, 45.514783 ], [ -122.342437, 45.514133 ], [ -122.340012, 45.515422 ], [ -122.33927, 45.515315 ], [ -122.337279, 45.513165 ], [ -122.338315, 45.510774 ], [ -122.339177, 45.50718 ], [ -122.33873, 45.50491 ], [ -122.333443, 45.502485 ], [ -122.332494, 45.500749 ], [ -122.330893, 45.499928 ], [ -122.324362, 45.498384 ], [ -122.321975, 45.498826 ], [ -122.319726, 45.49827 ], [ -122.317243, 45.498295 ], [ -122.314119, 45.49935 ], [ -122.310362, 45.502992 ], [ -122.30735, 45.504857 ], [ -122.304881, 45.505386 ], [ -122.302261, 45.504937 ], [ -122.299021, 45.503168 ], [ -122.298724, 45.500519 ], [ -122.300564, 45.498639 ], [ -122.303966, 45.496804 ], [ -122.306962, 45.493724 ], [ -122.307313, 45.491731 ], [ -122.301806, 45.490926 ], [ -122.300772, 45.489812 ], [ -122.298708, 45.490033 ], [ -122.296116, 45.492044 ], [ -122.294395, 45.496149 ], [ -122.293246, 45.49758 ], [ -122.290628, 45.498355 ], [ -122.278759, 45.497475 ], [ -122.278375, 45.497023 ], [ -122.27797, 45.495674 ], [ -122.280908, 45.493734 ], [ -122.281612, 45.49151 ], [ -122.283134, 45.490279 ], [ -122.288258, 45.488844 ], [ -122.290881, 45.486813 ], [ -122.288976, 45.484934 ], [ -122.287553, 45.482384 ], [ -122.287368, 45.480832 ], [ -122.289103, 45.478185 ], [ -122.289835, 45.473006 ], [ -122.288872, 45.469542 ], [ -122.288146, 45.468905 ], [ -122.283604, 45.468503 ], [ -122.278058, 45.467702 ], [ -122.276481, 45.466695 ], [ -122.273818, 45.461981 ], [ -122.2727, 45.461394 ], [ -122.305836, 45.461439 ], [ -122.316084, 45.46149 ], [ -122.342882, 45.461529 ], [ -122.348315, 45.461502 ], [ -122.357752, 45.461426 ], [ -122.372096, 45.461222 ], [ -122.372796, 45.46123 ], [ -122.372761, 45.468521 ], [ -122.372749, 45.471435 ], [ -122.372742, 45.47264 ], [ -122.372744, 45.472912 ], [ -122.372688, 45.48283 ], [ -122.37273, 45.488234 ], [ -122.372746, 45.489261 ], [ -122.372711, 45.49004 ], [ -122.373249, 45.491481 ], [ -122.37754, 45.492615 ], [ -122.378889, 45.496058 ], [ -122.377931, 45.497182 ], [ -122.377705, 45.497611 ], [ -122.379837, 45.501744 ], [ -122.383408, 45.503277 ], [ -122.385112, 45.506447 ], [ -122.385189, 45.506571 ], [ -122.385825, 45.507774 ], [ -122.386534, 45.510294 ], [ -122.387137, 45.511102 ], [ -122.386881, 45.519034 ] ] ] ] } },
{ "type": "Feature", "properties": { "GEOID": "41051010405", "average_size": 2.2945396572339578 }, "geometry": { "type": "MultiPolygon", "coordinates": [ [ [ [ -122.433849, 45.513055 ], [ -122.433819, 45.51367 ], [ -122.433785, 45.519088 ], [ -122.421147, 45.519058 ], [ -122.413128, 45.519089 ], [ -122.412457, 45.51907 ], [ -122.412477, 45.515244 ], [ -122.413854, 45.513268 ], [ -122.414354, 45.512557 ], [ -122.414725, 45.511248 ], [ -122.414702, 45.507964 ], [ -122.413893, 45.504854 ], [ -122.413898, 45.501696 ], [ -122.41732, 45.504822 ], [ -122.418309, 45.505479 ], [ -122.421068, 45.50661 ], [ -122.4311, 45.508832 ], [ -122.433186, 45.510531 ], [ -122.433914, 45.511043 ], [ -122.433849, 45.513055 ] ] ] ] } },
{ "type": "Feature", "properties": { "GEOID": "41051010407", "average_size": 2.6924664602683177 }, "geometry": { "type": "MultiPolygon", "coordinates": [ [ [ [ -122.399965, 45.511928 ], [ -122.399624, 45.512986 ], [ -122.398581, 45.515262 ], [ -122.398418, 45.519069 ], [ -122.39826, 45.519064 ], [ -122.395793, 45.518919 ], [ -122.389347, 45.519055 ], [ -122.386881, 45.519034 ], [ -122.387137, 45.511102 ], [ -122.386534, 45.510294 ], [ -122.385825, 45.507774 ], [ -122.385189, 45.506571 ], [ -122.385112, 45.506447 ], [ -122.383408, 45.503277 ], [ -122.379837, 45.501744 ], [ -122.377705, 45.497611 ], [ -122.377931, 45.497182 ], [ -122.378889, 45.496058 ], [ -122.37754, 45.492615 ], [ -122.373249, 45.491481 ], [ -122.372711, 45.49004 ], [ -122.372746, 45.489261 ], [ -122.37273, 45.488234 ], [ -122.374806, 45.488253 ], [ -122.377654, 45.488286 ], [ -122.383638, 45.490201 ], [ -122.390146, 45.490388 ], [ -122.39397, 45.490446 ], [ -122.398816, 45.49182 ], [ -122.398739, 45.497558 ], [ -122.39887, 45.49946 ], [ -122.399907, 45.501203 ], [ -122.399934, 45.504781 ], [ -122.399965, 45.511928 ] ] ] ] } },
{ "type": "Feature", "properties": { "GEOID": "41051010408", "average_size": 2.8808997050147491 }, "geometry": { "type": "MultiPolygon", "coordinates": [ [ [ [ -122.413897, 45.481659 ], [ -122.41384, 45.48682 ], [ -122.413864, 45.490441 ], [ -122.413903, 45.497856 ], [ -122.413898, 45.501696 ], [ -122.409486, 45.497709 ], [ -122.408763, 45.497102 ], [ -122.405542, 45.493685 ], [ -122.401399, 45.489629 ], [ -122.399635, 45.486704 ], [ -122.398177, 45.487018 ], [ -122.393317, 45.482782 ], [ -122.388081, 45.478109 ], [ -122.388061, 45.476874 ], [ -122.396798, 45.476857 ], [ -122.403561, 45.476547 ], [ -122.403569, 45.475837 ], [ -122.403579, 45.474754 ], [ -122.403545, 45.474467 ], [ -122.404613, 45.475221 ], [ -122.405867, 45.475872 ], [ -122.408966, 45.4773 ], [ -122.413795, 45.480832 ], [ -122.414119, 45.48121 ], [ -122.413897, 45.481659 ] ] ] ] } },
{ "type": "Feature", "properties": { "GEOID": "41051010410", "average_size": 2.2616642616642615 }, "geometry": { "type": "MultiPolygon", "coordinates": [ [ [ [ -122.414725, 45.511248 ], [ -122.414354, 45.512557 ], [ -122.413854, 45.513268 ], [ -122.412477, 45.515244 ], [ -122.412457, 45.51907 ], [ -122.410577, 45.519049 ], [ -122.398418, 45.519069 ], [ -122.398581, 45.515262 ], [ -122.399624, 45.512986 ], [ -122.399965, 45.511928 ], [ -122.399934, 45.504781 ], [ -122.403902, 45.504801 ], [ -122.413893, 45.504854 ], [ -122.414702, 45.507964 ], [ -122.414725, 45.511248 ] ] ] ] } },
{ "type": "Feature", "properties": { "GEOID": "41051010411", "average_size": 2.5069597069597069 }, "geometry": { "type": "MultiPolygon", "coordinates": [ [ [ [ -122.413893, 45.504854 ], [ -122.403902, 45.504801 ], [ -122.399934, 45.504781 ], [ -122.399907, 45.501203 ], [ -122.39887, 45.49946 ], [ -122.398739, 45.497558 ], [ -122.398816, 45.49182 ], [ -122.401629, 45.492752 ], [ -122.405542, 45.493685 ], [ -122.408763, 45.497102 ], [ -122.409486, 45.497709 ], [ -122.413898, 45.501696 ], [ -122.413893, 45.504854 ] ] ] ] } },
{ "type": "Feature", "properties": { "GEOID": "41051010412", "average_size": 2.8718967229394239 }, "geometry": { "type": "MultiPolygon", "coordinates": [ [ [ [ -122.403569, 45.475837 ], [ -122.403561, 45.476547 ], [ -122.396798, 45.476857 ], [ -122.388061, 45.476874 ], [ -122.388081, 45.478109 ], [ -122.393317, 45.482782 ], [ -122.391617, 45.482999 ], [ -122.373965, 45.482849 ], [ -122.372688, 45.48283 ], [ -122.372744, 45.472912 ], [ -122.372742, 45.47264 ], [ -122.372749, 45.471435 ], [ -122.372761, 45.468521 ], [ -122.372796, 45.46123 ], [ -122.383141, 45.461276 ], [ -122.389346, 45.4613 ], [ -122.396421, 45.467196 ], [ -122.403545, 45.474467 ], [ -122.403579, 45.474754 ], [ -122.403569, 45.475837 ] ] ] ] } },
{ "type": "Feature", "properties": { "GEOID": "41051010413", "average_size": 2.8636109558412519 }, "geometry": { "type": "MultiPolygon", "coordinates": [ [ [ [ -122.401629, 45.492752 ], [ -122.398816, 45.49182 ], [ -122.39397, 45.490446 ], [ -122.390146, 45.490388 ], [ -122.383638, 45.490201 ], [ -122.377654, 45.488286 ], [ -122.374806, 45.488253 ], [ -122.37273, 45.488234 ], [ -122.372688, 45.48283 ], [ -122.373965, 45.482849 ], [ -122.391617, 45.482999 ], [ -122.393317, 45.482782 ], [ -122.398177, 45.487018 ], [ -122.399635, 45.486704 ], [ -122.401399, 45.489629 ], [ -122.405542, 45.493685 ], [ -122.401629, 45.492752 ] ] ] ] } },
{ "type": "Feature", "properties": { "GEOID": "41051010500", "average_size": 2.7992248062015506 }, "geometry": { "type": "MultiPolygon", "coordinates": [ [ [ [ -122.397100512625002, 45.572604789398298 ], [ -122.391802, 45.574541 ], [ -122.383435896741005, 45.575559482135901 ], [ -122.380302, 45.575941 ], [ -122.372189242990999, 45.5740234392524 ], [ -122.352802, 45.569441 ], [ -122.341811701880999, 45.558502299525003 ], [ -122.339070265255003, 45.555773733493503 ], [ -122.331502, 45.548241 ], [ -122.294901, 45.543541 ], [ -122.294819998052006, 45.543541861722801 ], [ -122.266701, 45.543841 ], [ -122.262625, 45.544321 ], [ -122.259530999909003, 45.545098131478298 ], [ -122.248993, 45.547745 ], [ -122.248911947663998, 45.547773100016897 ], [ -122.2017, 45.564141 ], [ -122.197527546047993, 45.567282217068502 ], [ -122.183695, 45.577696 ], [ -122.166829998748995, 45.580371151671201 ], [ -122.14075, 45.584508 ], [ -122.129548, 45.582945 ], [ -122.12949, 45.582967 ], [ -122.126197, 45.582573 ], [ -122.126197, 45.582617 ], [ -122.112356, 45.581409 ], [ -122.101675, 45.583516 ], [ -122.100176014642997, 45.584196156005703 ], [ -122.044374, 45.609516 ], [ -122.022571, 45.615151 ], [ -122.00369, 45.61593 ], [ -121.983038, 45.622812 ], [ -121.979797, 45.624839 ], [ -121.963547, 45.632784 ], [ -121.961258017758993, 45.635940762273698 ], [ -121.955734, 45.643559 ], [ -121.951838, 45.644951 ], [ -121.935149, 45.644169 ], [ -121.922028852172005, 45.649161899050803 ], [ -121.922051, 45.610761 ], [ -121.918698, 45.608288 ], [ -121.916509, 45.607635 ], [ -121.915478, 45.605163 ], [ -121.913115, 45.601297 ], [ -121.915184, 45.598698 ], [ -121.915527, 45.597109 ], [ -121.914551, 45.593684 ], [ -121.915913, 45.591609 ], [ -121.915803, 45.589685 ], [ -121.918095, 45.587287 ], [ -121.918386, 45.585484 ], [ -121.91549, 45.582447 ], [ -121.910547, 45.581241 ], [ -121.910516, 45.579733 ], [ -121.911443, 45.576484 ], [ -121.913019, 45.575168 ], [ -121.913911, 45.571163 ], [ -121.912619, 45.568211 ], [ -121.910309, 45.566826 ], [ -121.907326, 45.566723 ], [ -121.908329, 45.564983 ], [ -121.907176, 45.56255 ], [ -121.906325, 45.561935 ], [ -121.902915, 45.561121 ], [ -121.903291, 45.559517 ], [ -121.902678, 45.55686 ], [ -121.901879, 45.55619 ], [ -121.908793, 45.549992 ], [ -121.911695, 45.548941 ], [ -121.919685, 45.547614 ], [ -121.922136, 45.546673 ], [ -121.91644, 45.543205 ], [ -121.913216, 45.537275 ], [ -121.913761, 45.535329 ], [ -121.913087, 45.532567 ], [ -121.911614, 45.530303 ], [ -121.911443, 45.529082 ], [ -121.909746, 45.526749 ], [ -121.906924, 45.524655 ], [ -121.906688, 45.520828 ], [ -121.902817, 45.51853 ], [ -121.895902, 45.514896 ], [ -121.89392, 45.513388 ], [ -121.891749, 45.512631 ], [ -121.888674, 45.512252 ], [ -121.885605, 45.512408 ], [ -121.881862, 45.513125 ], [ -121.878538, 45.514295 ], [ -121.874665, 45.515751 ], [ -121.870166, 45.514598 ], [ -121.869342, 45.514103 ], [ -121.868187, 45.508715 ], [ -121.866919, 45.506786 ], [ -121.864656, 45.504495 ], [ -121.860873, 45.501814 ], [ -121.859828, 45.499168 ], [ -121.860137, 45.496923 ], [ -121.861111, 45.495096 ], [ -121.86337, 45.492844 ], [ -121.860323, 45.489377 ], [ -121.85882, 45.489006 ], [ -121.854653, 45.486638 ], [ -121.850403, 45.486502 ], [ -121.847872, 45.483377 ], [ -121.846821, 45.481329 ], [ -121.846764, 45.47907 ], [ -121.844301, 45.476188 ], [ -121.842521, 45.476109 ], [ -121.836809, 45.474619 ], [ -121.83527, 45.472492 ], [ -121.831765, 45.470184 ], [ -121.828898, 45.467466 ], [ -121.824922, 45.465469 ], [ -121.821485, 45.46333 ], [ -121.819587, 45.461675 ], [ -121.821959, 45.461674 ], [ -121.821956, 45.460226 ], [ -121.983148, 45.460237 ], [ -121.983147, 45.461403 ], [ -122.004194, 45.461534 ], [ -122.085981, 45.46058 ], [ -122.126544, 45.461299 ], [ -122.126545, 45.460039 ], [ -122.147212, 45.460828 ], [ -122.166674, 45.460837 ], [ -122.249969, 45.460935 ], [ -122.249828, 45.461422 ], [ -122.263944, 45.461412 ], [ -122.2727, 45.461394 ], [ -122.273818, 45.461981 ], [ -122.276481, 45.466695 ], [ -122.278058, 45.467702 ], [ -122.283604, 45.468503 ], [ -122.288146, 45.468905 ], [ -122.288872, 45.469542 ], [ -122.289835, 45.473006 ], [ -122.289103, 45.478185 ], [ -122.287368, 45.480832 ], [ -122.287553, 45.482384 ], [ -122.288976, 45.484934 ], [ -122.290881, 45.486813 ], [ -122.288258, 45.488844 ], [ -122.283134, 45.490279 ], [ -122.281612, 45.49151 ], [ -122.280908, 45.493734 ], [ -122.27797, 45.495674 ], [ -122.278375, 45.497023 ], [ -122.278759, 45.497475 ], [ -122.290628, 45.498355 ], [ -122.293246, 45.49758 ], [ -122.294395, 45.496149 ], [ -122.296116, 45.492044 ], [ -122.298708, 45.490033 ], [ -122.300772, 45.489812 ], [ -122.301806, 45.490926 ], [ -122.307313, 45.491731 ], [ -122.306962, 45.493724 ], [ -122.303966, 45.496804 ], [ -122.300564, 45.498639 ], [ -122.298724, 45.500519 ], [ -122.299021, 45.503168 ], [ -122.302261, 45.504937 ], [ -122.304881, 45.505386 ], [ -122.30735, 45.504857 ], [ -122.310362, 45.502992 ], [ -122.314119, 45.49935 ], [ -122.317243, 45.498295 ], [ -122.319726, 45.49827 ], [ -122.321975, 45.498826 ], [ -122.324362, 45.498384 ], [ -122.330893, 45.499928 ], [ -122.332494, 45.500749 ], [ -122.333443, 45.502485 ], [ -122.33873, 45.50491 ], [ -122.339177, 45.50718 ], [ -122.338315, 45.510774 ], [ -122.337279, 45.513165 ], [ -122.33927, 45.515315 ], [ -122.340012, 45.515422 ], [ -122.342437, 45.514133 ], [ -122.352802, 45.514783 ], [ -122.354581, 45.515858 ], [ -122.361226, 45.515281 ], [ -122.367114, 45.510727 ], [ -122.370525, 45.511536 ], [ -122.373628, 45.514328 ], [ -122.373695, 45.51474 ], [ -122.373047, 45.515615 ], [ -122.36911, 45.518873 ], [ -122.369686, 45.52286 ], [ -122.37031, 45.523584 ], [ -122.371742, 45.524694 ], [ -122.371792, 45.524739 ], [ -122.372173, 45.525059 ], [ -122.373803, 45.52608 ], [ -122.371689, 45.529305 ], [ -122.372601, 45.53155 ], [ -122.372458, 45.535496 ], [ -122.376792, 45.538345 ], [ -122.382482, 45.541335 ], [ -122.382225, 45.542119 ], [ -122.385523, 45.544604 ], [ -122.386576, 45.54904 ], [ -122.385048, 45.551886 ], [ -122.381444, 45.554983 ], [ -122.381897, 45.556169 ], [ -122.387341, 45.559551 ], [ -122.391685, 45.561076 ], [ -122.392504, 45.561391 ], [ -122.396475, 45.565047 ], [ -122.401222955156996, 45.571098344571098 ], [ -122.397100512625002, 45.572604789398298 ] ] ] ] } },
{ "type": "Feature", "properties": { "GEOID": "41051010601", "average_size": 1.2108843537414966 }, "geometry": { "type": "MultiPolygon", "coordinates": [ [ [ [ -122.686307, 45.516558 ], [ -122.685227, 45.518557 ], [ -122.683102, 45.522479 ], [ -122.683145, 45.522931 ], [ -122.681121, 45.522976 ], [ -122.680089, 45.522996 ], [ -122.680075, 45.521757 ], [ -122.680423, 45.521083 ], [ -122.682201, 45.517742 ], [ -122.683269, 45.515741 ], [ -122.685287, 45.516285 ], [ -122.686307, 45.516558 ] ] ] ] } },
{ "type": "Feature", "properties": { "GEOID": "41051010602", "average_size": 1.1749795584627964 }, "geometry": { "type": "MultiPolygon", "coordinates": [ [ [ [ -122.682201, 45.517742 ], [ -122.680423, 45.521083 ], [ -122.680075, 45.521757 ], [ -122.680089, 45.522996 ], [ -122.677411, 45.523042 ], [ -122.675406, 45.52308 ], [ -122.667093, 45.523028 ], [ -122.668653, 45.517592 ], [ -122.670417, 45.51307 ], [ -122.673887, 45.513883 ], [ -122.674718, 45.513424 ], [ -122.676716, 45.513986 ], [ -122.678742, 45.514527 ], [ -122.683269, 45.515741 ], [ -122.682201, 45.517742 ] ] ] ] } },
{ "type": "Feature", "properties": { "GEOID": "41051980000", "average_size": null }, "geometry": { "type": "MultiPolygon", "coordinates": [ [ [ [ -122.723271, 45.571013 ], [ -122.72201, 45.573092 ], [ -122.718534, 45.574564 ], [ -122.713496, 45.575296 ], [ -122.707945, 45.57495 ], [ -122.704015, 45.573871 ], [ -122.702795, 45.57316 ], [ -122.701798, 45.572357 ], [ -122.700701, 45.571117 ], [ -122.70002, 45.569934 ], [ -122.699009, 45.565447 ], [ -122.69707, 45.565431 ], [ -122.697557, 45.562699 ], [ -122.69974, 45.562695 ], [ -122.694225, 45.555997 ], [ -122.691207, 45.552368 ], [ -122.682032, 45.545757 ], [ -122.677905, 45.543582 ], [ -122.677931, 45.542128 ], [ -122.679229, 45.541109 ], [ -122.679729, 45.540744 ], [ -122.680274, 45.540282 ], [ -122.681562, 45.539278 ], [ -122.683269, 45.537922 ], [ -122.690863, 45.543782 ], [ -122.692003, 45.544869 ], [ -122.697985, 45.550291 ], [ -122.702734, 45.552196 ], [ -122.7169, 45.557408 ], [ -122.722695, 45.560297 ], [ -122.730522, 45.564932 ], [ -122.723271, 45.571013 ] ] ] ] } },
{ "type": "Feature", "properties": { "GEOID": "41067030103", "average_size": 1.8841385207353569 }, "geometry": { "type": "MultiPolygon", "coordinates": [ [ [ [ -122.777005, 45.510459 ], [ -122.776374, 45.510444 ], [ -122.774751, 45.510684 ], [ -122.77478, 45.512535 ], [ -122.77468, 45.513812 ], [ -122.76953, 45.513957 ], [ -122.769553, 45.515934 ], [ -122.769571, 45.519545 ], [ -122.76712, 45.519553 ], [ -122.764464, 45.519562 ], [ -122.743862, 45.519509 ], [ -122.743859, 45.516665 ], [ -122.743859, 45.515754 ], [ -122.743856, 45.5144 ], [ -122.743847, 45.512509 ], [ -122.743828, 45.509582 ], [ -122.743815, 45.508181 ], [ -122.743813, 45.507886 ], [ -122.745706, 45.507373 ], [ -122.753079, 45.506118 ], [ -122.756898, 45.505806 ], [ -122.764593, 45.505899 ], [ -122.765702, 45.505974 ], [ -122.773471, 45.507196 ], [ -122.778135, 45.508433 ], [ -122.777005, 45.510459 ] ] ] ] } },
{ "type": "Feature", "properties": { "GEOID": "41067030104", "average_size": 2.3438485804416405 }, "geometry": { "type": "MultiPolygon", "coordinates": [ [ [ [ -122.791419, 45.518687 ], [ -122.791336, 45.519718 ], [ -122.792593, 45.521985 ], [ -122.792747, 45.52283 ], [ -122.792788, 45.526422 ], [ -122.791772, 45.526357 ], [ -122.78708, 45.525831 ], [ -122.78705, 45.523172 ], [ -122.772181, 45.52289 ], [ -122.772131, 45.521009 ], [ -122.76959, 45.520832 ], [ -122.769571, 45.519545 ], [ -122.769553, 45.515934 ], [ -122.76953, 45.513957 ], [ -122.77468, 45.513812 ], [ -122.77478, 45.512535 ], [ -122.774751, 45.510684 ], [ -122.776374, 45.510444 ], [ -122.777005, 45.510459 ], [ -122.778135, 45.508433 ], [ -122.789759, 45.512546 ], [ -122.793829, 45.51414 ], [ -122.791419, 45.518687 ] ] ] ] } },
{ "type": "Feature", "properties": { "GEOID": "41067030105", "average_size": 1.8787878787878789 }, "geometry": { "type": "MultiPolygon", "coordinates": [ [ [ [ -122.807251, 45.519671 ], [ -122.807006, 45.520072 ], [ -122.806795, 45.520198 ], [ -122.806266, 45.52047 ], [ -122.805944, 45.520988 ], [ -122.805507, 45.52137 ], [ -122.80475, 45.52181 ], [ -122.80469, 45.521854 ], [ -122.804571, 45.521942 ], [ -122.802386, 45.523299 ], [ -122.800729, 45.525835 ], [ -122.799171, 45.526893 ], [ -122.797634, 45.526818 ], [ -122.795346, 45.526934 ], [ -122.793942, 45.526514 ], [ -122.792788, 45.526422 ], [ -122.792747, 45.52283 ], [ -122.792593, 45.521985 ], [ -122.791336, 45.519718 ], [ -122.791419, 45.518687 ], [ -122.793829, 45.51414 ], [ -122.802765, 45.517415 ], [ -122.807544, 45.519295 ], [ -122.807251, 45.519671 ] ] ] ] } },
{ "type": "Feature", "properties": { "GEOID": "41067030106", "average_size": 2.9529335912314636 }, "geometry": { "type": "MultiPolygon", "coordinates": [ [ [ [ -122.798159, 45.527275 ], [ -122.797391, 45.527261 ], [ -122.797067, 45.527328 ], [ -122.796349, 45.527601 ], [ -122.795834, 45.527892 ], [ -122.795647, 45.527897 ], [ -122.79528, 45.527748 ], [ -122.792808, 45.527286 ], [ -122.792818, 45.528379 ], [ -122.789541, 45.530415 ], [ -122.785957, 45.531241 ], [ -122.784232, 45.533982 ], [ -122.783624, 45.533971 ], [ -122.78234, 45.533946 ], [ -122.779838, 45.533897 ], [ -122.774659, 45.533809 ], [ -122.77215, 45.533815 ], [ -122.76609, 45.533852 ], [ -122.765076, 45.533858 ], [ -122.764412, 45.533822 ], [ -122.764436, 45.531344 ], [ -122.764439, 45.531184 ], [ -122.764458, 45.529727 ], [ -122.764459, 45.529634 ], [ -122.764472, 45.528166 ], [ -122.764486, 45.526737 ], [ -122.764464, 45.519562 ], [ -122.76712, 45.519553 ], [ -122.769571, 45.519545 ], [ -122.76959, 45.520832 ], [ -122.772131, 45.521009 ], [ -122.772181, 45.52289 ], [ -122.78705, 45.523172 ], [ -122.78708, 45.525831 ], [ -122.791772, 45.526357 ], [ -122.792788, 45.526422 ], [ -122.793942, 45.526514 ], [ -122.795346, 45.526934 ], [ -122.797634, 45.526818 ], [ -122.799171, 45.526893 ], [ -122.798159, 45.527275 ] ] ] ] } },
{ "type": "Feature", "properties": { "GEOID": "41067030200", "average_size": 2.4138321995464853 }, "geometry": { "type": "MultiPolygon", "coordinates": [ [ [ [ -122.80502, 45.502262 ], [ -122.79851, 45.504886 ], [ -122.797257, 45.505629 ], [ -122.796817, 45.506096 ], [ -122.796114, 45.507709 ], [ -122.795194, 45.512224 ], [ -122.793829, 45.51414 ], [ -122.789759, 45.512546 ], [ -122.778135, 45.508433 ], [ -122.773471, 45.507196 ], [ -122.765702, 45.505974 ], [ -122.764593, 45.505899 ], [ -122.756898, 45.505806 ], [ -122.753079, 45.506118 ], [ -122.745706, 45.507373 ], [ -122.747183, 45.504875 ], [ -122.751798, 45.501963 ], [ -122.753116, 45.500881 ], [ -122.75515, 45.498216 ], [ -122.757728, 45.498246 ], [ -122.757731, 45.497566 ], [ -122.760975, 45.498515 ], [ -122.764319, 45.498391 ], [ -122.765094, 45.498323 ], [ -122.767064, 45.497969 ], [ -122.77053, 45.496271 ], [ -122.774439, 45.494361 ], [ -122.779256, 45.493472 ], [ -122.779337, 45.493591 ], [ -122.779463, 45.493775 ], [ -122.779995, 45.494675 ], [ -122.786774, 45.497739 ], [ -122.787356, 45.498344 ], [ -122.790504, 45.498703 ], [ -122.791457, 45.498907 ], [ -122.793339, 45.499236 ], [ -122.798243, 45.500388 ], [ -122.799006, 45.500205 ], [ -122.799005, 45.500285 ], [ -122.800378, 45.499947 ], [ -122.800884, 45.499884 ], [ -122.801365, 45.499928 ], [ -122.803338, 45.500565 ], [ -122.805852, 45.501421 ], [ -122.80502, 45.502262 ] ] ] ] } },
{ "type": "Feature", "properties": { "GEOID": "41067030300", "average_size": 2.3624733475479744 }, "geometry": { "type": "MultiPolygon", "coordinates": [ [ [ [ -122.770531, 45.496113 ], [ -122.77053, 45.496271 ], [ -122.767064, 45.497969 ], [ -122.765094, 45.498323 ], [ -122.764319, 45.498391 ], [ -122.760975, 45.498515 ], [ -122.757731, 45.497566 ], [ -122.757728, 45.498246 ], [ -122.75515, 45.498216 ], [ -122.753116, 45.500881 ], [ -122.751798, 45.501963 ], [ -122.747183, 45.504875 ], [ -122.745706, 45.507373 ], [ -122.743813, 45.507886 ], [ -122.743805, 45.507374 ], [ -122.743803, 45.506834 ], [ -122.743785, 45.505017 ], [ -122.743809, 45.497618 ], [ -122.743799, 45.494665 ], [ -122.743798, 45.494401 ], [ -122.743758, 45.488258 ], [ -122.743746, 45.48725 ], [ -122.744775, 45.487188 ], [ -122.744809, 45.487031 ], [ -122.745916, 45.486863 ], [ -122.748087, 45.486314 ], [ -122.749195, 45.486063 ], [ -122.756977, 45.48617 ], [ -122.760671, 45.486233 ], [ -122.760779, 45.486236 ], [ -122.760878, 45.486238 ], [ -122.768155, 45.48636 ], [ -122.768153, 45.486471 ], [ -122.771027, 45.486475 ], [ -122.770531, 45.496113 ] ] ] ] } },
{ "type": "Feature", "properties": { "GEOID": "41067030401", "average_size": 2.1024904214559386 }, "geometry": { "type": "MultiPolygon", "coordinates": [ [ [ [ -122.799643, 45.486645 ], [ -122.792829, 45.486548 ], [ -122.778399, 45.486532 ], [ -122.771027, 45.486475 ], [ -122.768153, 45.486471 ], [ -122.768155, 45.48636 ], [ -122.760878, 45.486238 ], [ -122.760779, 45.486236 ], [ -122.760671, 45.486233 ], [ -122.756977, 45.48617 ], [ -122.749195, 45.486063 ], [ -122.756662, 45.482582 ], [ -122.758752, 45.481549 ], [ -122.760738, 45.480585 ], [ -122.761003, 45.48046 ], [ -122.761228, 45.480332 ], [ -122.762742, 45.479417 ], [ -122.763577, 45.478429 ], [ -122.765567, 45.476163 ], [ -122.771946, 45.47305 ], [ -122.773069, 45.47249 ], [ -122.774247, 45.471743 ], [ -122.774727, 45.471417 ], [ -122.775824, 45.469382 ], [ -122.785936, 45.469393 ], [ -122.78663, 45.469379 ], [ -122.786963, 45.4723 ], [ -122.790281, 45.476642 ], [ -122.797997, 45.485367 ], [ -122.800321, 45.486526 ], [ -122.799643, 45.486645 ] ] ] ] } },
{ "type": "Feature", "properties": { "GEOID": "41067030402", "average_size": 2.1447430457331449 }, "geometry": { "type": "MultiPolygon", "coordinates": [ [ [ [ -122.773069, 45.47249 ], [ -122.771946, 45.47305 ], [ -122.765567, 45.476163 ], [ -122.763577, 45.478429 ], [ -122.762742, 45.479417 ], [ -122.761228, 45.480332 ], [ -122.761003, 45.48046 ], [ -122.760738, 45.480585 ], [ -122.758752, 45.481549 ], [ -122.756662, 45.482582 ], [ -122.749195, 45.486063 ], [ -122.748087, 45.486314 ], [ -122.745916, 45.486863 ], [ -122.744809, 45.487031 ], [ -122.744775, 45.487188 ], [ -122.743746, 45.48725 ], [ -122.743745, 45.487084 ], [ -122.743711, 45.484201 ], [ -122.743681, 45.477961 ], [ -122.743671, 45.476442 ], [ -122.743626, 45.476439 ], [ -122.743654, 45.469466 ], [ -122.743663, 45.467532 ], [ -122.746209, 45.467041 ], [ -122.747926, 45.465983 ], [ -122.750783, 45.467712 ], [ -122.750869, 45.467746 ], [ -122.750964, 45.467784 ], [ -122.751051, 45.467716 ], [ -122.751177, 45.467804 ], [ -122.75237, 45.468622 ], [ -122.755374, 45.46937 ], [ -122.765267, 45.46964 ], [ -122.765952, 45.470019 ], [ -122.767136, 45.47033 ], [ -122.769818, 45.470788 ], [ -122.770609, 45.471222 ], [ -122.774247, 45.471743 ], [ -122.773069, 45.47249 ] ] ] ] } },
{ "type": "Feature", "properties": { "GEOID": "41067030501", "average_size": 2.0112540192926045 }, "geometry": { "type": "MultiPolygon", "coordinates": [ [ [ [ -122.78663, 45.469379 ], [ -122.785936, 45.469393 ], [ -122.775824, 45.469382 ], [ -122.774727, 45.471417 ], [ -122.774247, 45.471743 ], [ -122.770609, 45.471222 ], [ -122.769818, 45.470788 ], [ -122.767136, 45.47033 ], [ -122.765952, 45.470019 ], [ -122.765267, 45.46964 ], [ -122.755374, 45.46937 ], [ -122.75237, 45.468622 ], [ -122.751177, 45.467804 ], [ -122.751051, 45.467716 ], [ -122.754555, 45.464939 ], [ -122.7548, 45.46475 ], [ -122.75488, 45.464686 ], [ -122.759406, 45.461032 ], [ -122.76025, 45.460345 ], [ -122.762421, 45.458944 ], [ -122.763973, 45.458167 ], [ -122.767046, 45.456948 ], [ -122.770722, 45.455161 ], [ -122.772653, 45.454125 ], [ -122.773675, 45.453635 ], [ -122.774124, 45.453271 ], [ -122.776243, 45.453957 ], [ -122.778596, 45.454723 ], [ -122.780269, 45.455813 ], [ -122.782441, 45.456836 ], [ -122.785968, 45.458431 ], [ -122.786965, 45.458781 ], [ -122.78663, 45.469379 ] ] ] ] } },
{ "type": "Feature", "properties": { "GEOID": "41067030502", "average_size": 1.9325242718446602 }, "geometry": { "type": "MultiPolygon", "coordinates": [ [ [ [ -122.773675, 45.453635 ], [ -122.772653, 45.454125 ], [ -122.770722, 45.455161 ], [ -122.767046, 45.456948 ], [ -122.763973, 45.458167 ], [ -122.762421, 45.458944 ], [ -122.76025, 45.460345 ], [ -122.759406, 45.461032 ], [ -122.75488, 45.464686 ], [ -122.7548, 45.46475 ], [ -122.754555, 45.464939 ], [ -122.751051, 45.467716 ], [ -122.750964, 45.467784 ], [ -122.750869, 45.467746 ], [ -122.750783, 45.467712 ], [ -122.747926, 45.465983 ], [ -122.746209, 45.467041 ], [ -122.743663, 45.467532 ], [ -122.743672, 45.465576 ], [ -122.743667, 45.458486 ], [ -122.743659, 45.456685 ], [ -122.743649, 45.454892 ], [ -122.748899, 45.454906 ], [ -122.750597, 45.453747 ], [ -122.752653, 45.454295 ], [ -122.753975, 45.45475 ], [ -122.755031, 45.454964 ], [ -122.75897, 45.454932 ], [ -122.76588, 45.45496 ], [ -122.765974, 45.450627 ], [ -122.772494, 45.452737 ], [ -122.774124, 45.453271 ], [ -122.773675, 45.453635 ] ] ] ] } },
{ "type": "Feature", "properties": { "GEOID": "41067030600", "average_size": 2.3192848020434229 }, "geometry": { "type": "MultiPolygon", "coordinates": [ [ [ [ -122.76588, 45.45496 ], [ -122.75897, 45.454932 ], [ -122.755031, 45.454964 ], [ -122.753975, 45.45475 ], [ -122.752653, 45.454295 ], [ -122.750597, 45.453747 ], [ -122.748899, 45.454906 ], [ -122.743649, 45.454892 ], [ -122.743668, 45.447693 ], [ -122.743673, 45.447284 ], [ -122.743691, 45.444663 ], [ -122.743703, 45.442944 ], [ -122.746435, 45.442265 ], [ -122.756973, 45.437025 ], [ -122.764843, 45.434057 ], [ -122.765384, 45.436006 ], [ -122.765367, 45.437798 ], [ -122.765337, 45.44113 ], [ -122.765442, 45.442075 ], [ -122.765568, 45.442641 ], [ -122.765581, 45.446594 ], [ -122.764571, 45.44994 ], [ -122.765974, 45.450627 ], [ -122.76588, 45.45496 ] ] ] ] } },
{ "type": "Feature", "properties": { "GEOID": "41067030700", "average_size": 1.6315205327413984 }, "geometry": { "type": "MultiPolygon", "coordinates": [ [ [ [ -122.771662, 45.43133 ], [ -122.770738, 45.431798 ], [ -122.767208, 45.433189 ], [ -122.764843, 45.434057 ], [ -122.756973, 45.437025 ], [ -122.746435, 45.442265 ], [ -122.743703, 45.442944 ], [ -122.743718, 45.435079 ], [ -122.743721, 45.433294 ], [ -122.743991, 45.426072 ], [ -122.744006, 45.421046 ], [ -122.74406, 45.418855 ], [ -122.744029, 45.415311 ], [ -122.752104, 45.415199 ], [ -122.753063, 45.417076 ], [ -122.753614, 45.417731 ], [ -122.766207, 45.427691 ], [ -122.770752, 45.430895 ], [ -122.771662, 45.43133 ] ] ] ] } },
{ "type": "Feature", "properties": { "GEOID": "41067030801", "average_size": 2.3977709454265947 }, "geometry": { "type": "MultiPolygon", "coordinates": [ [ [ [ -122.788052, 45.417861 ], [ -122.787243, 45.41868 ], [ -122.781115, 45.424993 ], [ -122.778311, 45.426919 ], [ -122.772632, 45.430755 ], [ -122.771662, 45.43133 ], [ -122.770752, 45.430895 ], [ -122.766207, 45.427691 ], [ -122.753614, 45.417731 ], [ -122.753063, 45.417076 ], [ -122.752104, 45.415199 ], [ -122.758399, 45.415163 ], [ -122.764385, 45.414983 ], [ -122.76444, 45.410304 ], [ -122.775434, 45.410305 ], [ -122.775415, 45.412814 ], [ -122.776221, 45.413261 ], [ -122.777345, 45.413282 ], [ -122.77988, 45.413272 ], [ -122.782957, 45.413231 ], [ -122.784473, 45.411902 ], [ -122.78446, 45.413229 ], [ -122.788527, 45.413213 ], [ -122.787271, 45.414891 ], [ -122.789484, 45.416391 ], [ -122.788052, 45.417861 ] ] ] ] } },
{ "type": "Feature", "properties": { "GEOID": "41067030803", "average_size": 2.0434173669467786 }, "geometry": { "type": "MultiPolygon", "coordinates": [ [ [ [ -122.796627, 45.404425 ], [ -122.793982, 45.409858 ], [ -122.793468, 45.411482 ], [ -122.793014, 45.412511 ], [ -122.791368, 45.41466 ], [ -122.789484, 45.416391 ], [ -122.787271, 45.414891 ], [ -122.788527, 45.413213 ], [ -122.78446, 45.413229 ], [ -122.784473, 45.411902 ], [ -122.782957, 45.413231 ], [ -122.77988, 45.413272 ], [ -122.777345, 45.413282 ], [ -122.776221, 45.413261 ], [ -122.775415, 45.412814 ], [ -122.775434, 45.410305 ], [ -122.76444, 45.410304 ], [ -122.764536, 45.404279 ], [ -122.777399, 45.404268 ], [ -122.782241, 45.404213 ], [ -122.794646, 45.40413 ], [ -122.796627, 45.404425 ] ] ] ] } },
{ "type": "Feature", "properties": { "GEOID": "41067030805", "average_size": 2.0882188721384702 }, "geometry": { "type": "MultiPolygon", "coordinates": [ [ [ [ -122.798473, 45.398711 ], [ -122.798065, 45.401361 ], [ -122.797813, 45.402065 ], [ -122.797188, 45.40328 ], [ -122.796627, 45.404425 ], [ -122.794646, 45.40413 ], [ -122.782241, 45.404213 ], [ -122.777399, 45.404268 ], [ -122.764536, 45.404279 ], [ -122.764464, 45.3991 ], [ -122.765362, 45.398434 ], [ -122.764141, 45.396949 ], [ -122.764426, 45.395893 ], [ -122.764419, 45.393441 ], [ -122.764422, 45.393219 ], [ -122.767052, 45.392764 ], [ -122.768374, 45.393424 ], [ -122.769914, 45.395077 ], [ -122.773983, 45.393407 ], [ -122.775278, 45.397009 ], [ -122.777566, 45.398271 ], [ -122.782167, 45.398686 ], [ -122.782404, 45.398699 ], [ -122.78376, 45.398606 ], [ -122.786494, 45.398148 ], [ -122.787907, 45.397907 ], [ -122.788096, 45.39789 ], [ -122.78839, 45.397865 ], [ -122.788958, 45.397802 ], [ -122.791181, 45.397402 ], [ -122.796303, 45.395031 ], [ -122.798888, 45.394201 ], [ -122.798473, 45.398711 ] ] ] ] } },
{ "type": "Feature", "properties": { "GEOID": "41067030806", "average_size": 2.565300285986654 }, "geometry": { "type": "MultiPolygon", "coordinates": [ [ [ [ -122.764464, 45.3991 ], [ -122.764536, 45.404279 ], [ -122.76444, 45.410304 ], [ -122.764385, 45.414983 ], [ -122.758399, 45.415163 ], [ -122.752104, 45.415199 ], [ -122.744029, 45.415311 ], [ -122.743974, 45.407918 ], [ -122.744141, 45.407814 ], [ -122.748875, 45.405228 ], [ -122.752467, 45.402236 ], [ -122.76235, 45.398704 ], [ -122.763545, 45.397829 ], [ -122.764141, 45.396949 ], [ -122.765362, 45.398434 ], [ -122.764464, 45.3991 ] ] ] ] } },
{ "type": "Feature", "properties": { "GEOID": "41067030900", "average_size": 2.2594339622641511 }, "geometry": { "type": "MultiPolygon", "coordinates": [ [ [ [ -122.786965, 45.458781 ], [ -122.785968, 45.458431 ], [ -122.782441, 45.456836 ], [ -122.780269, 45.455813 ], [ -122.778596, 45.454723 ], [ -122.776243, 45.453957 ], [ -122.774124, 45.453271 ], [ -122.772494, 45.452737 ], [ -122.765974, 45.450627 ], [ -122.764571, 45.44994 ], [ -122.765581, 45.446594 ], [ -122.765568, 45.442641 ], [ -122.765442, 45.442075 ], [ -122.765337, 45.44113 ], [ -122.765367, 45.437798 ], [ -122.765384, 45.436006 ], [ -122.764843, 45.434057 ], [ -122.767208, 45.433189 ], [ -122.770738, 45.431798 ], [ -122.771662, 45.43133 ], [ -122.777158, 45.433368 ], [ -122.779267, 45.434798 ], [ -122.781229, 45.437944 ], [ -122.781562, 45.43899 ], [ -122.784101, 45.444183 ], [ -122.78661, 45.449157 ], [ -122.787267, 45.450956 ], [ -122.786965, 45.458781 ] ] ] ] } },
{ "type": "Feature", "properties": { "GEOID": "41067031005", "average_size": 2.6430992736077483 }, "geometry": { "type": "MultiPolygon", "coordinates": [ [ [ [ -122.805479, 45.476473 ], [ -122.80031, 45.476528 ], [ -122.790281, 45.476642 ], [ -122.786963, 45.4723 ], [ -122.78663, 45.469379 ], [ -122.786965, 45.458781 ], [ -122.79684, 45.461495 ], [ -122.799315, 45.462208 ], [ -122.803288, 45.464189 ], [ -122.803696, 45.464819 ], [ -122.803798, 45.466964 ], [ -122.804002, 45.469221 ], [ -122.804326, 45.470303 ], [ -122.804933, 45.471612 ], [ -122.805343, 45.472485 ], [ -122.805479, 45.476473 ] ] ] ] } },
{ "type": "Feature", "properties": { "GEOID": "41067031007", "average_size": 2.4451882845188284 }, "geometry": { "type": "MultiPolygon", "coordinates": [ [ [ [ -122.826087, 45.465658 ], [ -122.82133, 45.465657 ], [ -122.818981, 45.466148 ], [ -122.815175, 45.467083 ], [ -122.814171, 45.466848 ], [ -122.808836, 45.466819 ], [ -122.808186, 45.466546 ], [ -122.80798, 45.460232 ], [ -122.81571, 45.46023 ], [ -122.815715, 45.458426 ], [ -122.818353, 45.458385 ], [ -122.819701, 45.457546 ], [ -122.820654, 45.455823 ], [ -122.820847, 45.454785 ], [ -122.822603, 45.453187 ], [ -122.826033, 45.453029 ], [ -122.826036, 45.460169 ], [ -122.826087, 45.465658 ] ] ] ] } },
{ "type": "Feature", "properties": { "GEOID": "41067031008", "average_size": 2.3880976602238047 }, "geometry": { "type": "MultiPolygon", "coordinates": [ [ [ [ -122.826094, 45.476447 ], [ -122.819089, 45.476472 ], [ -122.817172, 45.47648 ], [ -122.811935, 45.476487 ], [ -122.810712, 45.476481 ], [ -122.805479, 45.476473 ], [ -122.805343, 45.472485 ], [ -122.804933, 45.471612 ], [ -122.804326, 45.470303 ], [ -122.804002, 45.469221 ], [ -122.803798, 45.466964 ], [ -122.805526, 45.466522 ], [ -122.808186, 45.466546 ], [ -122.808836, 45.466819 ], [ -122.814171, 45.466848 ], [ -122.815175, 45.467083 ], [ -122.818981, 45.466148 ], [ -122.82133, 45.465657 ], [ -122.826087, 45.465658 ], [ -122.826125, 45.472115 ], [ -122.826094, 45.476447 ] ] ] ] } },
{ "type": "Feature", "properties": { "GEOID": "41067031009", "average_size": 2.4747000521648408 }, "geometry": { "type": "MultiPolygon", "coordinates": [ [ [ [ -122.826033, 45.453029 ], [ -122.822603, 45.453187 ], [ -122.820847, 45.454785 ], [ -122.820654, 45.455823 ], [ -122.819701, 45.457546 ], [ -122.818353, 45.458385 ], [ -122.815715, 45.458426 ], [ -122.81571, 45.46023 ], [ -122.80798, 45.460232 ], [ -122.807986, 45.458062 ], [ -122.807967, 45.454806 ], [ -122.810558, 45.45481 ], [ -122.810571, 45.44757 ], [ -122.815739, 45.447611 ], [ -122.818904, 45.447108 ], [ -122.819189, 45.443995 ], [ -122.820856, 45.443998 ], [ -122.820829, 45.439908 ], [ -122.825971, 45.43825 ], [ -122.825988, 45.447608 ], [ -122.825982, 45.448541 ], [ -122.826033, 45.453029 ] ] ] ] } },
{ "type": "Feature", "properties": { "GEOID": "41067031010", "average_size": 2.1357813834329633 }, "geometry": { "type": "MultiPolygon", "coordinates": [ [ [ [ -122.820856, 45.443998 ], [ -122.819189, 45.443995 ], [ -122.818904, 45.447108 ], [ -122.815739, 45.447611 ], [ -122.810571, 45.44757 ], [ -122.810558, 45.45481 ], [ -122.807967, 45.454806 ], [ -122.805405, 45.454766 ], [ -122.805399, 45.450854 ], [ -122.805383, 45.44762 ], [ -122.805377, 45.444586 ], [ -122.805352, 45.443693 ], [ -122.810537, 45.442875 ], [ -122.815651, 45.441527 ], [ -122.816966, 45.441103 ], [ -122.820829, 45.439908 ], [ -122.820856, 45.443998 ] ] ] ] } },
{ "type": "Feature", "properties": { "GEOID": "41067031011", "average_size": 2.0245851259987706 }, "geometry": { "type": "MultiPolygon", "coordinates": [ [ [ [ -122.805399, 45.450854 ], [ -122.802158, 45.450917 ], [ -122.803222, 45.452997 ], [ -122.803146, 45.454456 ], [ -122.801574, 45.455822 ], [ -122.799838, 45.454678 ], [ -122.797192, 45.454855 ], [ -122.79851, 45.458846 ], [ -122.800455, 45.459079 ], [ -122.799454, 45.460044 ], [ -122.79684, 45.461495 ], [ -122.786965, 45.458781 ], [ -122.787267, 45.450956 ], [ -122.78661, 45.449157 ], [ -122.787969, 45.448074 ], [ -122.793343, 45.445865 ], [ -122.800258, 45.444213 ], [ -122.801005, 45.444058 ], [ -122.805352, 45.443693 ], [ -122.805377, 45.444586 ], [ -122.805383, 45.44762 ], [ -122.805399, 45.450854 ] ] ] ] } },
{ "type": "Feature", "properties": { "GEOID": "41067031012", "average_size": 2.0746478873239438 }, "geometry": { "type": "MultiPolygon", "coordinates": [ [ [ [ -122.808186, 45.466546 ], [ -122.805526, 45.466522 ], [ -122.803798, 45.466964 ], [ -122.803696, 45.464819 ], [ -122.803288, 45.464189 ], [ -122.799315, 45.462208 ], [ -122.79684, 45.461495 ], [ -122.799454, 45.460044 ], [ -122.800455, 45.459079 ], [ -122.79851, 45.458846 ], [ -122.797192, 45.454855 ], [ -122.799838, 45.454678 ], [ -122.801574, 45.455822 ], [ -122.803146, 45.454456 ], [ -122.803222, 45.452997 ], [ -122.802158, 45.450917 ], [ -122.805399, 45.450854 ], [ -122.805405, 45.454766 ], [ -122.807967, 45.454806 ], [ -122.807986, 45.458062 ], [ -122.80798, 45.460232 ], [ -122.808186, 45.466546 ] ] ] ] } },
{ "type": "Feature", "properties": { "GEOID": "41067031100", "average_size": 2.2629601803155523 }, "geometry": { "type": "MultiPolygon", "coordinates": [ [ [ [ -122.805788, 45.478795 ], [ -122.803993, 45.48708 ], [ -122.800321, 45.486526 ], [ -122.797997, 45.485367 ], [ -122.790281, 45.476642 ], [ -122.80031, 45.476528 ], [ -122.805479, 45.476473 ], [ -122.805788, 45.478795 ] ] ] ] } },
{ "type": "Feature", "properties": { "GEOID": "41067031201", "average_size": 2.244083840432725 }, "geometry": { "type": "MultiPolygon", "coordinates": [ [ [ [ -122.817075, 45.483007 ], [ -122.817021, 45.487056 ], [ -122.817028, 45.488614 ], [ -122.813634, 45.488261 ], [ -122.810806, 45.488261 ], [ -122.804193, 45.488435 ], [ -122.803993, 45.48708 ], [ -122.805788, 45.478795 ], [ -122.805479, 45.476473 ], [ -122.810712, 45.476481 ], [ -122.811935, 45.476487 ], [ -122.817172, 45.47648 ], [ -122.817075, 45.483007 ] ] ] ] } },
{ "type": "Feature", "properties": { "GEOID": "41067031202", "average_size": 2.170177383592018 }, "geometry": { "type": "MultiPolygon", "coordinates": [ [ [ [ -122.828844, 45.489648 ], [ -122.826111, 45.489394 ], [ -122.826111, 45.489557 ], [ -122.817028, 45.488614 ], [ -122.817021, 45.487056 ], [ -122.817075, 45.483007 ], [ -122.817172, 45.47648 ], [ -122.819089, 45.476472 ], [ -122.826094, 45.476447 ], [ -122.826109, 45.478529 ], [ -122.826112, 45.481831 ], [ -122.826112, 45.485842 ], [ -122.828768, 45.48553 ], [ -122.828844, 45.489648 ] ] ] ] } },
{ "type": "Feature", "properties": { "GEOID": "41067031301", "average_size": 2.0767946577629384 }, "geometry": { "type": "MultiPolygon", "coordinates": [ [ [ [ -122.792106, 45.490738 ], [ -122.791364, 45.49485 ], [ -122.790785, 45.497853 ], [ -122.790504, 45.498703 ], [ -122.787356, 45.498344 ], [ -122.786774, 45.497739 ], [ -122.779995, 45.494675 ], [ -122.779463, 45.493775 ], [ -122.779337, 45.493591 ], [ -122.779256, 45.493472 ], [ -122.774439, 45.494361 ], [ -122.77053, 45.496271 ], [ -122.770531, 45.496113 ], [ -122.771027, 45.486475 ], [ -122.778399, 45.486532 ], [ -122.792829, 45.486548 ], [ -122.792106, 45.490738 ] ] ] ] } },
{ "type": "Feature", "properties": { "GEOID": "41067031302", "average_size": 2.2076707202993453 }, "geometry": { "type": "MultiPolygon", "coordinates": [ [ [ [ -122.810676, 45.492845 ], [ -122.810133, 45.494185 ], [ -122.807341, 45.498935 ], [ -122.805852, 45.501421 ], [ -122.803338, 45.500565 ], [ -122.801365, 45.499928 ], [ -122.800884, 45.499884 ], [ -122.800378, 45.499947 ], [ -122.799005, 45.500285 ], [ -122.799006, 45.500205 ], [ -122.798243, 45.500388 ], [ -122.793339, 45.499236 ], [ -122.791457, 45.498907 ], [ -122.790504, 45.498703 ], [ -122.790785, 45.497853 ], [ -122.791364, 45.49485 ], [ -122.792106, 45.490738 ], [ -122.792829, 45.486548 ], [ -122.799643, 45.486645 ], [ -122.800321, 45.486526 ], [ -122.803993, 45.48708 ], [ -122.804193, 45.488435 ], [ -122.810806, 45.488261 ], [ -122.810676, 45.492845 ] ] ] ] } },
{ "type": "Feature", "properties": { "GEOID": "41067031402", "average_size": 2.1975019516003123 }, "geometry": { "type": "MultiPolygon", "coordinates": [ [ [ [ -122.837363, 45.502708 ], [ -122.837013, 45.505739 ], [ -122.836778, 45.506769 ], [ -122.836712, 45.507439 ], [ -122.835512, 45.508641 ], [ -122.830611, 45.514042 ], [ -122.83051, 45.514162 ], [ -122.824646, 45.51256 ], [ -122.823105, 45.511496 ], [ -122.822185, 45.510591 ], [ -122.823189, 45.50956 ], [ -122.82663, 45.503867 ], [ -122.825745, 45.503662 ], [ -122.813234, 45.500384 ], [ -122.807341, 45.498935 ], [ -122.810133, 45.494185 ], [ -122.810676, 45.492845 ], [ -122.810806, 45.488261 ], [ -122.813634, 45.488261 ], [ -122.817028, 45.488614 ], [ -122.826111, 45.489557 ], [ -122.826111, 45.489394 ], [ -122.828844, 45.489648 ], [ -122.830704, 45.48985 ], [ -122.838608, 45.490688 ], [ -122.837363, 45.502708 ] ] ] ] } },
{ "type": "Feature", "properties": { "GEOID": "41067031403", "average_size": 2.3959913326110511 }, "geometry": { "type": "MultiPolygon", "coordinates": [ [ [ [ -122.828733, 45.516109 ], [ -122.827354, 45.517625 ], [ -122.827297, 45.521433 ], [ -122.827294, 45.523233 ], [ -122.827291, 45.524772 ], [ -122.827361, 45.526522 ], [ -122.827383, 45.526594 ], [ -122.827457, 45.526826 ], [ -122.820838, 45.524355 ], [ -122.815711, 45.52239 ], [ -122.807544, 45.519295 ], [ -122.802765, 45.517415 ], [ -122.803291, 45.517205 ], [ -122.803948, 45.51612 ], [ -122.804111, 45.514567 ], [ -122.805912, 45.513461 ], [ -122.804468, 45.513322 ], [ -122.806201, 45.508729 ], [ -122.808991, 45.509206 ], [ -122.812334, 45.50911 ], [ -122.813647, 45.510355 ], [ -122.819752, 45.508291 ], [ -122.820323, 45.508814 ], [ -122.821971, 45.510387 ], [ -122.822185, 45.510591 ], [ -122.823105, 45.511496 ], [ -122.824646, 45.51256 ], [ -122.83051, 45.514162 ], [ -122.828733, 45.516109 ] ] ] ] } },
{ "type": "Feature", "properties": { "GEOID": "41067031404", "average_size": 2.4411400247831474 }, "geometry": { "type": "MultiPolygon", "coordinates": [ [ [ [ -122.82663, 45.503867 ], [ -122.823189, 45.50956 ], [ -122.822185, 45.510591 ], [ -122.821971, 45.510387 ], [ -122.820323, 45.508814 ], [ -122.819752, 45.508291 ], [ -122.813647, 45.510355 ], [ -122.812334, 45.50911 ], [ -122.808991, 45.509206 ], [ -122.806201, 45.508729 ], [ -122.804468, 45.513322 ], [ -122.805912, 45.513461 ], [ -122.804111, 45.514567 ], [ -122.803948, 45.51612 ], [ -122.803291, 45.517205 ], [ -122.802765, 45.517415 ], [ -122.793829, 45.51414 ], [ -122.795194, 45.512224 ], [ -122.796114, 45.507709 ], [ -122.796817, 45.506096 ], [ -122.797257, 45.505629 ], [ -122.79851, 45.504886 ], [ -122.80502, 45.502262 ], [ -122.805852, 45.501421 ], [ -122.807341, 45.498935 ], [ -122.813234, 45.500384 ], [ -122.825745, 45.503662 ], [ -122.82663, 45.503867 ] ] ] ] } },
{ "type": "Feature", "properties": { "GEOID": "41067031504", "average_size": 2.42274678111588 }, "geometry": { "type": "MultiPolygon", "coordinates": [ [ [ [ -122.900859, 45.556464 ], [ -122.898898, 45.559406 ], [ -122.898102, 45.560467 ], [ -122.894028, 45.566338 ], [ -122.883182, 45.560319 ], [ -122.878785, 45.559667 ], [ -122.875228, 45.559121 ], [ -122.867592, 45.557965 ], [ -122.867569, 45.553266 ], [ -122.867542, 45.545378 ], [ -122.867495, 45.543479 ], [ -122.867494, 45.543422 ], [ -122.867553, 45.541975 ], [ -122.88275, 45.547754 ], [ -122.884453, 45.548414 ], [ -122.900842, 45.5546 ], [ -122.900859, 45.556464 ] ] ] ] } },
{ "type": "Feature", "properties": { "GEOID": "41067031506", "average_size": 2.4069514844315711 }, "geometry": { "type": "MultiPolygon", "coordinates": [ [ [ [ -122.840809, 45.534558 ], [ -122.840095, 45.543233 ], [ -122.838734, 45.544343 ], [ -122.837692, 45.54375 ], [ -122.829902, 45.542626 ], [ -122.825349, 45.54262 ], [ -122.824497, 45.542768 ], [ -122.824468, 45.536402 ], [ -122.824364, 45.53115 ], [ -122.824322, 45.530567 ], [ -122.826895, 45.531079 ], [ -122.827443, 45.527068 ], [ -122.827457, 45.526826 ], [ -122.837897, 45.53084 ], [ -122.842271, 45.532442 ], [ -122.840809, 45.534558 ] ] ] ] } },
{ "type": "Feature", "properties": { "GEOID": "41067031507", "average_size": 2.6646734130634773 }, "geometry": { "type": "MultiPolygon", "coordinates": [ [ [ [ -122.827443, 45.527068 ], [ -122.826895, 45.531079 ], [ -122.824322, 45.530567 ], [ -122.824364, 45.53115 ], [ -122.824468, 45.536402 ], [ -122.824497, 45.542768 ], [ -122.821034, 45.544522 ], [ -122.816376, 45.544608 ], [ -122.815422, 45.54854 ], [ -122.81062, 45.548394 ], [ -122.810503, 45.544604 ], [ -122.810782, 45.539235 ], [ -122.811143, 45.538862 ], [ -122.811962, 45.537895 ], [ -122.81211, 45.536855 ], [ -122.810666, 45.534675 ], [ -122.807073, 45.532952 ], [ -122.806761, 45.53102 ], [ -122.806762, 45.529831 ], [ -122.806727, 45.528003 ], [ -122.806284, 45.525457 ], [ -122.806261, 45.525353 ], [ -122.805759, 45.52305 ], [ -122.80469, 45.521854 ], [ -122.80475, 45.52181 ], [ -122.805507, 45.52137 ], [ -122.805944, 45.520988 ], [ -122.806266, 45.52047 ], [ -122.806795, 45.520198 ], [ -122.807006, 45.520072 ], [ -122.807251, 45.519671 ], [ -122.807544, 45.519295 ], [ -122.815711, 45.52239 ], [ -122.820838, 45.524355 ], [ -122.827457, 45.526826 ], [ -122.827443, 45.527068 ] ] ] ] } },
{ "type": "Feature", "properties": { "GEOID": "41067031509", "average_size": 2.8844632768361582 }, "geometry": { "type": "MultiPolygon", "coordinates": [ [ [ [ -122.907788, 45.59402 ], [ -122.904897, 45.595537 ], [ -122.890835, 45.598402 ], [ -122.88821, 45.599269 ], [ -122.884443, 45.601293 ], [ -122.879506, 45.604309 ], [ -122.877785, 45.604937 ], [ -122.872183, 45.604636 ], [ -122.86989, 45.605186 ], [ -122.868303, 45.606223 ], [ -122.867495, 45.606226 ], [ -122.867592, 45.591878 ], [ -122.866745, 45.591881 ], [ -122.846849, 45.591836 ], [ -122.846905, 45.581018 ], [ -122.846978, 45.577516 ], [ -122.826342, 45.577521 ], [ -122.826222, 45.568063 ], [ -122.828987, 45.568039 ], [ -122.836024, 45.566465 ], [ -122.838166, 45.565774 ], [ -122.847066, 45.564364 ], [ -122.850481, 45.563375 ], [ -122.851995, 45.563019 ], [ -122.855835, 45.562976 ], [ -122.855844, 45.561798 ], [ -122.856941, 45.561792 ], [ -122.855237, 45.560509 ], [ -122.860567, 45.559757 ], [ -122.864177, 45.557472 ], [ -122.864849, 45.55763 ], [ -122.867592, 45.557965 ], [ -122.875228, 45.559121 ], [ -122.878785, 45.559667 ], [ -122.883182, 45.560319 ], [ -122.894028, 45.566338 ], [ -122.896148, 45.569717 ], [ -122.898883, 45.570886 ], [ -122.899812, 45.580203 ], [ -122.900991, 45.583346 ], [ -122.907321, 45.589953 ], [ -122.908422, 45.592853 ], [ -122.907788, 45.59402 ] ] ] ] } },
{ "type": "Feature", "properties": { "GEOID": "41067031511", "average_size": 2.810945273631841 }, "geometry": { "type": "MultiPolygon", "coordinates": [ [ [ [ -122.867592, 45.557965 ], [ -122.864849, 45.55763 ], [ -122.864177, 45.557472 ], [ -122.857391, 45.555051 ], [ -122.857342, 45.549576 ], [ -122.856048, 45.548893 ], [ -122.855636, 45.541381 ], [ -122.855379, 45.540946 ], [ -122.855369, 45.538163 ], [ -122.855779, 45.53789 ], [ -122.856065, 45.537673 ], [ -122.867218, 45.541858 ], [ -122.867553, 45.541975 ], [ -122.867494, 45.543422 ], [ -122.867495, 45.543479 ], [ -122.867542, 45.545378 ], [ -122.867569, 45.553266 ], [ -122.867592, 45.557965 ] ] ] ] } },
{ "type": "Feature", "properties": { "GEOID": "41067031514", "average_size": 2.3976527442181568 }, "geometry": { "type": "MultiPolygon", "coordinates": [ [ [ [ -122.860567, 45.559757 ], [ -122.855237, 45.560509 ], [ -122.856941, 45.561792 ], [ -122.855844, 45.561798 ], [ -122.855835, 45.562976 ], [ -122.851995, 45.563019 ], [ -122.850481, 45.563375 ], [ -122.847066, 45.564364 ], [ -122.838166, 45.565774 ], [ -122.836024, 45.566465 ], [ -122.834514, 45.561256 ], [ -122.834521, 45.559472 ], [ -122.836789, 45.55587 ], [ -122.836949, 45.54606 ], [ -122.838734, 45.544343 ], [ -122.839414, 45.54477 ], [ -122.840834, 45.545784 ], [ -122.842443, 45.547455 ], [ -122.847876, 45.551574 ], [ -122.850023, 45.552907 ], [ -122.852761, 45.553682 ], [ -122.857391, 45.555051 ], [ -122.864177, 45.557472 ], [ -122.860567, 45.559757 ] ] ] ] } },
{ "type": "Feature", "properties": { "GEOID": "41067031515", "average_size": 3.1825348696179501 }, "geometry": { "type": "MultiPolygon", "coordinates": [ [ [ [ -122.811962, 45.537895 ], [ -122.811143, 45.538862 ], [ -122.810782, 45.539235 ], [ -122.810503, 45.544604 ], [ -122.81062, 45.548394 ], [ -122.804265, 45.548927 ], [ -122.802492, 45.548123 ], [ -122.795111, 45.548433 ], [ -122.784771, 45.5484 ], [ -122.78477, 45.545158 ], [ -122.784769, 45.543979 ], [ -122.787506, 45.543374 ], [ -122.787773, 45.541777 ], [ -122.788919, 45.540402 ], [ -122.796654, 45.538598 ], [ -122.798995, 45.538545 ], [ -122.799545, 45.53854 ], [ -122.799597, 45.531042 ], [ -122.806761, 45.53102 ], [ -122.807073, 45.532952 ], [ -122.810666, 45.534675 ], [ -122.81211, 45.536855 ], [ -122.811962, 45.537895 ] ] ] ] } },
{ "type": "Feature", "properties": { "GEOID": "41067031516", "average_size": 2.8524930747922439 }, "geometry": { "type": "MultiPolygon", "coordinates": [ [ [ [ -122.806761, 45.53102 ], [ -122.799597, 45.531042 ], [ -122.799545, 45.53854 ], [ -122.798995, 45.538545 ], [ -122.796654, 45.538598 ], [ -122.788919, 45.540402 ], [ -122.787773, 45.541777 ], [ -122.787506, 45.543374 ], [ -122.784769, 45.543979 ], [ -122.784768, 45.54232 ], [ -122.784864, 45.533994 ], [ -122.784232, 45.533982 ], [ -122.785957, 45.531241 ], [ -122.789541, 45.530415 ], [ -122.792818, 45.528379 ], [ -122.792808, 45.527286 ], [ -122.79528, 45.527748 ], [ -122.795647, 45.527897 ], [ -122.795834, 45.527892 ], [ -122.796349, 45.527601 ], [ -122.797067, 45.527328 ], [ -122.797391, 45.527261 ], [ -122.798159, 45.527275 ], [ -122.799171, 45.526893 ], [ -122.800729, 45.525835 ], [ -122.802386, 45.523299 ], [ -122.804571, 45.521942 ], [ -122.80469, 45.521854 ], [ -122.805759, 45.52305 ], [ -122.806261, 45.525353 ], [ -122.806284, 45.525457 ], [ -122.806727, 45.528003 ], [ -122.806762, 45.529831 ], [ -122.806761, 45.53102 ] ] ] ] } },
{ "type": "Feature", "properties": { "GEOID": "41067031517", "average_size": 3.0063856960408684 }, "geometry": { "type": "MultiPolygon", "coordinates": [ [ [ [ -122.855779, 45.53789 ], [ -122.855369, 45.538163 ], [ -122.855379, 45.540946 ], [ -122.855636, 45.541381 ], [ -122.852312, 45.544003 ], [ -122.849715, 45.544951 ], [ -122.84451, 45.54472 ], [ -122.842638, 45.545436 ], [ -122.843585, 45.546584 ], [ -122.842443, 45.547455 ], [ -122.840834, 45.545784 ], [ -122.839414, 45.54477 ], [ -122.838734, 45.544343 ], [ -122.840095, 45.543233 ], [ -122.840809, 45.534558 ], [ -122.842271, 45.532442 ], [ -122.846055, 45.533895 ], [ -122.856065, 45.537673 ], [ -122.855779, 45.53789 ] ] ] ] } },
{ "type": "Feature", "properties": { "GEOID": "41067031518", "average_size": 3.0139982502187226 }, "geometry": { "type": "MultiPolygon", "coordinates": [ [ [ [ -122.857391, 45.555051 ], [ -122.852761, 45.553682 ], [ -122.850023, 45.552907 ], [ -122.847876, 45.551574 ], [ -122.842443, 45.547455 ], [ -122.843585, 45.546584 ], [ -122.842638, 45.545436 ], [ -122.84451, 45.54472 ], [ -122.849715, 45.544951 ], [ -122.852312, 45.544003 ], [ -122.855636, 45.541381 ], [ -122.856048, 45.548893 ], [ -122.857342, 45.549576 ], [ -122.857391, 45.555051 ] ] ] ] } },
{ "type": "Feature", "properties": { "GEOID": "41067031519", "average_size": 2.979735318444996 }, "geometry": { "type": "MultiPolygon", "coordinates": [ [ [ [ -122.838734, 45.544343 ], [ -122.836949, 45.54606 ], [ -122.836789, 45.55587 ], [ -122.829232, 45.555882 ], [ -122.826056, 45.555931 ], [ -122.819155, 45.556408 ], [ -122.81592, 45.555847 ], [ -122.808028, 45.555728 ], [ -122.806063, 45.554811 ], [ -122.805432, 45.555687 ], [ -122.804585, 45.556182 ], [ -122.803132, 45.555689 ], [ -122.796057, 45.555695 ], [ -122.795914, 45.552082 ], [ -122.792699, 45.54935 ], [ -122.795111, 45.548433 ], [ -122.802492, 45.548123 ], [ -122.804265, 45.548927 ], [ -122.81062, 45.548394 ], [ -122.815422, 45.54854 ], [ -122.816376, 45.544608 ], [ -122.821034, 45.544522 ], [ -122.824497, 45.542768 ], [ -122.825349, 45.54262 ], [ -122.829902, 45.542626 ], [ -122.837692, 45.54375 ], [ -122.838734, 45.544343 ] ] ] ] } },
{ "type": "Feature", "properties": { "GEOID": "41067031520", "average_size": 3.6896551724137931 }, "geometry": { "type": "MultiPolygon", "coordinates": [ [ [ [ -122.834521, 45.559472 ], [ -122.834514, 45.561256 ], [ -122.836024, 45.566465 ], [ -122.828987, 45.568039 ], [ -122.826222, 45.568063 ], [ -122.826005, 45.563041 ], [ -122.805481, 45.562911 ], [ -122.805432, 45.555687 ], [ -122.806063, 45.554811 ], [ -122.808028, 45.555728 ], [ -122.81592, 45.555847 ], [ -122.819155, 45.556408 ], [ -122.826056, 45.555931 ], [ -122.829232, 45.555882 ], [ -122.836789, 45.55587 ], [ -122.834521, 45.559472 ] ] ] ] } },
{ "type": "Feature", "properties": { "GEOID": "41067031606", "average_size": 2.6360493827160494 }, "geometry": { "type": "MultiPolygon", "coordinates": [ [ [ [ -122.88093, 45.500487 ], [ -122.88061, 45.507834 ], [ -122.879478, 45.50817 ], [ -122.879499, 45.510039 ], [ -122.879591, 45.515186 ], [ -122.878387, 45.515533 ], [ -122.877122, 45.515921 ], [ -122.872828, 45.516202 ], [ -122.870047, 45.516271 ], [ -122.869193, 45.516108 ], [ -122.867497, 45.515521 ], [ -122.867476, 45.513755 ], [ -122.867489, 45.512892 ], [ -122.867491, 45.512835 ], [ -122.867487, 45.512702 ], [ -122.867483, 45.512543 ], [ -122.867382, 45.507399 ], [ -122.867397, 45.500904 ], [ -122.867284, 45.500232 ], [ -122.867165, 45.499433 ], [ -122.867177, 45.493628 ], [ -122.877805, 45.494777 ], [ -122.878294, 45.494827 ], [ -122.881149, 45.49516 ], [ -122.88093, 45.500487 ] ] ] ] } },
{ "type": "Feature", "properties": { "GEOID": "41067031612", "average_size": 2.6203703703703702 }, "geometry": { "type": "MultiPolygon", "coordinates": [ [ [ [ -122.867497, 45.515521 ], [ -122.867293, 45.515475 ], [ -122.856923, 45.512549 ], [ -122.854798, 45.512523 ], [ -122.851988, 45.512506 ], [ -122.851979, 45.510261 ], [ -122.851979, 45.509973 ], [ -122.851938, 45.503583 ], [ -122.852067, 45.503583 ], [ -122.85712, 45.503565 ], [ -122.857711, 45.505316 ], [ -122.860671, 45.505728 ], [ -122.860691, 45.507204 ], [ -122.867382, 45.507399 ], [ -122.867483, 45.512543 ], [ -122.867487, 45.512702 ], [ -122.867491, 45.512835 ], [ -122.867489, 45.512892 ], [ -122.867476, 45.513755 ], [ -122.867497, 45.515521 ] ] ] ] } },
{ "type": "Feature", "properties": { "GEOID": "41067031614", "average_size": 3.2401635155850794 }, "geometry": { "type": "MultiPolygon", "coordinates": [ [ [ [ -122.902017, 45.512287 ], [ -122.901788, 45.514129 ], [ -122.90104, 45.515269 ], [ -122.897631, 45.515214 ], [ -122.896054, 45.515202 ], [ -122.893975, 45.515195 ], [ -122.888008, 45.515159 ], [ -122.880852, 45.515122 ], [ -122.879591, 45.515186 ], [ -122.879499, 45.510039 ], [ -122.879478, 45.50817 ], [ -122.88061, 45.507834 ], [ -122.884346, 45.507879 ], [ -122.889009, 45.507905 ], [ -122.892525, 45.507621 ], [ -122.894148, 45.507578 ], [ -122.90079, 45.507195 ], [ -122.901783, 45.507262 ], [ -122.901787, 45.508666 ], [ -122.902054, 45.508675 ], [ -122.902017, 45.512287 ] ] ] ] } },
{ "type": "Feature", "properties": { "GEOID": "41067031615", "average_size": 2.4918128654970761 }, "geometry": { "type": "MultiPolygon", "coordinates": [ [ [ [ -122.902216, 45.497479 ], [ -122.902133, 45.499771 ], [ -122.902134, 45.499848 ], [ -122.902123, 45.500301 ], [ -122.902132, 45.500638 ], [ -122.902106, 45.502971 ], [ -122.902107, 45.504075 ], [ -122.902028, 45.506238 ], [ -122.90205, 45.507261 ], [ -122.901783, 45.507262 ], [ -122.90079, 45.507195 ], [ -122.894148, 45.507578 ], [ -122.892525, 45.507621 ], [ -122.889009, 45.507905 ], [ -122.884346, 45.507879 ], [ -122.88061, 45.507834 ], [ -122.88093, 45.500487 ], [ -122.881149, 45.49516 ], [ -122.89168, 45.49623 ], [ -122.901569, 45.497191 ], [ -122.902211, 45.497268 ], [ -122.902216, 45.497479 ] ] ] ] } },
{ "type": "Feature", "properties": { "GEOID": "41067031616", "average_size": 2.0221402214022142 }, "geometry": { "type": "MultiPolygon", "coordinates": [ [ [ [ -122.879646, 45.533145 ], [ -122.878263, 45.533974 ], [ -122.877735, 45.534661 ], [ -122.876439, 45.536712 ], [ -122.876065, 45.539234 ], [ -122.874277, 45.540649 ], [ -122.872671, 45.538781 ], [ -122.870083, 45.538135 ], [ -122.867496, 45.538148 ], [ -122.867476, 45.534205 ], [ -122.867463, 45.532293 ], [ -122.867462, 45.531322 ], [ -122.867479, 45.527683 ], [ -122.878517, 45.532029 ], [ -122.879646, 45.533145 ] ] ] ] } },
{ "type": "Feature", "properties": { "GEOID": "41067031617", "average_size": 2.3303894018466478 }, "geometry": { "type": "MultiPolygon", "coordinates": [ [ [ [ -122.900842, 45.5546 ], [ -122.884453, 45.548414 ], [ -122.88275, 45.547754 ], [ -122.867553, 45.541975 ], [ -122.867529, 45.539462 ], [ -122.867496, 45.538148 ], [ -122.870083, 45.538135 ], [ -122.872671, 45.538781 ], [ -122.874277, 45.540649 ], [ -122.876065, 45.539234 ], [ -122.876439, 45.536712 ], [ -122.877735, 45.534661 ], [ -122.880857, 45.535854 ], [ -122.886027, 45.537746 ], [ -122.887571, 45.53809 ], [ -122.890076, 45.538649 ], [ -122.895391, 45.539783 ], [ -122.900207, 45.539591 ], [ -122.899953, 45.546361 ], [ -122.899926, 45.549681 ], [ -122.900842, 45.5546 ] ] ] ] } },
{ "type": "Feature", "properties": { "GEOID": "41067031618", "average_size": 2.5391969407265775 }, "geometry": { "type": "MultiPolygon", "coordinates": [ [ [ [ -122.899766, 45.517156 ], [ -122.899645, 45.518683 ], [ -122.899659, 45.518791 ], [ -122.89968, 45.519368 ], [ -122.900029, 45.525862 ], [ -122.899792, 45.526779 ], [ -122.895544, 45.525427 ], [ -122.887564, 45.522868 ], [ -122.872771, 45.51816 ], [ -122.867466, 45.516385 ], [ -122.867497, 45.515521 ], [ -122.869193, 45.516108 ], [ -122.870047, 45.516271 ], [ -122.872828, 45.516202 ], [ -122.877122, 45.515921 ], [ -122.878387, 45.515533 ], [ -122.879591, 45.515186 ], [ -122.880852, 45.515122 ], [ -122.888008, 45.515159 ], [ -122.893975, 45.515195 ], [ -122.896054, 45.515202 ], [ -122.897631, 45.515214 ], [ -122.90104, 45.515269 ], [ -122.899766, 45.517156 ] ] ] ] } },
{ "type": "Feature", "properties": { "GEOID": "41067031619", "average_size": 2.6320814767663907 }, "geometry": { "type": "MultiPolygon", "coordinates": [ [ [ [ -122.867466, 45.516385 ], [ -122.867479, 45.527683 ], [ -122.867279, 45.527598 ], [ -122.867093, 45.527518 ], [ -122.862732, 45.525429 ], [ -122.85786, 45.523813 ], [ -122.856587, 45.523426 ], [ -122.854746, 45.522614 ], [ -122.853966, 45.52065 ], [ -122.854798, 45.512523 ], [ -122.856923, 45.512549 ], [ -122.867293, 45.515475 ], [ -122.867497, 45.515521 ], [ -122.867466, 45.516385 ] ] ] ] } },
{ "type": "Feature", "properties": { "GEOID": "41067031620", "average_size": 2.1159684274438373 }, "geometry": { "type": "MultiPolygon", "coordinates": [ [ [ [ -122.867553, 45.541975 ], [ -122.867218, 45.541858 ], [ -122.856065, 45.537673 ], [ -122.858657, 45.53547 ], [ -122.856951, 45.535384 ], [ -122.854644, 45.534661 ], [ -122.854675, 45.531387 ], [ -122.854746, 45.522614 ], [ -122.856587, 45.523426 ], [ -122.85786, 45.523813 ], [ -122.862732, 45.525429 ], [ -122.867093, 45.527518 ], [ -122.867279, 45.527598 ], [ -122.867479, 45.527683 ], [ -122.867462, 45.531322 ], [ -122.867463, 45.532293 ], [ -122.867476, 45.534205 ], [ -122.867496, 45.538148 ], [ -122.867529, 45.539462 ], [ -122.867553, 45.541975 ] ] ] ] } },
{ "type": "Feature", "properties": { "GEOID": "41067031621", "average_size": 2.1886099203919169 }, "geometry": { "type": "MultiPolygon", "coordinates": [ [ [ [ -122.858657, 45.53547 ], [ -122.856065, 45.537673 ], [ -122.846055, 45.533895 ], [ -122.842271, 45.532442 ], [ -122.837897, 45.53084 ], [ -122.827457, 45.526826 ], [ -122.827383, 45.526594 ], [ -122.827361, 45.526522 ], [ -122.827291, 45.524772 ], [ -122.827294, 45.523233 ], [ -122.827297, 45.521433 ], [ -122.827354, 45.517625 ], [ -122.828733, 45.516109 ], [ -122.83051, 45.514162 ], [ -122.839623, 45.516744 ], [ -122.849364, 45.520074 ], [ -122.850021, 45.520404 ], [ -122.854746, 45.522614 ], [ -122.854675, 45.531387 ], [ -122.854644, 45.534661 ], [ -122.856951, 45.535384 ], [ -122.858657, 45.53547 ] ] ] ] } },
{ "type": "Feature", "properties": { "GEOID": "41067031622", "average_size": 2.6416408668730651 }, "geometry": { "type": "MultiPolygon", "coordinates": [ [ [ [ -122.853966, 45.52065 ], [ -122.854746, 45.522614 ], [ -122.850021, 45.520404 ], [ -122.849364, 45.520074 ], [ -122.839623, 45.516744 ], [ -122.839435, 45.512559 ], [ -122.846897, 45.512501 ], [ -122.847515, 45.512386 ], [ -122.848322, 45.512502 ], [ -122.848264, 45.512072 ], [ -122.851988, 45.512506 ], [ -122.854798, 45.512523 ], [ -122.853966, 45.52065 ] ] ] ] } },
{ "type": "Feature", "properties": { "GEOID": "41067031623", "average_size": 2.3265421618562536 }, "geometry": { "type": "MultiPolygon", "coordinates": [ [ [ [ -122.852067, 45.499559 ], [ -122.851938, 45.503583 ], [ -122.851979, 45.509973 ], [ -122.851979, 45.510261 ], [ -122.851988, 45.512506 ], [ -122.848264, 45.512072 ], [ -122.848322, 45.512502 ], [ -122.847515, 45.512386 ], [ -122.846897, 45.512501 ], [ -122.839435, 45.512559 ], [ -122.839623, 45.516744 ], [ -122.83051, 45.514162 ], [ -122.830611, 45.514042 ], [ -122.835512, 45.508641 ], [ -122.836712, 45.507439 ], [ -122.836778, 45.506769 ], [ -122.837013, 45.505739 ], [ -122.837363, 45.502708 ], [ -122.838608, 45.490688 ], [ -122.841917, 45.491021 ], [ -122.851967, 45.492095 ], [ -122.851964, 45.492285 ], [ -122.85252, 45.494907 ], [ -122.852067, 45.499559 ] ] ] ] } },
{ "type": "Feature", "properties": { "GEOID": "41067031624", "average_size": 2.5951807228915662 }, "geometry": { "type": "MultiPolygon", "coordinates": [ [ [ [ -122.867382, 45.507399 ], [ -122.860691, 45.507204 ], [ -122.860671, 45.505728 ], [ -122.857711, 45.505316 ], [ -122.85712, 45.503565 ], [ -122.852067, 45.503583 ], [ -122.851938, 45.503583 ], [ -122.852067, 45.499559 ], [ -122.85252, 45.494907 ], [ -122.851964, 45.492285 ], [ -122.851967, 45.492095 ], [ -122.854637, 45.492363 ], [ -122.860493, 45.492964 ], [ -122.867177, 45.493628 ], [ -122.867165, 45.499433 ], [ -122.867284, 45.500232 ], [ -122.867397, 45.500904 ], [ -122.867382, 45.507399 ] ] ] ] } },
{ "type": "Feature", "properties": { "GEOID": "41067031625", "average_size": 2.1019058732010891 }, "geometry": { "type": "MultiPolygon", "coordinates": [ [ [ [ -122.900207, 45.539591 ], [ -122.895391, 45.539783 ], [ -122.890076, 45.538649 ], [ -122.887571, 45.53809 ], [ -122.888855, 45.535172 ], [ -122.88906, 45.527031 ], [ -122.887095, 45.524386 ], [ -122.887564, 45.522868 ], [ -122.895544, 45.525427 ], [ -122.899792, 45.526779 ], [ -122.899679, 45.534776 ], [ -122.900207, 45.539591 ] ] ] ] } },
{ "type": "Feature", "properties": { "GEOID": "41067031626", "average_size": 2.1250701065619744 }, "geometry": { "type": "MultiPolygon", "coordinates": [ [ [ [ -122.888855, 45.535172 ], [ -122.887571, 45.53809 ], [ -122.886027, 45.537746 ], [ -122.880857, 45.535854 ], [ -122.877735, 45.534661 ], [ -122.878263, 45.533974 ], [ -122.879646, 45.533145 ], [ -122.878517, 45.532029 ], [ -122.867479, 45.527683 ], [ -122.867466, 45.516385 ], [ -122.872771, 45.51816 ], [ -122.887564, 45.522868 ], [ -122.887095, 45.524386 ], [ -122.88906, 45.527031 ], [ -122.888855, 45.535172 ] ] ] ] } },
{ "type": "Feature", "properties": { "GEOID": "41067031703", "average_size": 2.9719873150105709 }, "geometry": { "type": "MultiPolygon", "coordinates": [ [ [ [ -122.892991, 45.484479 ], [ -122.892641, 45.486036 ], [ -122.891976, 45.489478 ], [ -122.89168, 45.49623 ], [ -122.881149, 45.49516 ], [ -122.878294, 45.494827 ], [ -122.877805, 45.494777 ], [ -122.867177, 45.493628 ], [ -122.86719, 45.48549 ], [ -122.867352, 45.481437 ], [ -122.871407, 45.483087 ], [ -122.878373, 45.48445 ], [ -122.879991, 45.48446 ], [ -122.881505, 45.484268 ], [ -122.883767, 45.483902 ], [ -122.892882, 45.484464 ], [ -122.892991, 45.484479 ] ] ] ] } },
{ "type": "Feature", "properties": { "GEOID": "41067031705", "average_size": 2.7084601339013998 }, "geometry": { "type": "MultiPolygon", "coordinates": [ [ [ [ -122.867477, 45.478691 ], [ -122.867352, 45.481437 ], [ -122.86719, 45.48549 ], [ -122.867177, 45.493628 ], [ -122.860493, 45.492964 ], [ -122.854637, 45.492363 ], [ -122.854674, 45.48096 ], [ -122.855505, 45.480719 ], [ -122.860925, 45.478215 ], [ -122.867518, 45.475301 ], [ -122.867477, 45.478691 ] ] ] ] } },
{ "type": "Feature", "properties": { "GEOID": "41067031706", "average_size": 2.6241610738255035 }, "geometry": { "type": "MultiPolygon", "coordinates": [ [ [ [ -122.854637, 45.492363 ], [ -122.851967, 45.492095 ], [ -122.841917, 45.491021 ], [ -122.838608, 45.490688 ], [ -122.830704, 45.48985 ], [ -122.828844, 45.489648 ], [ -122.828768, 45.48553 ], [ -122.829957, 45.485382 ], [ -122.837142, 45.484435 ], [ -122.841941, 45.48392 ], [ -122.846209, 45.48341 ], [ -122.846685, 45.483311 ], [ -122.851482, 45.481846 ], [ -122.854674, 45.48096 ], [ -122.854637, 45.492363 ] ] ] ] } },
{ "type": "Feature", "properties": { "GEOID": "41067031707", "average_size": 2.7454900048756703 }, "geometry": { "type": "MultiPolygon", "coordinates": [ [ [ [ -122.894561, 45.476336 ], [ -122.894524, 45.476554 ], [ -122.894326, 45.477701 ], [ -122.892991, 45.484479 ], [ -122.892882, 45.484464 ], [ -122.883767, 45.483902 ], [ -122.881505, 45.484268 ], [ -122.881674, 45.478985 ], [ -122.881675, 45.478935 ], [ -122.88168, 45.478577 ], [ -122.881741, 45.476343 ], [ -122.881744, 45.476176 ], [ -122.881718, 45.472415 ], [ -122.881716, 45.472061 ], [ -122.881615, 45.47011 ], [ -122.884481, 45.469403 ], [ -122.884825, 45.469272 ], [ -122.890889, 45.467565 ], [ -122.892548, 45.466444 ], [ -122.893242, 45.467278 ], [ -122.894261, 45.470203 ], [ -122.895082, 45.472708 ], [ -122.894561, 45.476336 ] ] ] ] } },
{ "type": "Feature", "properties": { "GEOID": "41067031708", "average_size": 2.7355996222851746 }, "geometry": { "type": "MultiPolygon", "coordinates": [ [ [ [ -122.881741, 45.476343 ], [ -122.88168, 45.478577 ], [ -122.881675, 45.478935 ], [ -122.881674, 45.478985 ], [ -122.881505, 45.484268 ], [ -122.879991, 45.48446 ], [ -122.878373, 45.48445 ], [ -122.871407, 45.483087 ], [ -122.867352, 45.481437 ], [ -122.867477, 45.478691 ], [ -122.867518, 45.475301 ], [ -122.871468, 45.472943 ], [ -122.873277, 45.472149 ], [ -122.874251, 45.471845 ], [ -122.881615, 45.47011 ], [ -122.881716, 45.472061 ], [ -122.881718, 45.472415 ], [ -122.881744, 45.476176 ], [ -122.881741, 45.476343 ] ] ] ] } },
{ "type": "Feature", "properties": { "GEOID": "41067031804", "average_size": 2.83809166040571 }, "geometry": { "type": "MultiPolygon", "coordinates": [ [ [ [ -122.892548, 45.466444 ], [ -122.890889, 45.467565 ], [ -122.884825, 45.469272 ], [ -122.884481, 45.469403 ], [ -122.881615, 45.47011 ], [ -122.874251, 45.471845 ], [ -122.873277, 45.472149 ], [ -122.871468, 45.472943 ], [ -122.867518, 45.475301 ], [ -122.867471, 45.467227 ], [ -122.866449, 45.46482 ], [ -122.867507, 45.462014 ], [ -122.867722, 45.458858 ], [ -122.87034, 45.45841 ], [ -122.872684, 45.458404 ], [ -122.872717, 45.452997 ], [ -122.860056, 45.453026 ], [ -122.859405, 45.452866 ], [ -122.856803, 45.451244 ], [ -122.856791, 45.440148 ], [ -122.853838, 45.438435 ], [ -122.856794, 45.436734 ], [ -122.85682, 45.434588 ], [ -122.8568, 45.433234 ], [ -122.856803, 45.431077 ], [ -122.853466, 45.426371 ], [ -122.856156, 45.425913 ], [ -122.856876, 45.425859 ], [ -122.858719, 45.425847 ], [ -122.867453, 45.425754 ], [ -122.871667, 45.424692 ], [ -122.87773, 45.430907 ], [ -122.880057, 45.432365 ], [ -122.886123, 45.432438 ], [ -122.885956, 45.440297 ], [ -122.884873, 45.443453 ], [ -122.884906, 45.447407 ], [ -122.888096, 45.447613 ], [ -122.888098, 45.459215 ], [ -122.888416, 45.461952 ], [ -122.891319, 45.462246 ], [ -122.892548, 45.466444 ] ] ] ] } },
{ "type": "Feature", "properties": { "GEOID": "41067031806", "average_size": 2.6013824884792625 }, "geometry": { "type": "MultiPolygon", "coordinates": [ [ [ [ -122.851859, 45.476374 ], [ -122.851482, 45.481846 ], [ -122.846685, 45.483311 ], [ -122.846209, 45.48341 ], [ -122.841941, 45.48392 ], [ -122.837142, 45.484435 ], [ -122.829957, 45.485382 ], [ -122.829931, 45.484541 ], [ -122.829946, 45.482308 ], [ -122.829904, 45.481085 ], [ -122.831095, 45.481084 ], [ -122.832208, 45.481082 ], [ -122.832322, 45.481084 ], [ -122.839999, 45.48105 ], [ -122.839616, 45.479259 ], [ -122.839431, 45.479048 ], [ -122.839438, 45.477048 ], [ -122.8358, 45.477071 ], [ -122.832778, 45.477839 ], [ -122.834469, 45.475059 ], [ -122.837424, 45.475079 ], [ -122.837429, 45.473813 ], [ -122.836306, 45.469212 ], [ -122.836273, 45.465646 ], [ -122.840739, 45.465659 ], [ -122.851745, 45.46568 ], [ -122.851746, 45.465721 ], [ -122.851784, 45.466929 ], [ -122.851807, 45.468719 ], [ -122.851855, 45.46995 ], [ -122.851808, 45.471097 ], [ -122.851828, 45.472688 ], [ -122.851822, 45.474108 ], [ -122.851813, 45.474765 ], [ -122.851816, 45.475723 ], [ -122.851859, 45.476374 ] ] ] ] } },
{ "type": "Feature", "properties": { "GEOID": "41067031807", "average_size": 2.1123809523809522 }, "geometry": { "type": "MultiPolygon", "coordinates": [ [ [ [ -122.839999, 45.48105 ], [ -122.832322, 45.481084 ], [ -122.832208, 45.481082 ], [ -122.831095, 45.481084 ], [ -122.829904, 45.481085 ], [ -122.829946, 45.482308 ], [ -122.829931, 45.484541 ], [ -122.829957, 45.485382 ], [ -122.828768, 45.48553 ], [ -122.826112, 45.485842 ], [ -122.826112, 45.481831 ], [ -122.826109, 45.478529 ], [ -122.826094, 45.476447 ], [ -122.826125, 45.472115 ], [ -122.826087, 45.465658 ], [ -122.834382, 45.465646 ], [ -122.836273, 45.465646 ], [ -122.836306, 45.469212 ], [ -122.837429, 45.473813 ], [ -122.837424, 45.475079 ], [ -122.834469, 45.475059 ], [ -122.832778, 45.477839 ], [ -122.8358, 45.477071 ], [ -122.839438, 45.477048 ], [ -122.839431, 45.479048 ], [ -122.839616, 45.479259 ], [ -122.839999, 45.48105 ] ] ] ] } },
{ "type": "Feature", "properties": { "GEOID": "41067031813", "average_size": 2.5344757241942064 }, "geometry": { "type": "MultiPolygon", "coordinates": [ [ [ [ -122.85682, 45.434588 ], [ -122.856794, 45.436734 ], [ -122.853838, 45.438435 ], [ -122.856791, 45.440148 ], [ -122.856803, 45.451244 ], [ -122.851648, 45.451239 ], [ -122.851656, 45.450355 ], [ -122.85166, 45.449198 ], [ -122.851671, 45.447673 ], [ -122.846737, 45.447634 ], [ -122.836282, 45.447621 ], [ -122.825988, 45.447608 ], [ -122.825971, 45.43825 ], [ -122.830435, 45.435859 ], [ -122.831488, 45.435305 ], [ -122.833831, 45.434188 ], [ -122.836315, 45.433623 ], [ -122.837138, 45.433432 ], [ -122.839817, 45.432043 ], [ -122.846198, 45.427713 ], [ -122.848384, 45.426901 ], [ -122.849219, 45.426791 ], [ -122.85134, 45.426733 ], [ -122.853466, 45.426371 ], [ -122.856803, 45.431077 ], [ -122.8568, 45.433234 ], [ -122.85682, 45.434588 ] ] ] ] } },
{ "type": "Feature", "properties": { "GEOID": "41067031814", "average_size": 2.9451566951566952 }, "geometry": { "type": "MultiPolygon", "coordinates": [ [ [ [ -122.856932, 45.462035 ], [ -122.851754, 45.462014 ], [ -122.85173, 45.464004 ], [ -122.851745, 45.46568 ], [ -122.840739, 45.465659 ], [ -122.836273, 45.465646 ], [ -122.836272, 45.458395 ], [ -122.84103, 45.458401 ], [ -122.841464, 45.457904 ], [ -122.843076, 45.456905 ], [ -122.843854, 45.455735 ], [ -122.843997, 45.454758 ], [ -122.84378, 45.453049 ], [ -122.847955, 45.452756 ], [ -122.849547, 45.451206 ], [ -122.850364, 45.451251 ], [ -122.851648, 45.451239 ], [ -122.856803, 45.451244 ], [ -122.856932, 45.462035 ] ] ] ] } },
{ "type": "Feature", "properties": { "GEOID": "41067031816", "average_size": 2.8296744890234669 }, "geometry": { "type": "MultiPolygon", "coordinates": [ [ [ [ -122.867518, 45.475301 ], [ -122.860925, 45.478215 ], [ -122.855505, 45.480719 ], [ -122.854674, 45.48096 ], [ -122.851482, 45.481846 ], [ -122.851859, 45.476374 ], [ -122.851816, 45.475723 ], [ -122.851813, 45.474765 ], [ -122.851822, 45.474108 ], [ -122.851828, 45.472688 ], [ -122.851808, 45.471097 ], [ -122.851855, 45.46995 ], [ -122.851807, 45.468719 ], [ -122.851784, 45.466929 ], [ -122.861058, 45.467008 ], [ -122.867471, 45.467227 ], [ -122.867518, 45.475301 ] ] ] ] } },
{ "type": "Feature", "properties": { "GEOID": "41067031817", "average_size": 3.0436681222707422 }, "geometry": { "type": "MultiPolygon", "coordinates": [ [ [ [ -122.872684, 45.458404 ], [ -122.87034, 45.45841 ], [ -122.867722, 45.458858 ], [ -122.867507, 45.462014 ], [ -122.866449, 45.46482 ], [ -122.867471, 45.467227 ], [ -122.861058, 45.467008 ], [ -122.851784, 45.466929 ], [ -122.851746, 45.465721 ], [ -122.851745, 45.46568 ], [ -122.85173, 45.464004 ], [ -122.851754, 45.462014 ], [ -122.856932, 45.462035 ], [ -122.856803, 45.451244 ], [ -122.859405, 45.452866 ], [ -122.860056, 45.453026 ], [ -122.872717, 45.452997 ], [ -122.872684, 45.458404 ] ] ] ] } },
{ "type": "Feature", "properties": { "GEOID": "41067031818", "average_size": 1.797829811536265 }, "geometry": { "type": "MultiPolygon", "coordinates": [ [ [ [ -122.831488, 45.435305 ], [ -122.830435, 45.435859 ], [ -122.825971, 45.43825 ], [ -122.820829, 45.439908 ], [ -122.816966, 45.441103 ], [ -122.818114, 45.439297 ], [ -122.823855, 45.433018 ], [ -122.825609, 45.431056 ], [ -122.825795, 45.430941 ], [ -122.826001, 45.430716 ], [ -122.827263, 45.429323 ], [ -122.831772, 45.432672 ], [ -122.831488, 45.435305 ] ] ] ] } },
{ "type": "Feature", "properties": { "GEOID": "41067031819", "average_size": 2.2166344294003868 }, "geometry": { "type": "MultiPolygon", "coordinates": [ [ [ [ -122.846198, 45.427713 ], [ -122.839817, 45.432043 ], [ -122.837138, 45.433432 ], [ -122.836315, 45.433623 ], [ -122.833831, 45.434188 ], [ -122.831488, 45.435305 ], [ -122.831772, 45.432672 ], [ -122.827263, 45.429323 ], [ -122.828337, 45.428549 ], [ -122.836326, 45.426528 ], [ -122.841026, 45.426819 ], [ -122.844229, 45.426798 ], [ -122.844771, 45.426877 ], [ -122.846198, 45.427713 ] ] ] ] } },
{ "type": "Feature", "properties": { "GEOID": "41067031820", "average_size": 2.3771428571428572 }, "geometry": { "type": "MultiPolygon", "coordinates": [ [ [ [ -122.85166, 45.449198 ], [ -122.851656, 45.450355 ], [ -122.851648, 45.451239 ], [ -122.850364, 45.451251 ], [ -122.849547, 45.451206 ], [ -122.847955, 45.452756 ], [ -122.84378, 45.453049 ], [ -122.84317, 45.453035 ], [ -122.841949, 45.453008 ], [ -122.836283, 45.452994 ], [ -122.826033, 45.453029 ], [ -122.825982, 45.448541 ], [ -122.825988, 45.447608 ], [ -122.836282, 45.447621 ], [ -122.846737, 45.447634 ], [ -122.851671, 45.447673 ], [ -122.85166, 45.449198 ] ] ] ] } },
{ "type": "Feature", "properties": { "GEOID": "41067031821", "average_size": 2.6726153846153848 }, "geometry": { "type": "MultiPolygon", "coordinates": [ [ [ [ -122.843854, 45.455735 ], [ -122.843076, 45.456905 ], [ -122.841464, 45.457904 ], [ -122.84103, 45.458401 ], [ -122.836272, 45.458395 ], [ -122.836273, 45.465646 ], [ -122.834382, 45.465646 ], [ -122.826087, 45.465658 ], [ -122.826036, 45.460169 ], [ -122.826033, 45.453029 ], [ -122.836283, 45.452994 ], [ -122.841949, 45.453008 ], [ -122.84317, 45.453035 ], [ -122.84378, 45.453049 ], [ -122.843997, 45.454758 ], [ -122.843854, 45.455735 ] ] ] ] } },
{ "type": "Feature", "properties": { "GEOID": "41067031904", "average_size": 2.739247311827957 }, "geometry": { "type": "MultiPolygon", "coordinates": [ [ [ [ -122.802252, 45.420538 ], [ -122.79975, 45.423728 ], [ -122.800035, 45.429628 ], [ -122.793304, 45.430608 ], [ -122.786766, 45.43072 ], [ -122.786777, 45.43025 ], [ -122.78636, 45.429951 ], [ -122.78373, 45.429313 ], [ -122.778311, 45.426919 ], [ -122.781115, 45.424993 ], [ -122.787243, 45.41868 ], [ -122.788052, 45.417861 ], [ -122.78927, 45.418399 ], [ -122.795313, 45.418652 ], [ -122.802363, 45.418645 ], [ -122.802252, 45.420538 ] ] ] ] } },
{ "type": "Feature", "properties": { "GEOID": "41067031909", "average_size": 2.8883883883883885 }, "geometry": { "type": "MultiPolygon", "coordinates": [ [ [ [ -122.853466, 45.426371 ], [ -122.85134, 45.426733 ], [ -122.849219, 45.426791 ], [ -122.848384, 45.426901 ], [ -122.846198, 45.427713 ], [ -122.844771, 45.426877 ], [ -122.844229, 45.426798 ], [ -122.841026, 45.426819 ], [ -122.836326, 45.426528 ], [ -122.828337, 45.428549 ], [ -122.827263, 45.429323 ], [ -122.826001, 45.430716 ], [ -122.826028, 45.428819 ], [ -122.826067, 45.425505 ], [ -122.825797, 45.422559 ], [ -122.825991, 45.420024 ], [ -122.825919, 45.418531 ], [ -122.820937, 45.418587 ], [ -122.821009, 45.415454 ], [ -122.822235, 45.415387 ], [ -122.82594, 45.415638 ], [ -122.828782, 45.415443 ], [ -122.831326, 45.415431 ], [ -122.834332, 45.415929 ], [ -122.836364, 45.416211 ], [ -122.837553, 45.414863 ], [ -122.846674, 45.414871 ], [ -122.85168, 45.414864 ], [ -122.851699, 45.417808 ], [ -122.851847, 45.421032 ], [ -122.853146, 45.423341 ], [ -122.853466, 45.426371 ] ] ] ] } },
{ "type": "Feature", "properties": { "GEOID": "41067031911", "average_size": 2.6068208545668363 }, "geometry": { "type": "MultiPolygon", "coordinates": [ [ [ [ -122.816302, 45.431411 ], [ -122.815815, 45.431847 ], [ -122.815701, 45.436273 ], [ -122.81575, 45.44004 ], [ -122.815651, 45.441527 ], [ -122.810537, 45.442875 ], [ -122.805352, 45.443693 ], [ -122.801005, 45.444058 ], [ -122.800258, 45.444213 ], [ -122.800267, 45.438663 ], [ -122.800276, 45.435542 ], [ -122.800109, 45.43434 ], [ -122.799601, 45.432356 ], [ -122.800035, 45.429628 ], [ -122.805714, 45.427756 ], [ -122.810275, 45.427727 ], [ -122.812296, 45.427771 ], [ -122.814352, 45.428203 ], [ -122.81543, 45.429025 ], [ -122.815886, 45.431044 ], [ -122.816302, 45.431411 ] ] ] ] } },
{ "type": "Feature", "properties": { "GEOID": "41067031912", "average_size": 2.5218432076600839 }, "geometry": { "type": "MultiPolygon", "coordinates": [ [ [ [ -122.800267, 45.438663 ], [ -122.800258, 45.444213 ], [ -122.793343, 45.445865 ], [ -122.787969, 45.448074 ], [ -122.78661, 45.449157 ], [ -122.784101, 45.444183 ], [ -122.781562, 45.43899 ], [ -122.781229, 45.437944 ], [ -122.779267, 45.434798 ], [ -122.777158, 45.433368 ], [ -122.771662, 45.43133 ], [ -122.772632, 45.430755 ], [ -122.778311, 45.426919 ], [ -122.78373, 45.429313 ], [ -122.78636, 45.429951 ], [ -122.786777, 45.43025 ], [ -122.786766, 45.43072 ], [ -122.793304, 45.430608 ], [ -122.800035, 45.429628 ], [ -122.799601, 45.432356 ], [ -122.800109, 45.43434 ], [ -122.800276, 45.435542 ], [ -122.800267, 45.438663 ] ] ] ] } },
{ "type": "Feature", "properties": { "GEOID": "41067031913", "average_size": 3.0692934782608696 }, "geometry": { "type": "MultiPolygon", "coordinates": [ [ [ [ -122.851823, 45.389564 ], [ -122.846066, 45.390115 ], [ -122.845714, 45.392244 ], [ -122.843648, 45.393363 ], [ -122.843615, 45.39464 ], [ -122.841636, 45.397667 ], [ -122.841573, 45.400385 ], [ -122.83589, 45.401776 ], [ -122.831183, 45.401685 ], [ -122.827503, 45.401901 ], [ -122.818743, 45.403449 ], [ -122.818531, 45.403472 ], [ -122.81194, 45.404098 ], [ -122.811933, 45.401239 ], [ -122.811908, 45.400023 ], [ -122.811897, 45.396892 ], [ -122.811849, 45.392557 ], [ -122.811698, 45.38925 ], [ -122.814084, 45.38943 ], [ -122.815121, 45.389683 ], [ -122.815716, 45.389928 ], [ -122.818237, 45.391842 ], [ -122.818467, 45.392055 ], [ -122.821039, 45.395089 ], [ -122.822524, 45.395967 ], [ -122.82448, 45.395461 ], [ -122.829612, 45.39612 ], [ -122.835364, 45.395988 ], [ -122.837184, 45.396532 ], [ -122.840139, 45.394682 ], [ -122.840121, 45.39313 ], [ -122.837744, 45.394899 ], [ -122.835666, 45.395015 ], [ -122.835868, 45.392397 ], [ -122.834888, 45.39145 ], [ -122.83034, 45.390033 ], [ -122.829022, 45.38801 ], [ -122.830886, 45.386342 ], [ -122.832239, 45.38632 ], [ -122.834676, 45.388153 ], [ -122.84181, 45.389249 ], [ -122.851883, 45.388272 ], [ -122.851823, 45.389564 ] ] ] ] } },
{ "type": "Feature", "properties": { "GEOID": "41067031914", "average_size": 1.6827917282127032 }, "geometry": { "type": "MultiPolygon", "coordinates": [ [ [ [ -122.81194, 45.404098 ], [ -122.81058, 45.4043 ], [ -122.808937, 45.404906 ], [ -122.808785, 45.404994 ], [ -122.808634, 45.405076 ], [ -122.807523, 45.405735 ], [ -122.80557, 45.407332 ], [ -122.805427, 45.407402 ], [ -122.804332, 45.407861 ], [ -122.803501, 45.408221 ], [ -122.802813, 45.408628 ], [ -122.801932, 45.409036 ], [ -122.80051, 45.409667 ], [ -122.79795, 45.410684 ], [ -122.79577, 45.41147 ], [ -122.793468, 45.411482 ], [ -122.793982, 45.409858 ], [ -122.796627, 45.404425 ], [ -122.797188, 45.40328 ], [ -122.797813, 45.402065 ], [ -122.798065, 45.401361 ], [ -122.798473, 45.398711 ], [ -122.798888, 45.394201 ], [ -122.799247, 45.394079 ], [ -122.804, 45.393173 ], [ -122.805662, 45.391801 ], [ -122.806441, 45.389872 ], [ -122.807879, 45.389529 ], [ -122.809159, 45.389325 ], [ -122.811698, 45.38925 ], [ -122.811849, 45.392557 ], [ -122.811897, 45.396892 ], [ -122.811908, 45.400023 ], [ -122.811933, 45.401239 ], [ -122.81194, 45.404098 ] ] ] ] } },
{ "type": "Feature", "properties": { "GEOID": "41067031915", "average_size": 2.7637426900584794 }, "geometry": { "type": "MultiPolygon", "coordinates": [ [ [ [ -122.867124, 45.396107 ], [ -122.863881, 45.395193 ], [ -122.862072, 45.395969 ], [ -122.862267, 45.397191 ], [ -122.858833, 45.398742 ], [ -122.857663, 45.400209 ], [ -122.860247, 45.399558 ], [ -122.863671, 45.401669 ], [ -122.865561, 45.40216 ], [ -122.865191, 45.40455 ], [ -122.865587, 45.407631 ], [ -122.866557, 45.408019 ], [ -122.867082, 45.411329 ], [ -122.864451, 45.413401 ], [ -122.867508, 45.415522 ], [ -122.867453, 45.425754 ], [ -122.858719, 45.425847 ], [ -122.856876, 45.425859 ], [ -122.856156, 45.425913 ], [ -122.853466, 45.426371 ], [ -122.853146, 45.423341 ], [ -122.851847, 45.421032 ], [ -122.851699, 45.417808 ], [ -122.85168, 45.414864 ], [ -122.846674, 45.414871 ], [ -122.837553, 45.414863 ], [ -122.836364, 45.416211 ], [ -122.834332, 45.415929 ], [ -122.831326, 45.415431 ], [ -122.828782, 45.415443 ], [ -122.82594, 45.415638 ], [ -122.825957, 45.411239 ], [ -122.818743, 45.403449 ], [ -122.827503, 45.401901 ], [ -122.831183, 45.401685 ], [ -122.83589, 45.401776 ], [ -122.841573, 45.400385 ], [ -122.841636, 45.397667 ], [ -122.843615, 45.39464 ], [ -122.843648, 45.393363 ], [ -122.845714, 45.392244 ], [ -122.846066, 45.390115 ], [ -122.851823, 45.389564 ], [ -122.851883, 45.388272 ], [ -122.857132, 45.387756 ], [ -122.860006, 45.388155 ], [ -122.862605, 45.385911 ], [ -122.865289, 45.385694 ], [ -122.866656, 45.386265 ], [ -122.867212, 45.387414 ], [ -122.866959, 45.389757 ], [ -122.865664, 45.390771 ], [ -122.861593, 45.389787 ], [ -122.859951, 45.390113 ], [ -122.858653, 45.391395 ], [ -122.859013, 45.393695 ], [ -122.860339, 45.39438 ], [ -122.863865, 45.393603 ], [ -122.866868, 45.394148 ], [ -122.868073, 45.395083 ], [ -122.867124, 45.396107 ] ] ] ] } },
{ "type": "Feature", "properties": { "GEOID": "41067031916", "average_size": 2.8264580369843526 }, "geometry": { "type": "MultiPolygon", "coordinates": [ [ [ [ -122.82594, 45.415638 ], [ -122.822235, 45.415387 ], [ -122.821009, 45.415454 ], [ -122.817347, 45.415619 ], [ -122.817126, 45.415625 ], [ -122.81684, 45.415619 ], [ -122.816682, 45.415589 ], [ -122.816591, 45.415555 ], [ -122.815856, 45.415277 ], [ -122.815329, 45.415074 ], [ -122.81414, 45.414614 ], [ -122.810846, 45.413332 ], [ -122.801823, 45.413714 ], [ -122.796454, 45.414043 ], [ -122.791368, 45.41466 ], [ -122.793014, 45.412511 ], [ -122.793468, 45.411482 ], [ -122.79577, 45.41147 ], [ -122.79795, 45.410684 ], [ -122.80051, 45.409667 ], [ -122.801932, 45.409036 ], [ -122.802813, 45.408628 ], [ -122.803501, 45.408221 ], [ -122.804332, 45.407861 ], [ -122.805427, 45.407402 ], [ -122.80557, 45.407332 ], [ -122.807523, 45.405735 ], [ -122.808634, 45.405076 ], [ -122.808785, 45.404994 ], [ -122.808937, 45.404906 ], [ -122.81058, 45.4043 ], [ -122.81194, 45.404098 ], [ -122.818531, 45.403472 ], [ -122.818743, 45.403449 ], [ -122.825957, 45.411239 ], [ -122.82594, 45.415638 ] ] ] ] } },
{ "type": "Feature", "properties": { "GEOID": "41067031917", "average_size": 2.5742092457420926 }, "geometry": { "type": "MultiPolygon", "coordinates": [ [ [ [ -122.819665, 45.419178 ], [ -122.815103, 45.421359 ], [ -122.811868, 45.421941 ], [ -122.811986, 45.422341 ], [ -122.811808, 45.424808 ], [ -122.812296, 45.427771 ], [ -122.810275, 45.427727 ], [ -122.805714, 45.427756 ], [ -122.800035, 45.429628 ], [ -122.79975, 45.423728 ], [ -122.802252, 45.420538 ], [ -122.802363, 45.418645 ], [ -122.795313, 45.418652 ], [ -122.78927, 45.418399 ], [ -122.788052, 45.417861 ], [ -122.789484, 45.416391 ], [ -122.791368, 45.41466 ], [ -122.796454, 45.414043 ], [ -122.801823, 45.413714 ], [ -122.810846, 45.413332 ], [ -122.81414, 45.414614 ], [ -122.815329, 45.415074 ], [ -122.816401, 45.416843 ], [ -122.818842, 45.417345 ], [ -122.818116, 45.418204 ], [ -122.819665, 45.419178 ] ] ] ] } },
{ "type": "Feature", "properties": { "GEOID": "41067031918", "average_size": 2.393939393939394 }, "geometry": { "type": "MultiPolygon", "coordinates": [ [ [ [ -122.826028, 45.428819 ], [ -122.826001, 45.430716 ], [ -122.825795, 45.430941 ], [ -122.825609, 45.431056 ], [ -122.823855, 45.433018 ], [ -122.818114, 45.439297 ], [ -122.816966, 45.441103 ], [ -122.815651, 45.441527 ], [ -122.81575, 45.44004 ], [ -122.815701, 45.436273 ], [ -122.815815, 45.431847 ], [ -122.816302, 45.431411 ], [ -122.815886, 45.431044 ], [ -122.81543, 45.429025 ], [ -122.814352, 45.428203 ], [ -122.812296, 45.427771 ], [ -122.811808, 45.424808 ], [ -122.811986, 45.422341 ], [ -122.811868, 45.421941 ], [ -122.815103, 45.421359 ], [ -122.819665, 45.419178 ], [ -122.818116, 45.418204 ], [ -122.818842, 45.417345 ], [ -122.816401, 45.416843 ], [ -122.815329, 45.415074 ], [ -122.815856, 45.415277 ], [ -122.816591, 45.415555 ], [ -122.816682, 45.415589 ], [ -122.81684, 45.415619 ], [ -122.817126, 45.415625 ], [ -122.817347, 45.415619 ], [ -122.821009, 45.415454 ], [ -122.820937, 45.418587 ], [ -122.825919, 45.418531 ], [ -122.825991, 45.420024 ], [ -122.825797, 45.422559 ], [ -122.826067, 45.425505 ], [ -122.826028, 45.428819 ] ] ] ] } },
{ "type": "Feature", "properties": { "GEOID": "41067032001", "average_size": 2.6204605845881312 }, "geometry": { "type": "MultiPolygon", "coordinates": [ [ [ [ -122.840139, 45.394682 ], [ -122.837184, 45.396532 ], [ -122.835364, 45.395988 ], [ -122.829612, 45.39612 ], [ -122.82448, 45.395461 ], [ -122.822524, 45.395967 ], [ -122.821039, 45.395089 ], [ -122.818467, 45.392055 ], [ -122.818237, 45.391842 ], [ -122.815716, 45.389928 ], [ -122.815121, 45.389683 ], [ -122.814084, 45.38943 ], [ -122.811698, 45.38925 ], [ -122.809159, 45.389325 ], [ -122.807879, 45.389529 ], [ -122.806441, 45.389872 ], [ -122.805662, 45.391801 ], [ -122.804, 45.393173 ], [ -122.799247, 45.394079 ], [ -122.798888, 45.394201 ], [ -122.796303, 45.395031 ], [ -122.791181, 45.397402 ], [ -122.788958, 45.397802 ], [ -122.78839, 45.397865 ], [ -122.788096, 45.39789 ], [ -122.787907, 45.397907 ], [ -122.786494, 45.398148 ], [ -122.78376, 45.398606 ], [ -122.782404, 45.398699 ], [ -122.782167, 45.398686 ], [ -122.777566, 45.398271 ], [ -122.775278, 45.397009 ], [ -122.773983, 45.393407 ], [ -122.769914, 45.395077 ], [ -122.768374, 45.393424 ], [ -122.767052, 45.392764 ], [ -122.764422, 45.393219 ], [ -122.764419, 45.393441 ], [ -122.764426, 45.395893 ], [ -122.764141, 45.396949 ], [ -122.763545, 45.397829 ], [ -122.76235, 45.398704 ], [ -122.752467, 45.402236 ], [ -122.754043, 45.401155 ], [ -122.756294, 45.389275 ], [ -122.756426, 45.388728 ], [ -122.756925, 45.387481 ], [ -122.757523, 45.386108 ], [ -122.759032, 45.384756 ], [ -122.764238, 45.384251 ], [ -122.764441, 45.387329 ], [ -122.774168, 45.387145 ], [ -122.776338, 45.386847 ], [ -122.787625, 45.383513 ], [ -122.794734, 45.381408 ], [ -122.804987, 45.378369 ], [ -122.80632, 45.37797 ], [ -122.811632, 45.374886 ], [ -122.813629, 45.375205 ], [ -122.814425, 45.376758 ], [ -122.816736, 45.382413 ], [ -122.81709, 45.384335 ], [ -122.82668, 45.381611 ], [ -122.82876, 45.38474 ], [ -122.830974, 45.384878 ], [ -122.832239, 45.38632 ], [ -122.830886, 45.386342 ], [ -122.829022, 45.38801 ], [ -122.83034, 45.390033 ], [ -122.834888, 45.39145 ], [ -122.835868, 45.392397 ], [ -122.835666, 45.395015 ], [ -122.837744, 45.394899 ], [ -122.840121, 45.39313 ], [ -122.840139, 45.394682 ] ] ] ] } },
{ "type": "Feature", "properties": { "GEOID": "41067032003", "average_size": 2.0051282051282051 }, "geometry": { "type": "MultiPolygon", "coordinates": [ [ [ [ -122.811632, 45.374886 ], [ -122.80632, 45.37797 ], [ -122.804987, 45.378369 ], [ -122.794734, 45.381408 ], [ -122.787625, 45.383513 ], [ -122.776338, 45.386847 ], [ -122.774168, 45.387145 ], [ -122.764441, 45.387329 ], [ -122.764238, 45.384251 ], [ -122.759032, 45.384756 ], [ -122.758589, 45.382322 ], [ -122.759097, 45.378922 ], [ -122.760758, 45.376582 ], [ -122.76061, 45.375387 ], [ -122.774819, 45.375297 ], [ -122.774829, 45.371673 ], [ -122.78622, 45.371623 ], [ -122.790759, 45.371686 ], [ -122.792196, 45.372748 ], [ -122.794511, 45.371514 ], [ -122.797198, 45.37051 ], [ -122.80368, 45.369558 ], [ -122.80429, 45.369493 ], [ -122.805587, 45.369358 ], [ -122.809076, 45.369027 ], [ -122.809874, 45.372473 ], [ -122.811632, 45.374886 ] ] ] ] } },
{ "type": "Feature", "properties": { "GEOID": "41067032004", "average_size": 2.4304932735426008 }, "geometry": { "type": "MultiPolygon", "coordinates": [ [ [ [ -122.774819, 45.375297 ], [ -122.76061, 45.375387 ], [ -122.755608, 45.375388 ], [ -122.743933, 45.375538 ], [ -122.743923, 45.372181 ], [ -122.743923, 45.371751 ], [ -122.74947, 45.370248 ], [ -122.755139, 45.367969 ], [ -122.757216, 45.368299 ], [ -122.759654, 45.368759 ], [ -122.760515, 45.371775 ], [ -122.770705, 45.37166 ], [ -122.774829, 45.371673 ], [ -122.774819, 45.375297 ] ] ] ] } },
{ "type": "Feature", "properties": { "GEOID": "41067032005", "average_size": 2.0957395883197703 }, "geometry": { "type": "MultiPolygon", "coordinates": [ [ [ [ -122.760758, 45.376582 ], [ -122.759097, 45.378922 ], [ -122.758589, 45.382322 ], [ -122.759032, 45.384756 ], [ -122.757523, 45.386108 ], [ -122.756925, 45.387481 ], [ -122.756426, 45.388728 ], [ -122.756294, 45.389275 ], [ -122.754043, 45.401155 ], [ -122.752467, 45.402236 ], [ -122.748875, 45.405228 ], [ -122.744141, 45.407814 ], [ -122.743974, 45.407918 ], [ -122.743963, 45.406149 ], [ -122.743956, 45.404972 ], [ -122.743942, 45.402702 ], [ -122.743941, 45.402592 ], [ -122.743848, 45.396544 ], [ -122.743939, 45.393033 ], [ -122.743942, 45.391704 ], [ -122.743926, 45.387483 ], [ -122.743921, 45.386845 ], [ -122.743919, 45.386122 ], [ -122.743915, 45.381513 ], [ -122.743922, 45.377431 ], [ -122.743933, 45.375538 ], [ -122.755608, 45.375388 ], [ -122.76061, 45.375387 ], [ -122.760758, 45.376582 ] ] ] ] } },
{ "type": "Feature", "properties": { "GEOID": "41067032104", "average_size": 2.8817787418655096 }, "geometry": { "type": "MultiPolygon", "coordinates": [ [ [ [ -122.843407, 45.346154 ], [ -122.842397, 45.348692 ], [ -122.841425, 45.349723 ], [ -122.841393, 45.354302 ], [ -122.841702, 45.355294 ], [ -122.840185, 45.356288 ], [ -122.818243, 45.370523 ], [ -122.817875, 45.370764 ], [ -122.814018, 45.373239 ], [ -122.811632, 45.374886 ], [ -122.809874, 45.372473 ], [ -122.809076, 45.369027 ], [ -122.816294, 45.368294 ], [ -122.817402, 45.366548 ], [ -122.820089, 45.3643 ], [ -122.823772, 45.36117 ], [ -122.823361, 45.360775 ], [ -122.82109, 45.357127 ], [ -122.820875, 45.35686 ], [ -122.81485, 45.352609 ], [ -122.807188, 45.346276 ], [ -122.82066, 45.346233 ], [ -122.825967, 45.346249 ], [ -122.842499, 45.346133 ], [ -122.843407, 45.346154 ] ] ] ] } },
{ "type": "Feature", "properties": { "GEOID": "41067032107", "average_size": 2.669700910273082 }, "geometry": { "type": "MultiPolygon", "coordinates": [ [ [ [ -122.823772, 45.36117 ], [ -122.820089, 45.3643 ], [ -122.817402, 45.366548 ], [ -122.816294, 45.368294 ], [ -122.809076, 45.369027 ], [ -122.805587, 45.369358 ], [ -122.80429, 45.369493 ], [ -122.80368, 45.369558 ], [ -122.797198, 45.37051 ], [ -122.794511, 45.371514 ], [ -122.792196, 45.372748 ], [ -122.790759, 45.371686 ], [ -122.78622, 45.371623 ], [ -122.774829, 45.371673 ], [ -122.770705, 45.37166 ], [ -122.772173, 45.369949 ], [ -122.773174, 45.364994 ], [ -122.77332, 45.36287 ], [ -122.774642, 45.360774 ], [ -122.776894, 45.360439 ], [ -122.777744, 45.360844 ], [ -122.779976, 45.360859 ], [ -122.780997, 45.363206 ], [ -122.779334, 45.36516 ], [ -122.781039, 45.365461 ], [ -122.781046, 45.367487 ], [ -122.785038, 45.367438 ], [ -122.78778, 45.368862 ], [ -122.790837, 45.363076 ], [ -122.79283, 45.359322 ], [ -122.793295, 45.35841 ], [ -122.795019, 45.354984 ], [ -122.795559, 45.353309 ], [ -122.794073, 45.349868 ], [ -122.793961, 45.348119 ], [ -122.795327, 45.348085 ], [ -122.7954, 45.349906 ], [ -122.798978, 45.349892 ], [ -122.800429, 45.350881 ], [ -122.800098, 45.34788 ], [ -122.800783, 45.346364 ], [ -122.802673, 45.345547 ], [ -122.805556, 45.34566 ], [ -122.807188, 45.346276 ], [ -122.81485, 45.352609 ], [ -122.820875, 45.35686 ], [ -122.82109, 45.357127 ], [ -122.823361, 45.360775 ], [ -122.823772, 45.36117 ] ] ] ] } },
{ "type": "Feature", "properties": { "GEOID": "41067032108", "average_size": 2.7292347939829953 }, "geometry": { "type": "MultiPolygon", "coordinates": [ [ [ [ -122.774828, 45.359663 ], [ -122.774642, 45.360774 ], [ -122.77332, 45.36287 ], [ -122.773174, 45.364994 ], [ -122.772173, 45.369949 ], [ -122.770705, 45.37166 ], [ -122.760515, 45.371775 ], [ -122.759654, 45.368759 ], [ -122.757216, 45.368299 ], [ -122.755139, 45.367969 ], [ -122.74947, 45.370248 ], [ -122.743923, 45.371751 ], [ -122.743856, 45.359577 ], [ -122.743798, 45.355871 ], [ -122.761983, 45.35555 ], [ -122.761894, 45.35373 ], [ -122.764413, 45.353737 ], [ -122.765562, 45.35374 ], [ -122.774059, 45.353688 ], [ -122.774743, 45.353597 ], [ -122.774741, 45.353631 ], [ -122.774744, 45.354296 ], [ -122.774828, 45.359663 ] ] ] ] } },
{ "type": "Feature", "properties": { "GEOID": "41067032109", "average_size": 2.9391480730223125 }, "geometry": { "type": "MultiPolygon", "coordinates": [ [ [ [ -122.795019, 45.354984 ], [ -122.793295, 45.35841 ], [ -122.79283, 45.359322 ], [ -122.790837, 45.363076 ], [ -122.78778, 45.368862 ], [ -122.785038, 45.367438 ], [ -122.781046, 45.367487 ], [ -122.781039, 45.365461 ], [ -122.779334, 45.36516 ], [ -122.780997, 45.363206 ], [ -122.779976, 45.360859 ], [ -122.777744, 45.360844 ], [ -122.776894, 45.360439 ], [ -122.7782, 45.359733 ], [ -122.782231, 45.357288 ], [ -122.783633, 45.35365 ], [ -122.784083, 45.352449 ], [ -122.784349, 45.351786 ], [ -122.792612, 45.351807 ], [ -122.793905, 45.349876 ], [ -122.793735, 45.348125 ], [ -122.793961, 45.348119 ], [ -122.794073, 45.349868 ], [ -122.795559, 45.353309 ], [ -122.795019, 45.354984 ] ] ] ] } },
{ "type": "Feature", "properties": { "GEOID": "41067032110", "average_size": 2.4876033057851239 }, "geometry": { "type": "MultiPolygon", "coordinates": [ [ [ [ -122.805556, 45.34566 ], [ -122.802673, 45.345547 ], [ -122.800783, 45.346364 ], [ -122.800098, 45.34788 ], [ -122.800429, 45.350881 ], [ -122.798978, 45.349892 ], [ -122.7954, 45.349906 ], [ -122.795327, 45.348085 ], [ -122.793961, 45.348119 ], [ -122.793735, 45.348125 ], [ -122.793905, 45.349876 ], [ -122.792612, 45.351807 ], [ -122.784349, 45.351786 ], [ -122.784083, 45.352449 ], [ -122.783633, 45.35365 ], [ -122.782231, 45.357288 ], [ -122.7782, 45.359733 ], [ -122.776894, 45.360439 ], [ -122.774642, 45.360774 ], [ -122.774828, 45.359663 ], [ -122.774744, 45.354296 ], [ -122.774741, 45.353631 ], [ -122.774743, 45.353597 ], [ -122.774059, 45.353688 ], [ -122.765562, 45.35374 ], [ -122.764413, 45.353737 ], [ -122.761894, 45.35373 ], [ -122.761983, 45.35555 ], [ -122.743798, 45.355871 ], [ -122.743811, 45.353992 ], [ -122.743868, 45.346587 ], [ -122.743741, 45.332067 ], [ -122.746817, 45.332045 ], [ -122.75407, 45.331994 ], [ -122.764942, 45.331928 ], [ -122.769123, 45.331909 ], [ -122.784896, 45.331825 ], [ -122.786266, 45.33182 ], [ -122.787507, 45.33182 ], [ -122.80547, 45.331772 ], [ -122.805556, 45.34566 ] ] ] ] } },
{ "type": "Feature", "properties": { "GEOID": "41067032111", "average_size": 3.1970954356846475 }, "geometry": { "type": "MultiPolygon", "coordinates": [ [ [ [ -122.898404, 45.3207 ], [ -122.89191, 45.323305 ], [ -122.888829, 45.325697 ], [ -122.88544, 45.329414 ], [ -122.882008, 45.331923 ], [ -122.876805, 45.335666 ], [ -122.875746, 45.337619 ], [ -122.875417, 45.33884 ], [ -122.869638, 45.349845 ], [ -122.868106, 45.352543 ], [ -122.867587, 45.353194 ], [ -122.866187, 45.35218 ], [ -122.863353, 45.349768 ], [ -122.856907, 45.349691 ], [ -122.852673, 45.349704 ], [ -122.841425, 45.349723 ], [ -122.842397, 45.348692 ], [ -122.843407, 45.346154 ], [ -122.846494, 45.34595 ], [ -122.846485, 45.328151 ], [ -122.846503, 45.317192 ], [ -122.851912, 45.317228 ], [ -122.857175, 45.317273 ], [ -122.867891, 45.317345 ], [ -122.904945, 45.317457 ], [ -122.898404, 45.3207 ] ] ] ] } },
{ "type": "Feature", "properties": { "GEOID": "41067032112", "average_size": 2.7377179080824088 }, "geometry": { "type": "MultiPolygon", "coordinates": [ [ [ [ -122.867587, 45.353194 ], [ -122.865941, 45.354529 ], [ -122.856385, 45.360808 ], [ -122.84834, 45.366455 ], [ -122.838326, 45.373345 ], [ -122.836477, 45.37505 ], [ -122.833737, 45.378623 ], [ -122.832122, 45.379922 ], [ -122.82668, 45.381611 ], [ -122.81709, 45.384335 ], [ -122.816736, 45.382413 ], [ -122.814425, 45.376758 ], [ -122.813629, 45.375205 ], [ -122.811632, 45.374886 ], [ -122.814018, 45.373239 ], [ -122.817875, 45.370764 ], [ -122.818243, 45.370523 ], [ -122.840185, 45.356288 ], [ -122.841702, 45.355294 ], [ -122.841393, 45.354302 ], [ -122.841425, 45.349723 ], [ -122.852673, 45.349704 ], [ -122.856907, 45.349691 ], [ -122.863353, 45.349768 ], [ -122.866187, 45.35218 ], [ -122.867587, 45.353194 ] ] ] ] } },
{ "type": "Feature", "properties": { "GEOID": "41067032201", "average_size": 3.1503192106790481 }, "geometry": { "type": "MultiPolygon", "coordinates": [ [ [ [ -122.874654, 45.358707 ], [ -122.867799, 45.358665 ], [ -122.867809, 45.361475 ], [ -122.867768, 45.367701 ], [ -122.86778, 45.371306 ], [ -122.867772, 45.38215 ], [ -122.856336, 45.381188 ], [ -122.852828, 45.382945 ], [ -122.852107, 45.383921 ], [ -122.851883, 45.388272 ], [ -122.84181, 45.389249 ], [ -122.834676, 45.388153 ], [ -122.832239, 45.38632 ], [ -122.830974, 45.384878 ], [ -122.82876, 45.38474 ], [ -122.82668, 45.381611 ], [ -122.832122, 45.379922 ], [ -122.833737, 45.378623 ], [ -122.836477, 45.37505 ], [ -122.838326, 45.373345 ], [ -122.84834, 45.366455 ], [ -122.856385, 45.360808 ], [ -122.865941, 45.354529 ], [ -122.867587, 45.353194 ], [ -122.874649, 45.353291 ], [ -122.874654, 45.358707 ] ] ] ] } },
{ "type": "Feature", "properties": { "GEOID": "41067032202", "average_size": 2.7296360485268631 }, "geometry": { "type": "MultiPolygon", "coordinates": [ [ [ [ -123.011645, 45.382183 ], [ -123.008304, 45.383253 ], [ -123.003572, 45.386842 ], [ -123.002244, 45.390256 ], [ -123.001188, 45.390963 ], [ -122.995747, 45.391047 ], [ -122.997395, 45.392523 ], [ -122.9955, 45.392439 ], [ -122.994866, 45.393312 ], [ -122.996324, 45.394431 ], [ -123.000263, 45.3946 ], [ -122.998766, 45.39586 ], [ -122.995123, 45.39631 ], [ -122.994084, 45.398683 ], [ -122.993911, 45.402055 ], [ -122.991512, 45.401859 ], [ -122.992554, 45.402872 ], [ -122.991394, 45.405605 ], [ -122.991294, 45.418699 ], [ -122.960776, 45.418535 ], [ -122.960407, 45.425388 ], [ -122.959776, 45.426283 ], [ -122.957532, 45.430356 ], [ -122.955449, 45.430243 ], [ -122.954151, 45.433018 ], [ -122.951194, 45.432941 ], [ -122.950377, 45.432622 ], [ -122.949382, 45.430259 ], [ -122.950209, 45.428781 ], [ -122.947985, 45.427705 ], [ -122.944038, 45.423337 ], [ -122.939067, 45.418455 ], [ -122.938378, 45.415692 ], [ -122.939326, 45.412995 ], [ -122.941146, 45.412737 ], [ -122.942708, 45.414617 ], [ -122.943459, 45.41385 ], [ -122.941819, 45.410448 ], [ -122.940272, 45.409326 ], [ -122.938077, 45.409865 ], [ -122.934136, 45.408446 ], [ -122.9311, 45.408112 ], [ -122.927779, 45.40666 ], [ -122.925308, 45.406185 ], [ -122.923048, 45.406569 ], [ -122.926521, 45.407837 ], [ -122.928247, 45.410416 ], [ -122.928049, 45.413312 ], [ -122.927502, 45.413773 ], [ -122.924824, 45.414795 ], [ -122.921003, 45.415015 ], [ -122.920102, 45.412963 ], [ -122.91842, 45.411998 ], [ -122.91552, 45.411762 ], [ -122.911633, 45.410727 ], [ -122.910858, 45.410027 ], [ -122.911741, 45.409071 ], [ -122.907885, 45.407467 ], [ -122.906793, 45.40748 ], [ -122.90611, 45.409322 ], [ -122.903885, 45.41001 ], [ -122.90001, 45.409647 ], [ -122.896155, 45.408365 ], [ -122.895404, 45.40737 ], [ -122.895534, 45.40573 ], [ -122.893175, 45.403672 ], [ -122.892652, 45.401276 ], [ -122.897652, 45.401961 ], [ -122.902964, 45.401841 ], [ -122.905236, 45.401091 ], [ -122.90426, 45.397067 ], [ -122.903043, 45.395062 ], [ -122.899509, 45.393783 ], [ -122.897722, 45.395275 ], [ -122.894148, 45.395451 ], [ -122.894179, 45.396586 ], [ -122.89624, 45.39707 ], [ -122.900568, 45.396915 ], [ -122.900496, 45.397663 ], [ -122.898201, 45.398607 ], [ -122.895847, 45.398112 ], [ -122.893441, 45.399396 ], [ -122.89236, 45.398613 ], [ -122.892572, 45.396377 ], [ -122.890127, 45.396158 ], [ -122.887497, 45.397789 ], [ -122.883054, 45.399837 ], [ -122.880981, 45.401331 ], [ -122.876102, 45.406018 ], [ -122.874753, 45.406696 ], [ -122.866557, 45.408019 ], [ -122.865587, 45.407631 ], [ -122.865191, 45.40455 ], [ -122.865561, 45.40216 ], [ -122.863671, 45.401669 ], [ -122.860247, 45.399558 ], [ -122.857663, 45.400209 ], [ -122.858833, 45.398742 ], [ -122.862267, 45.397191 ], [ -122.862072, 45.395969 ], [ -122.863881, 45.395193 ], [ -122.867124, 45.396107 ], [ -122.868073, 45.395083 ], [ -122.866868, 45.394148 ], [ -122.863865, 45.393603 ], [ -122.860339, 45.39438 ], [ -122.859013, 45.393695 ], [ -122.858653, 45.391395 ], [ -122.859951, 45.390113 ], [ -122.861593, 45.389787 ], [ -122.865664, 45.390771 ], [ -122.866959, 45.389757 ], [ -122.867212, 45.387414 ], [ -122.866656, 45.386265 ], [ -122.865289, 45.385694 ], [ -122.862605, 45.385911 ], [ -122.860006, 45.388155 ], [ -122.857132, 45.387756 ], [ -122.851883, 45.388272 ], [ -122.852107, 45.383921 ], [ -122.852828, 45.382945 ], [ -122.856336, 45.381188 ], [ -122.867772, 45.38215 ], [ -122.86778, 45.371306 ], [ -122.867768, 45.367701 ], [ -122.867809, 45.361475 ], [ -122.867799, 45.358665 ], [ -122.874654, 45.358707 ], [ -122.874649, 45.353291 ], [ -122.867587, 45.353194 ], [ -122.868106, 45.352543 ], [ -122.869638, 45.349845 ], [ -122.875417, 45.33884 ], [ -122.875746, 45.337619 ], [ -122.876805, 45.335666 ], [ -122.882008, 45.331923 ], [ -122.88544, 45.329414 ], [ -122.888829, 45.325697 ], [ -122.89191, 45.323305 ], [ -122.898404, 45.3207 ], [ -122.904945, 45.317457 ], [ -122.908867, 45.317476 ], [ -122.908861, 45.338071 ], [ -122.908796, 45.346185 ], [ -122.92113, 45.346241 ], [ -122.928873, 45.34628 ], [ -122.939204, 45.346332 ], [ -122.962566, 45.346415 ], [ -122.970229, 45.346454 ], [ -122.97024, 45.346919 ], [ -122.970294, 45.348862 ], [ -122.970523, 45.353193 ], [ -122.970332, 45.353774 ], [ -122.9703, 45.36077 ], [ -122.976592, 45.360932 ], [ -122.979806, 45.361013 ], [ -122.991396, 45.361096 ], [ -122.99139, 45.364991 ], [ -122.991393, 45.368009 ], [ -122.991388, 45.375468 ], [ -123.011653, 45.376348 ], [ -123.011645, 45.382183 ] ] ] ] } },
{ "type": "Feature", "properties": { "GEOID": "41067032301", "average_size": 2.6118980169971673 }, "geometry": { "type": "MultiPolygon", "coordinates": [ [ [ [ -122.959876, 45.434054 ], [ -122.958112, 45.43372 ], [ -122.956274, 45.434979 ], [ -122.953985, 45.43754 ], [ -122.95608, 45.438021 ], [ -122.9573, 45.438956 ], [ -122.957748, 45.440711 ], [ -122.956758, 45.44289 ], [ -122.947264, 45.453139 ], [ -122.946574, 45.45746 ], [ -122.945389, 45.45993 ], [ -122.943302, 45.461725 ], [ -122.944124, 45.465131 ], [ -122.943845, 45.4688 ], [ -122.941942, 45.468725 ], [ -122.938857, 45.470424 ], [ -122.937831, 45.469682 ], [ -122.937122, 45.467617 ], [ -122.935223, 45.466843 ], [ -122.934267, 45.467246 ], [ -122.933845, 45.469098 ], [ -122.934444, 45.472005 ], [ -122.932334, 45.472951 ], [ -122.932032, 45.469464 ], [ -122.91358, 45.469341 ], [ -122.908665, 45.469353 ], [ -122.907712, 45.469811 ], [ -122.907217, 45.470101 ], [ -122.894261, 45.470203 ], [ -122.893242, 45.467278 ], [ -122.892548, 45.466444 ], [ -122.891319, 45.462246 ], [ -122.888416, 45.461952 ], [ -122.888098, 45.459215 ], [ -122.888096, 45.447613 ], [ -122.884906, 45.447407 ], [ -122.884873, 45.443453 ], [ -122.885956, 45.440297 ], [ -122.886123, 45.432438 ], [ -122.880057, 45.432365 ], [ -122.87773, 45.430907 ], [ -122.871667, 45.424692 ], [ -122.867453, 45.425754 ], [ -122.867508, 45.415522 ], [ -122.864451, 45.413401 ], [ -122.867082, 45.411329 ], [ -122.866557, 45.408019 ], [ -122.874753, 45.406696 ], [ -122.876102, 45.406018 ], [ -122.880981, 45.401331 ], [ -122.883054, 45.399837 ], [ -122.887497, 45.397789 ], [ -122.890127, 45.396158 ], [ -122.892572, 45.396377 ], [ -122.89236, 45.398613 ], [ -122.893441, 45.399396 ], [ -122.895847, 45.398112 ], [ -122.898201, 45.398607 ], [ -122.900496, 45.397663 ], [ -122.900568, 45.396915 ], [ -122.89624, 45.39707 ], [ -122.894179, 45.396586 ], [ -122.894148, 45.395451 ], [ -122.897722, 45.395275 ], [ -122.899509, 45.393783 ], [ -122.903043, 45.395062 ], [ -122.90426, 45.397067 ], [ -122.905236, 45.401091 ], [ -122.902964, 45.401841 ], [ -122.897652, 45.401961 ], [ -122.892652, 45.401276 ], [ -122.893175, 45.403672 ], [ -122.895534, 45.40573 ], [ -122.895404, 45.40737 ], [ -122.896155, 45.408365 ], [ -122.90001, 45.409647 ], [ -122.903885, 45.41001 ], [ -122.90611, 45.409322 ], [ -122.906793, 45.40748 ], [ -122.907885, 45.407467 ], [ -122.911741, 45.409071 ], [ -122.910858, 45.410027 ], [ -122.911633, 45.410727 ], [ -122.91552, 45.411762 ], [ -122.91842, 45.411998 ], [ -122.920102, 45.412963 ], [ -122.921003, 45.415015 ], [ -122.924824, 45.414795 ], [ -122.927502, 45.413773 ], [ -122.928049, 45.413312 ], [ -122.928247, 45.410416 ], [ -122.926521, 45.407837 ], [ -122.923048, 45.406569 ], [ -122.925308, 45.406185 ], [ -122.927779, 45.40666 ], [ -122.9311, 45.408112 ], [ -122.934136, 45.408446 ], [ -122.938077, 45.409865 ], [ -122.940272, 45.409326 ], [ -122.941819, 45.410448 ], [ -122.943459, 45.41385 ], [ -122.942708, 45.414617 ], [ -122.941146, 45.412737 ], [ -122.939326, 45.412995 ], [ -122.938378, 45.415692 ], [ -122.939067, 45.418455 ], [ -122.944038, 45.423337 ], [ -122.947985, 45.427705 ], [ -122.950209, 45.428781 ], [ -122.949382, 45.430259 ], [ -122.950377, 45.432622 ], [ -122.951194, 45.432941 ], [ -122.954151, 45.433018 ], [ -122.955449, 45.430243 ], [ -122.957532, 45.430356 ], [ -122.960279, 45.432774 ], [ -122.959876, 45.434054 ] ] ] ] } },
{ "type": "Feature", "properties": { "GEOID": "41067032302", "average_size": 2.5306122448979593 }, "geometry": { "type": "MultiPolygon", "coordinates": [ [ [ [ -122.949981, 45.500035 ], [ -122.94757, 45.501953 ], [ -122.930811, 45.500293 ], [ -122.917388, 45.4989 ], [ -122.912239, 45.498361 ], [ -122.902211, 45.497268 ], [ -122.901569, 45.497191 ], [ -122.89168, 45.49623 ], [ -122.891976, 45.489478 ], [ -122.892641, 45.486036 ], [ -122.892991, 45.484479 ], [ -122.894326, 45.477701 ], [ -122.894524, 45.476554 ], [ -122.894561, 45.476336 ], [ -122.895082, 45.472708 ], [ -122.894261, 45.470203 ], [ -122.907217, 45.470101 ], [ -122.907712, 45.469811 ], [ -122.908665, 45.469353 ], [ -122.91358, 45.469341 ], [ -122.932032, 45.469464 ], [ -122.932334, 45.472951 ], [ -122.934444, 45.472005 ], [ -122.935781, 45.475084 ], [ -122.937451, 45.475616 ], [ -122.935204, 45.47733 ], [ -122.937591, 45.480764 ], [ -122.939032, 45.480768 ], [ -122.940219, 45.479659 ], [ -122.940708, 45.477589 ], [ -122.941616, 45.47791 ], [ -122.94241, 45.480287 ], [ -122.942197, 45.482024 ], [ -122.941337, 45.481008 ], [ -122.938618, 45.48165 ], [ -122.938273, 45.48505 ], [ -122.940454, 45.483999 ], [ -122.94162, 45.48423 ], [ -122.942564, 45.485718 ], [ -122.941971, 45.487879 ], [ -122.941462, 45.488987 ], [ -122.943095, 45.490802 ], [ -122.944437, 45.490828 ], [ -122.946555, 45.490706 ], [ -122.944643, 45.492179 ], [ -122.947218, 45.492262 ], [ -122.949747, 45.494004 ], [ -122.949585, 45.49755 ], [ -122.949433, 45.497752 ], [ -122.949981, 45.500035 ] ] ] ] } },
{ "type": "Feature", "properties": { "GEOID": "41067032404", "average_size": 2.7085114652157016 }, "geometry": { "type": "MultiPolygon", "coordinates": [ [ [ [ -122.95806, 45.52102 ], [ -122.95453, 45.520764 ], [ -122.95417, 45.525421 ], [ -122.944186, 45.527476 ], [ -122.937597, 45.52871 ], [ -122.936239, 45.528955 ], [ -122.935974, 45.526289 ], [ -122.933274, 45.522183 ], [ -122.933106, 45.519903 ], [ -122.933516, 45.517223 ], [ -122.932915, 45.513821 ], [ -122.931862, 45.513509 ], [ -122.934235, 45.510144 ], [ -122.933697, 45.508283 ], [ -122.935374, 45.506806 ], [ -122.937349, 45.506838 ], [ -122.939339, 45.505138 ], [ -122.94214, 45.505747 ], [ -122.943576, 45.506554 ], [ -122.946128, 45.505866 ], [ -122.947159, 45.506191 ], [ -122.946998, 45.507073 ], [ -122.949811, 45.509697 ], [ -122.954315, 45.51299 ], [ -122.955963, 45.514998 ], [ -122.958161, 45.515524 ], [ -122.95806, 45.52102 ] ] ] ] } },
{ "type": "Feature", "properties": { "GEOID": "41067032407", "average_size": 3.2038697498820197 }, "geometry": { "type": "MultiPolygon", "coordinates": [ [ [ [ -122.934235, 45.510144 ], [ -122.931862, 45.513509 ], [ -122.932915, 45.513821 ], [ -122.933516, 45.517223 ], [ -122.933106, 45.519903 ], [ -122.923277, 45.519878 ], [ -122.921764, 45.519876 ], [ -122.919106, 45.519879 ], [ -122.914634, 45.520429 ], [ -122.913185, 45.52044 ], [ -122.908858, 45.519136 ], [ -122.9025, 45.515593 ], [ -122.90104, 45.515269 ], [ -122.901788, 45.514129 ], [ -122.902017, 45.512287 ], [ -122.914544, 45.512293 ], [ -122.922573, 45.512258 ], [ -122.922619, 45.50867 ], [ -122.922621, 45.507676 ], [ -122.931339, 45.507642 ], [ -122.931799, 45.508194 ], [ -122.933697, 45.508283 ], [ -122.934235, 45.510144 ] ] ] ] } },
{ "type": "Feature", "properties": { "GEOID": "41067032409", "average_size": 3.1454918032786887 }, "geometry": { "type": "MultiPolygon", "coordinates": [ [ [ [ -122.973954, 45.51743 ], [ -122.973877, 45.521291 ], [ -122.970125, 45.521276 ], [ -122.965039, 45.521165 ], [ -122.963862, 45.521416 ], [ -122.961244, 45.522215 ], [ -122.95417, 45.525421 ], [ -122.95453, 45.520764 ], [ -122.95806, 45.52102 ], [ -122.958161, 45.515524 ], [ -122.958192, 45.514745 ], [ -122.961061, 45.514771 ], [ -122.964025, 45.514791 ], [ -122.967658, 45.514925 ], [ -122.969001, 45.514861 ], [ -122.972297, 45.514872 ], [ -122.974003, 45.514896 ], [ -122.973954, 45.51743 ] ] ] ] } },
{ "type": "Feature", "properties": { "GEOID": "41067032410", "average_size": 3.0478468899521531 }, "geometry": { "type": "MultiPolygon", "coordinates": [ [ [ [ -122.974003, 45.514896 ], [ -122.972297, 45.514872 ], [ -122.969001, 45.514861 ], [ -122.967658, 45.514925 ], [ -122.964025, 45.514791 ], [ -122.961061, 45.514771 ], [ -122.958192, 45.514745 ], [ -122.958161, 45.515524 ], [ -122.955963, 45.514998 ], [ -122.954315, 45.51299 ], [ -122.949811, 45.509697 ], [ -122.946998, 45.507073 ], [ -122.947159, 45.506191 ], [ -122.946128, 45.505866 ], [ -122.948344, 45.505305 ], [ -122.94757, 45.501953 ], [ -122.950645, 45.502459 ], [ -122.961117, 45.506655 ], [ -122.968983, 45.509866 ], [ -122.971477, 45.510788 ], [ -122.971456, 45.510997 ], [ -122.97391, 45.512834 ], [ -122.974003, 45.514896 ] ] ] ] } },
{ "type": "Feature", "properties": { "GEOID": "41067032411", "average_size": 3.0958815958815959 }, "geometry": { "type": "MultiPolygon", "coordinates": [ [ [ [ -122.922619, 45.50867 ], [ -122.922573, 45.512258 ], [ -122.914544, 45.512293 ], [ -122.902017, 45.512287 ], [ -122.902054, 45.508675 ], [ -122.901787, 45.508666 ], [ -122.901783, 45.507262 ], [ -122.90205, 45.507261 ], [ -122.902028, 45.506238 ], [ -122.902107, 45.504075 ], [ -122.902106, 45.502971 ], [ -122.902132, 45.500638 ], [ -122.912144, 45.500752 ], [ -122.912065, 45.502279 ], [ -122.916921, 45.502336 ], [ -122.922614, 45.502818 ], [ -122.922621, 45.507676 ], [ -122.922619, 45.50867 ] ] ] ] } },
{ "type": "Feature", "properties": { "GEOID": "41067032412", "average_size": 2.7203967761934282 }, "geometry": { "type": "MultiPolygon", "coordinates": [ [ [ [ -122.948344, 45.505305 ], [ -122.946128, 45.505866 ], [ -122.943576, 45.506554 ], [ -122.94214, 45.505747 ], [ -122.939339, 45.505138 ], [ -122.937349, 45.506838 ], [ -122.935374, 45.506806 ], [ -122.933697, 45.508283 ], [ -122.931799, 45.508194 ], [ -122.931339, 45.507642 ], [ -122.922621, 45.507676 ], [ -122.922614, 45.502818 ], [ -122.916921, 45.502336 ], [ -122.912065, 45.502279 ], [ -122.912144, 45.500752 ], [ -122.902132, 45.500638 ], [ -122.902123, 45.500301 ], [ -122.902134, 45.499848 ], [ -122.902133, 45.499771 ], [ -122.902216, 45.497479 ], [ -122.902211, 45.497268 ], [ -122.912239, 45.498361 ], [ -122.917388, 45.4989 ], [ -122.930811, 45.500293 ], [ -122.94757, 45.501953 ], [ -122.948344, 45.505305 ] ] ] ] } },
{ "type": "Feature", "properties": { "GEOID": "41067032413", "average_size": 3.2586666666666666 }, "geometry": { "type": "MultiPolygon", "coordinates": [ [ [ [ -122.914729, 45.530351 ], [ -122.911923, 45.530245 ], [ -122.909095, 45.52974 ], [ -122.900462, 45.526995 ], [ -122.899792, 45.526779 ], [ -122.900029, 45.525862 ], [ -122.89968, 45.519368 ], [ -122.899659, 45.518791 ], [ -122.899645, 45.518683 ], [ -122.899766, 45.517156 ], [ -122.90104, 45.515269 ], [ -122.9025, 45.515593 ], [ -122.908858, 45.519136 ], [ -122.913185, 45.52044 ], [ -122.914634, 45.520429 ], [ -122.914732, 45.526712 ], [ -122.914729, 45.530351 ] ] ] ] } },
{ "type": "Feature", "properties": { "GEOID": "41067032414", "average_size": 2.697110423116615 }, "geometry": { "type": "MultiPolygon", "coordinates": [ [ [ [ -122.936239, 45.528955 ], [ -122.929037, 45.530247 ], [ -122.924709, 45.530291 ], [ -122.914729, 45.530351 ], [ -122.914732, 45.526712 ], [ -122.914634, 45.520429 ], [ -122.919106, 45.519879 ], [ -122.921764, 45.519876 ], [ -122.923277, 45.519878 ], [ -122.933106, 45.519903 ], [ -122.933274, 45.522183 ], [ -122.935974, 45.526289 ], [ -122.936239, 45.528955 ] ] ] ] } },
{ "type": "Feature", "properties": { "GEOID": "41067032501", "average_size": 2.4028230184581978 }, "geometry": { "type": "MultiPolygon", "coordinates": [ [ [ [ -123.011403, 45.521655 ], [ -123.007397, 45.521087 ], [ -122.999052, 45.52147 ], [ -122.991205, 45.521388 ], [ -122.98681, 45.521319 ], [ -122.98435, 45.521366 ], [ -122.982558, 45.521353 ], [ -122.975553, 45.521304 ], [ -122.973877, 45.521291 ], [ -122.973954, 45.51743 ], [ -122.974003, 45.514896 ], [ -122.97391, 45.512834 ], [ -122.971456, 45.510997 ], [ -122.971477, 45.510788 ], [ -122.976618, 45.512977 ], [ -122.976693, 45.509766 ], [ -122.978363, 45.507985 ], [ -122.982158, 45.507274 ], [ -122.982148, 45.498699 ], [ -122.984314, 45.498212 ], [ -122.986137, 45.49955 ], [ -122.987678, 45.497351 ], [ -122.99063, 45.49978 ], [ -122.991296, 45.500186 ], [ -122.995623, 45.500627 ], [ -122.995723, 45.50155 ], [ -122.994943, 45.502364 ], [ -122.997074, 45.503003 ], [ -122.996217, 45.503953 ], [ -122.998317, 45.504714 ], [ -123.002655, 45.505429 ], [ -123.004894, 45.5065 ], [ -123.006788, 45.509317 ], [ -123.005967, 45.510245 ], [ -123.007714, 45.511919 ], [ -123.00648, 45.513012 ], [ -123.00829, 45.513593 ], [ -123.0094, 45.515718 ], [ -123.0092, 45.516501 ], [ -123.010889, 45.517451 ], [ -123.010926, 45.519986 ], [ -123.011721, 45.520666 ], [ -123.011403, 45.521655 ] ] ] ] } },
{ "type": "Feature", "properties": { "GEOID": "41067032502", "average_size": 2.5474910394265233 }, "geometry": { "type": "MultiPolygon", "coordinates": [ [ [ [ -122.987466, 45.488721 ], [ -122.986911, 45.491659 ], [ -122.986081, 45.492517 ], [ -122.983573, 45.492573 ], [ -122.982301, 45.490613 ], [ -122.982184, 45.492431 ], [ -122.983929, 45.493696 ], [ -122.982165, 45.495579 ], [ -122.981985, 45.497045 ], [ -122.980418, 45.499009 ], [ -122.982148, 45.498699 ], [ -122.982158, 45.507274 ], [ -122.978363, 45.507985 ], [ -122.976693, 45.509766 ], [ -122.976618, 45.512977 ], [ -122.971477, 45.510788 ], [ -122.968983, 45.509866 ], [ -122.961117, 45.506655 ], [ -122.962961, 45.504247 ], [ -122.964105, 45.502385 ], [ -122.964809, 45.501229 ], [ -122.965427, 45.500213 ], [ -122.965878, 45.499531 ], [ -122.969005, 45.495272 ], [ -122.969411, 45.494109 ], [ -122.969649, 45.493147 ], [ -122.970267, 45.489205 ], [ -122.977223, 45.486869 ], [ -122.980291, 45.486433 ], [ -122.982204, 45.484896 ], [ -122.984674, 45.485841 ], [ -122.985466, 45.487078 ], [ -122.987229, 45.486057 ], [ -122.987466, 45.488721 ] ] ] ] } },
{ "type": "Feature", "properties": { "GEOID": "41067032503", "average_size": 2.7520547945205478 }, "geometry": { "type": "MultiPolygon", "coordinates": [ [ [ [ -122.980291, 45.486433 ], [ -122.977223, 45.486869 ], [ -122.970267, 45.489205 ], [ -122.969649, 45.493147 ], [ -122.969411, 45.494109 ], [ -122.969005, 45.495272 ], [ -122.965878, 45.499531 ], [ -122.965427, 45.500213 ], [ -122.964809, 45.501229 ], [ -122.964105, 45.502385 ], [ -122.962961, 45.504247 ], [ -122.961117, 45.506655 ], [ -122.950645, 45.502459 ], [ -122.94757, 45.501953 ], [ -122.949981, 45.500035 ], [ -122.949433, 45.497752 ], [ -122.949585, 45.49755 ], [ -122.949747, 45.494004 ], [ -122.947218, 45.492262 ], [ -122.944643, 45.492179 ], [ -122.946555, 45.490706 ], [ -122.954066, 45.489767 ], [ -122.954744, 45.489493 ], [ -122.958141, 45.488293 ], [ -122.959788, 45.488127 ], [ -122.959519, 45.486598 ], [ -122.960204, 45.484492 ], [ -122.959186, 45.483738 ], [ -122.959238, 45.482182 ], [ -122.960633, 45.481706 ], [ -122.959739, 45.480767 ], [ -122.960905, 45.479681 ], [ -122.962522, 45.480304 ], [ -122.964514, 45.479348 ], [ -122.962696, 45.47809 ], [ -122.965003, 45.478041 ], [ -122.966275, 45.480122 ], [ -122.966424, 45.47865 ], [ -122.967428, 45.478243 ], [ -122.969121, 45.479136 ], [ -122.968733, 45.480647 ], [ -122.971362, 45.481198 ], [ -122.973802, 45.482321 ], [ -122.973518, 45.480804 ], [ -122.974919, 45.480639 ], [ -122.977769, 45.482546 ], [ -122.978451, 45.484177 ], [ -122.982204, 45.484896 ], [ -122.980291, 45.486433 ] ] ] ] } },
{ "type": "Feature", "properties": { "GEOID": "41067032603", "average_size": 2.8972902097902096 }, "geometry": { "type": "MultiPolygon", "coordinates": [ [ [ [ -123.005031, 45.54801 ], [ -123.00409, 45.547051 ], [ -123.002199, 45.547616 ], [ -123.002263, 45.548124 ], [ -123.004152, 45.549107 ], [ -123.001799, 45.549861 ], [ -123.000119, 45.54949 ], [ -122.998038, 45.550947 ], [ -123.001101, 45.552545 ], [ -122.998283, 45.553855 ], [ -122.999408, 45.554273 ], [ -122.998269, 45.555745 ], [ -122.995591, 45.555974 ], [ -122.995437, 45.558243 ], [ -122.993389, 45.557612 ], [ -122.992656, 45.558661 ], [ -122.993917, 45.562104 ], [ -122.992785, 45.562347 ], [ -122.992263, 45.564192 ], [ -122.990951, 45.564115 ], [ -122.989602, 45.566285 ], [ -122.98976, 45.568989 ], [ -122.988565, 45.5693 ], [ -122.992052, 45.571951 ], [ -122.991968, 45.573333 ], [ -122.99071, 45.573269 ], [ -122.988094, 45.574691 ], [ -122.987876, 45.575843 ], [ -122.991308, 45.578157 ], [ -122.989246, 45.57925 ], [ -122.99038, 45.580088 ], [ -122.9887, 45.580281 ], [ -122.989295, 45.581253 ], [ -122.986279, 45.581869 ], [ -122.988509, 45.584903 ], [ -122.986008, 45.58493 ], [ -122.98463, 45.585825 ], [ -122.984483, 45.586007 ], [ -122.968052, 45.579887 ], [ -122.92623, 45.564128 ], [ -122.926211, 45.563158 ], [ -122.926336, 45.550919 ], [ -122.939889, 45.551029 ], [ -122.945308, 45.551097 ], [ -122.945501, 45.551099 ], [ -122.948284, 45.551142 ], [ -122.956132, 45.5513 ], [ -122.958648, 45.552368 ], [ -122.961855, 45.552706 ], [ -122.963869, 45.551869 ], [ -122.965055, 45.550881 ], [ -122.966528, 45.550215 ], [ -122.967274, 45.550068 ], [ -122.973485, 45.550045 ], [ -122.97973, 45.550002 ], [ -122.979694, 45.544238 ], [ -122.979653, 45.538975 ], [ -122.979651, 45.538188 ], [ -122.979629, 45.536578 ], [ -122.979586, 45.532678 ], [ -122.979747, 45.531975 ], [ -122.983314, 45.528305 ], [ -122.986032, 45.528332 ], [ -122.989654, 45.528374 ], [ -122.991135, 45.527664 ], [ -122.99119, 45.533907 ], [ -122.995759, 45.53789 ], [ -123.001363, 45.542103 ], [ -123.004045, 45.543163 ], [ -123.003215, 45.54395 ], [ -123.0071, 45.547592 ], [ -123.005031, 45.54801 ] ] ] ] } },
{ "type": "Feature", "properties": { "GEOID": "41067032604", "average_size": 2.8782254413761885 }, "geometry": { "type": "MultiPolygon", "coordinates": [ [ [ [ -123.011488, 45.52229 ], [ -123.008533, 45.52191 ], [ -123.005453, 45.525361 ], [ -123.004592, 45.526838 ], [ -123.00469, 45.527291 ], [ -123.005546, 45.528713 ], [ -123.00606, 45.528651 ], [ -123.006553, 45.527965 ], [ -123.007264, 45.527742 ], [ -123.007386, 45.528088 ], [ -123.006573, 45.529342 ], [ -123.00469, 45.530065 ], [ -123.004722, 45.530623 ], [ -123.005039, 45.531008 ], [ -123.004837, 45.531775 ], [ -123.004687, 45.53214 ], [ -123.004649, 45.532762 ], [ -123.003447, 45.533034 ], [ -123.003292, 45.533676 ], [ -123.002615, 45.534317 ], [ -123.001995, 45.53461 ], [ -123.000006, 45.536568 ], [ -122.999758, 45.537572 ], [ -122.999718, 45.537581 ], [ -122.999903, 45.538155 ], [ -123.000087, 45.539686 ], [ -123.003426, 45.540673 ], [ -123.004045, 45.543163 ], [ -123.001363, 45.542103 ], [ -122.995759, 45.53789 ], [ -122.99119, 45.533907 ], [ -122.991135, 45.527664 ], [ -122.989654, 45.528374 ], [ -122.986032, 45.528332 ], [ -122.983314, 45.528305 ], [ -122.976162, 45.528236 ], [ -122.973773, 45.527777 ], [ -122.968896, 45.527567 ], [ -122.973756, 45.522649 ], [ -122.973877, 45.521291 ], [ -122.975553, 45.521304 ], [ -122.982558, 45.521353 ], [ -122.98435, 45.521366 ], [ -122.98681, 45.521319 ], [ -122.991205, 45.521388 ], [ -122.999052, 45.52147 ], [ -123.007397, 45.521087 ], [ -123.011403, 45.521655 ], [ -123.011488, 45.52229 ] ] ] ] } },
{ "type": "Feature", "properties": { "GEOID": "41067032606", "average_size": 2.2521386762719495 }, "geometry": { "type": "MultiPolygon", "coordinates": [ [ [ [ -122.979747, 45.531975 ], [ -122.979586, 45.532678 ], [ -122.979629, 45.536578 ], [ -122.964583, 45.536618 ], [ -122.957048, 45.536654 ], [ -122.956925, 45.53066 ], [ -122.956868, 45.530063 ], [ -122.956568, 45.529707 ], [ -122.956001, 45.529388 ], [ -122.954706, 45.52874 ], [ -122.954186, 45.52838 ], [ -122.954089, 45.528237 ], [ -122.95417, 45.525421 ], [ -122.961244, 45.522215 ], [ -122.963862, 45.521416 ], [ -122.965039, 45.521165 ], [ -122.970125, 45.521276 ], [ -122.973877, 45.521291 ], [ -122.973756, 45.522649 ], [ -122.968896, 45.527567 ], [ -122.973773, 45.527777 ], [ -122.976162, 45.528236 ], [ -122.983314, 45.528305 ], [ -122.979747, 45.531975 ] ] ] ] } },
{ "type": "Feature", "properties": { "GEOID": "41067032608", "average_size": 2.187304890738814 }, "geometry": { "type": "MultiPolygon", "coordinates": [ [ [ [ -122.963869, 45.551869 ], [ -122.961855, 45.552706 ], [ -122.958648, 45.552368 ], [ -122.956132, 45.5513 ], [ -122.948284, 45.551142 ], [ -122.945501, 45.551099 ], [ -122.945308, 45.551097 ], [ -122.939889, 45.551029 ], [ -122.926336, 45.550919 ], [ -122.926383, 45.549787 ], [ -122.927294, 45.548308 ], [ -122.926532, 45.547905 ], [ -122.926089, 45.547217 ], [ -122.926085, 45.538141 ], [ -122.919557, 45.538116 ], [ -122.918423, 45.537062 ], [ -122.918113, 45.534016 ], [ -122.920912, 45.53388 ], [ -122.92098, 45.53246 ], [ -122.923246, 45.531895 ], [ -122.924709, 45.530291 ], [ -122.929037, 45.530247 ], [ -122.936239, 45.528955 ], [ -122.937597, 45.52871 ], [ -122.944186, 45.527476 ], [ -122.95417, 45.525421 ], [ -122.954089, 45.528237 ], [ -122.954186, 45.52838 ], [ -122.954706, 45.52874 ], [ -122.956001, 45.529388 ], [ -122.956568, 45.529707 ], [ -122.956868, 45.530063 ], [ -122.956925, 45.53066 ], [ -122.957048, 45.536654 ], [ -122.957061, 45.538802 ], [ -122.957112, 45.540116 ], [ -122.957215, 45.543484 ], [ -122.962586, 45.548977 ], [ -122.962932, 45.550741 ], [ -122.963869, 45.551869 ] ] ] ] } },
{ "type": "Feature", "properties": { "GEOID": "41067032609", "average_size": 2.593142857142857 }, "geometry": { "type": "MultiPolygon", "coordinates": [ [ [ [ -122.97973, 45.550002 ], [ -122.973485, 45.550045 ], [ -122.967274, 45.550068 ], [ -122.966528, 45.550215 ], [ -122.965055, 45.550881 ], [ -122.963869, 45.551869 ], [ -122.962932, 45.550741 ], [ -122.962586, 45.548977 ], [ -122.957215, 45.543484 ], [ -122.957112, 45.540116 ], [ -122.966393, 45.540065 ], [ -122.966394, 45.542353 ], [ -122.971816, 45.541717 ], [ -122.972289, 45.543847 ], [ -122.979694, 45.544238 ], [ -122.97973, 45.550002 ] ] ] ] } },
{ "type": "Feature", "properties": { "GEOID": "41067032610", "average_size": 3.1535836177474401 }, "geometry": { "type": "MultiPolygon", "coordinates": [ [ [ [ -122.979694, 45.544238 ], [ -122.972289, 45.543847 ], [ -122.971816, 45.541717 ], [ -122.966394, 45.542353 ], [ -122.966393, 45.540065 ], [ -122.957112, 45.540116 ], [ -122.957061, 45.538802 ], [ -122.957048, 45.536654 ], [ -122.964583, 45.536618 ], [ -122.979629, 45.536578 ], [ -122.979651, 45.538188 ], [ -122.979653, 45.538975 ], [ -122.979694, 45.544238 ] ] ] ] } },
{ "type": "Feature", "properties": { "GEOID": "41067032611", "average_size": 1.4656390494540783 }, "geometry": { "type": "MultiPolygon", "coordinates": [ [ [ [ -122.923246, 45.531895 ], [ -122.92098, 45.53246 ], [ -122.920912, 45.53388 ], [ -122.918113, 45.534016 ], [ -122.911971, 45.534292 ], [ -122.912386, 45.532578 ], [ -122.911442, 45.532004 ], [ -122.911923, 45.530245 ], [ -122.914729, 45.530351 ], [ -122.924709, 45.530291 ], [ -122.923246, 45.531895 ] ] ] ] } },
{ "type": "Feature", "properties": { "GEOID": "41067032612", "average_size": 1.9443099273607749 }, "geometry": { "type": "MultiPolygon", "coordinates": [ [ [ [ -122.927294, 45.548308 ], [ -122.926383, 45.549787 ], [ -122.926336, 45.550919 ], [ -122.926211, 45.563158 ], [ -122.92623, 45.564128 ], [ -122.900842, 45.5546 ], [ -122.899926, 45.549681 ], [ -122.899953, 45.546361 ], [ -122.900207, 45.539591 ], [ -122.899679, 45.534776 ], [ -122.899792, 45.526779 ], [ -122.900462, 45.526995 ], [ -122.909095, 45.52974 ], [ -122.911923, 45.530245 ], [ -122.911442, 45.532004 ], [ -122.912386, 45.532578 ], [ -122.911971, 45.534292 ], [ -122.918113, 45.534016 ], [ -122.918423, 45.537062 ], [ -122.919557, 45.538116 ], [ -122.926085, 45.538141 ], [ -122.926089, 45.547217 ], [ -122.926532, 45.547905 ], [ -122.927294, 45.548308 ] ] ] ] } },
{ "type": "Feature", "properties": { "GEOID": "41067032700", "average_size": 2.4984984984984986 }, "geometry": { "type": "MultiPolygon", "coordinates": [ [ [ [ -123.127442, 45.771362 ], [ -123.125964, 45.773984 ], [ -123.123677, 45.775819 ], [ -123.122523, 45.776093 ], [ -123.121411, 45.778718 ], [ -123.122083, 45.780154 ], [ -123.115179, 45.780131 ], [ -123.051181, 45.779371 ], [ -123.050674, 45.779362 ], [ -123.030873, 45.779159 ], [ -123.0317, 45.765779 ], [ -123.031837, 45.75142 ], [ -123.011137, 45.751458 ], [ -122.990344, 45.750835 ], [ -122.990368, 45.736459 ], [ -122.928901, 45.735688 ], [ -122.929146, 45.721482 ], [ -122.929122, 45.698697 ], [ -122.929145, 45.69381 ], [ -122.928956, 45.67835 ], [ -122.929193, 45.671015 ], [ -122.929128, 45.635313 ], [ -122.918725, 45.635399 ], [ -122.909078, 45.635228 ], [ -122.908992, 45.620763 ], [ -122.887837, 45.620466 ], [ -122.887963, 45.606352 ], [ -122.868303, 45.606223 ], [ -122.86989, 45.605186 ], [ -122.872183, 45.604636 ], [ -122.877785, 45.604937 ], [ -122.879506, 45.604309 ], [ -122.884443, 45.601293 ], [ -122.88821, 45.599269 ], [ -122.890835, 45.598402 ], [ -122.904897, 45.595537 ], [ -122.907788, 45.59402 ], [ -122.908422, 45.592853 ], [ -122.907321, 45.589953 ], [ -122.900991, 45.583346 ], [ -122.899812, 45.580203 ], [ -122.898883, 45.570886 ], [ -122.896148, 45.569717 ], [ -122.894028, 45.566338 ], [ -122.898102, 45.560467 ], [ -122.898898, 45.559406 ], [ -122.900859, 45.556464 ], [ -122.900842, 45.5546 ], [ -122.92623, 45.564128 ], [ -122.968052, 45.579887 ], [ -122.984483, 45.586007 ], [ -122.990743, 45.588364 ], [ -123.013727, 45.596998 ], [ -123.032695, 45.604129 ], [ -123.044179, 45.608409 ], [ -123.043893, 45.60958 ], [ -123.040063, 45.612534 ], [ -123.038809, 45.612291 ], [ -123.036205, 45.614893 ], [ -123.032285, 45.615754 ], [ -123.029847, 45.617711 ], [ -123.028958, 45.618455 ], [ -123.030238, 45.620962 ], [ -123.028698, 45.621633 ], [ -123.028506, 45.62323 ], [ -123.030456, 45.624522 ], [ -123.030345, 45.626196 ], [ -123.031807, 45.626897 ], [ -123.030727, 45.627933 ], [ -123.032096, 45.628423 ], [ -123.031282, 45.629188 ], [ -123.033939, 45.632981 ], [ -123.036359, 45.63236 ], [ -123.038966, 45.633812 ], [ -123.040631, 45.633119 ], [ -123.044211, 45.635536 ], [ -123.044416, 45.639609 ], [ -123.046222, 45.644753 ], [ -123.046492, 45.64652 ], [ -123.050918, 45.6541 ], [ -123.052548, 45.656444 ], [ -123.052527, 45.662118 ], [ -123.054912, 45.664855 ], [ -123.054968, 45.666256 ], [ -123.057712, 45.669232 ], [ -123.061473, 45.671936 ], [ -123.06491, 45.675455 ], [ -123.067181, 45.676486 ], [ -123.068253, 45.677833 ], [ -123.067922, 45.686023 ], [ -123.066728, 45.69387 ], [ -123.065624, 45.695173 ], [ -123.065131, 45.697035 ], [ -123.065691, 45.699051 ], [ -123.064788, 45.699904 ], [ -123.064303, 45.702229 ], [ -123.063175, 45.704001 ], [ -123.063835, 45.708132 ], [ -123.062771, 45.709261 ], [ -123.062619, 45.712068 ], [ -123.064513, 45.714657 ], [ -123.068747, 45.718566 ], [ -123.070441, 45.720903 ], [ -123.07071, 45.72253 ], [ -123.07454, 45.7239 ], [ -123.077159, 45.726184 ], [ -123.07913, 45.72713 ], [ -123.081196, 45.729563 ], [ -123.080897, 45.732765 ], [ -123.079985, 45.734484 ], [ -123.082751, 45.735654 ], [ -123.085246, 45.737178 ], [ -123.088531, 45.737932 ], [ -123.089968, 45.74064 ], [ -123.091579, 45.740575 ], [ -123.090899, 45.742965 ], [ -123.09106, 45.744894 ], [ -123.092105, 45.745869 ], [ -123.093507, 45.746228 ], [ -123.09759, 45.745301 ], [ -123.09989, 45.747375 ], [ -123.105673, 45.747412 ], [ -123.109601, 45.748086 ], [ -123.114608, 45.750358 ], [ -123.118518, 45.751527 ], [ -123.12109, 45.755251 ], [ -123.120914, 45.757751 ], [ -123.122592, 45.761869 ], [ -123.125961, 45.762894 ], [ -123.127365, 45.764196 ], [ -123.126658, 45.768368 ], [ -123.127539, 45.769416 ], [ -123.127442, 45.771362 ] ] ] ] } },
{ "type": "Feature", "properties": { "GEOID": "41067032800", "average_size": 2.7531380753138075 }, "geometry": { "type": "MultiPolygon", "coordinates": [ [ [ [ -123.114358, 45.609154 ], [ -123.107295, 45.608561 ], [ -123.104189, 45.608634 ], [ -123.100039, 45.609217 ], [ -123.067715, 45.615994 ], [ -123.063944, 45.615786 ], [ -123.054408, 45.612263 ], [ -123.044179, 45.608409 ], [ -123.032695, 45.604129 ], [ -123.013727, 45.596998 ], [ -122.990743, 45.588364 ], [ -122.984483, 45.586007 ], [ -122.98463, 45.585825 ], [ -122.986008, 45.58493 ], [ -122.988509, 45.584903 ], [ -122.986279, 45.581869 ], [ -122.989295, 45.581253 ], [ -122.9887, 45.580281 ], [ -122.99038, 45.580088 ], [ -122.989246, 45.57925 ], [ -122.991308, 45.578157 ], [ -122.987876, 45.575843 ], [ -122.988094, 45.574691 ], [ -122.99071, 45.573269 ], [ -122.991968, 45.573333 ], [ -122.992052, 45.571951 ], [ -122.988565, 45.5693 ], [ -122.98976, 45.568989 ], [ -122.989602, 45.566285 ], [ -122.990951, 45.564115 ], [ -122.992263, 45.564192 ], [ -122.992785, 45.562347 ], [ -122.993917, 45.562104 ], [ -122.992656, 45.558661 ], [ -122.993389, 45.557612 ], [ -122.995437, 45.558243 ], [ -122.995591, 45.555974 ], [ -122.998269, 45.555745 ], [ -122.999408, 45.554273 ], [ -122.998283, 45.553855 ], [ -123.001101, 45.552545 ], [ -122.998038, 45.550947 ], [ -123.000119, 45.54949 ], [ -123.001799, 45.549861 ], [ -123.004152, 45.549107 ], [ -123.002263, 45.548124 ], [ -123.002199, 45.547616 ], [ -123.00409, 45.547051 ], [ -123.005031, 45.54801 ], [ -123.0071, 45.547592 ], [ -123.003215, 45.54395 ], [ -123.004045, 45.543163 ], [ -123.003426, 45.540673 ], [ -123.000087, 45.539686 ], [ -122.999903, 45.538155 ], [ -122.999718, 45.537581 ], [ -122.999758, 45.537572 ], [ -123.000006, 45.536568 ], [ -123.001995, 45.53461 ], [ -123.002615, 45.534317 ], [ -123.003292, 45.533676 ], [ -123.003447, 45.533034 ], [ -123.004649, 45.532762 ], [ -123.004687, 45.53214 ], [ -123.004837, 45.531775 ], [ -123.005039, 45.531008 ], [ -123.004722, 45.530623 ], [ -123.00469, 45.530065 ], [ -123.006573, 45.529342 ], [ -123.007386, 45.528088 ], [ -123.007264, 45.527742 ], [ -123.006553, 45.527965 ], [ -123.00606, 45.528651 ], [ -123.005546, 45.528713 ], [ -123.00469, 45.527291 ], [ -123.004592, 45.526838 ], [ -123.005453, 45.525361 ], [ -123.008533, 45.52191 ], [ -123.011488, 45.52229 ], [ -123.013876, 45.523781 ], [ -123.016881, 45.524303 ], [ -123.015772, 45.52586 ], [ -123.017331, 45.527453 ], [ -123.016644, 45.528111 ], [ -123.017563, 45.530122 ], [ -123.020294, 45.532268 ], [ -123.021083, 45.531566 ], [ -123.023348, 45.531539 ], [ -123.024049, 45.533208 ], [ -123.021323, 45.534302 ], [ -123.023907, 45.535179 ], [ -123.022532, 45.536053 ], [ -123.024358, 45.537088 ], [ -123.025734, 45.535638 ], [ -123.028771, 45.53548 ], [ -123.029553, 45.533963 ], [ -123.030481, 45.534921 ], [ -123.035228, 45.53487 ], [ -123.035798, 45.536117 ], [ -123.034103, 45.537117 ], [ -123.036733, 45.53897 ], [ -123.036842, 45.540136 ], [ -123.038849, 45.540094 ], [ -123.040972, 45.539158 ], [ -123.041802, 45.539517 ], [ -123.044267, 45.540137 ], [ -123.04497, 45.540889 ], [ -123.044977, 45.542972 ], [ -123.044079, 45.544246 ], [ -123.045156, 45.545092 ], [ -123.044164, 45.546375 ], [ -123.047092, 45.546711 ], [ -123.048108, 45.544749 ], [ -123.050536, 45.545909 ], [ -123.051965, 45.545598 ], [ -123.052715, 45.547425 ], [ -123.054284, 45.547442 ], [ -123.054019, 45.548545 ], [ -123.056814, 45.54902 ], [ -123.056822, 45.550667 ], [ -123.059532, 45.551647 ], [ -123.060008, 45.552835 ], [ -123.061398, 45.553109 ], [ -123.062768, 45.554881 ], [ -123.063762, 45.553916 ], [ -123.06406, 45.551432 ], [ -123.073467, 45.551474 ], [ -123.07558, 45.55142 ], [ -123.080311, 45.550609 ], [ -123.082513, 45.550209 ], [ -123.083683, 45.549974 ], [ -123.085303, 45.549703 ], [ -123.086201, 45.549534 ], [ -123.089037, 45.548989 ], [ -123.093387, 45.54818 ], [ -123.096216, 45.547695 ], [ -123.1061, 45.547825 ], [ -123.105528, 45.557688 ], [ -123.105748, 45.562938 ], [ -123.10579, 45.563803 ], [ -123.106117, 45.56621 ], [ -123.109324, 45.57016 ], [ -123.109433, 45.574974 ], [ -123.109838, 45.575852 ], [ -123.113706, 45.581749 ], [ -123.114249, 45.582941 ], [ -123.114358, 45.609154 ] ] ] ] } },
{ "type": "Feature", "properties": { "GEOID": "41067032901", "average_size": 2.8567099567099565 }, "geometry": { "type": "MultiPolygon", "coordinates": [ [ [ [ -123.082781, 45.527675 ], [ -123.07864, 45.535731 ], [ -123.075152, 45.538463 ], [ -123.07327, 45.54182 ], [ -123.073375, 45.546918 ], [ -123.073368, 45.548921 ], [ -123.073467, 45.551474 ], [ -123.06406, 45.551432 ], [ -123.063762, 45.553916 ], [ -123.062768, 45.554881 ], [ -123.061398, 45.553109 ], [ -123.060008, 45.552835 ], [ -123.059532, 45.551647 ], [ -123.056822, 45.550667 ], [ -123.056814, 45.54902 ], [ -123.054019, 45.548545 ], [ -123.054284, 45.547442 ], [ -123.052715, 45.547425 ], [ -123.051965, 45.545598 ], [ -123.050536, 45.545909 ], [ -123.048108, 45.544749 ], [ -123.047092, 45.546711 ], [ -123.044164, 45.546375 ], [ -123.045156, 45.545092 ], [ -123.044079, 45.544246 ], [ -123.044977, 45.542972 ], [ -123.04497, 45.540889 ], [ -123.044267, 45.540137 ], [ -123.041802, 45.539517 ], [ -123.040972, 45.539158 ], [ -123.038849, 45.540094 ], [ -123.036842, 45.540136 ], [ -123.036733, 45.53897 ], [ -123.034103, 45.537117 ], [ -123.035798, 45.536117 ], [ -123.035228, 45.53487 ], [ -123.030481, 45.534921 ], [ -123.029553, 45.533963 ], [ -123.028771, 45.53548 ], [ -123.025734, 45.535638 ], [ -123.024358, 45.537088 ], [ -123.022532, 45.536053 ], [ -123.023907, 45.535179 ], [ -123.021323, 45.534302 ], [ -123.024049, 45.533208 ], [ -123.023348, 45.531539 ], [ -123.021083, 45.531566 ], [ -123.020294, 45.532268 ], [ -123.017563, 45.530122 ], [ -123.016644, 45.528111 ], [ -123.017331, 45.527453 ], [ -123.015772, 45.52586 ], [ -123.016881, 45.524303 ], [ -123.013876, 45.523781 ], [ -123.011488, 45.52229 ], [ -123.011403, 45.521655 ], [ -123.011721, 45.520666 ], [ -123.010926, 45.519986 ], [ -123.022221, 45.519957 ], [ -123.02558, 45.519977 ], [ -123.026699, 45.519977 ], [ -123.029518, 45.519988 ], [ -123.043856, 45.520064 ], [ -123.054615, 45.520065 ], [ -123.059499, 45.520075 ], [ -123.070712, 45.520133 ], [ -123.070573, 45.523986 ], [ -123.066677, 45.523998 ], [ -123.066654, 45.526696 ], [ -123.064718, 45.526833 ], [ -123.064665, 45.528394 ], [ -123.064599, 45.530822 ], [ -123.06657, 45.531089 ], [ -123.067026, 45.530308 ], [ -123.07163, 45.528874 ], [ -123.075108, 45.52991 ], [ -123.07709, 45.527896 ], [ -123.079697, 45.528361 ], [ -123.082718, 45.527621 ], [ -123.082781, 45.527675 ] ] ] ] } },
{ "type": "Feature", "properties": { "GEOID": "41067032903", "average_size": 2.741991341991342 }, "geometry": { "type": "MultiPolygon", "coordinates": [ [ [ [ -123.091314, 45.509615 ], [ -123.091287, 45.512013 ], [ -123.07874, 45.517093 ], [ -123.075833, 45.518002 ], [ -123.07253, 45.518799 ], [ -123.070716, 45.51909 ], [ -123.070712, 45.520133 ], [ -123.059499, 45.520075 ], [ -123.059503, 45.516688 ], [ -123.059635, 45.513847 ], [ -123.060478, 45.510762 ], [ -123.060567, 45.508163 ], [ -123.060433, 45.507697 ], [ -123.060027, 45.506069 ], [ -123.058635, 45.502248 ], [ -123.056164, 45.502204 ], [ -123.053855, 45.501474 ], [ -123.054355, 45.498093 ], [ -123.056407, 45.497516 ], [ -123.056984, 45.495441 ], [ -123.055042, 45.493385 ], [ -123.059746, 45.49355 ], [ -123.062289, 45.492676 ], [ -123.065052, 45.493619 ], [ -123.065551, 45.4914 ], [ -123.068179, 45.492676 ], [ -123.070794, 45.492162 ], [ -123.070012, 45.495599 ], [ -123.073385, 45.494296 ], [ -123.070695, 45.497638 ], [ -123.070642, 45.501648 ], [ -123.083512, 45.501801 ], [ -123.08497, 45.502495 ], [ -123.089618, 45.501977 ], [ -123.089701, 45.502331 ], [ -123.091352, 45.505926 ], [ -123.091314, 45.509615 ] ] ] ] } },
{ "type": "Feature", "properties": { "GEOID": "41067032904", "average_size": 3.1563126252505009 }, "geometry": { "type": "MultiPolygon", "coordinates": [ [ [ [ -123.060478, 45.510762 ], [ -123.059635, 45.513847 ], [ -123.059503, 45.516688 ], [ -123.059499, 45.520075 ], [ -123.054615, 45.520065 ], [ -123.043856, 45.520064 ], [ -123.029518, 45.519988 ], [ -123.026699, 45.519977 ], [ -123.02558, 45.519977 ], [ -123.022221, 45.519957 ], [ -123.010926, 45.519986 ], [ -123.010889, 45.517451 ], [ -123.0092, 45.516501 ], [ -123.0094, 45.515718 ], [ -123.00829, 45.513593 ], [ -123.00648, 45.513012 ], [ -123.007714, 45.511919 ], [ -123.005967, 45.510245 ], [ -123.006788, 45.509317 ], [ -123.004894, 45.5065 ], [ -123.002655, 45.505429 ], [ -122.998317, 45.504714 ], [ -122.996217, 45.503953 ], [ -122.997074, 45.503003 ], [ -122.994943, 45.502364 ], [ -122.995723, 45.50155 ], [ -122.997836, 45.499839 ], [ -123.000329, 45.496919 ], [ -123.003061, 45.49866 ], [ -123.003989, 45.498449 ], [ -123.005685, 45.496239 ], [ -123.009187, 45.497607 ], [ -123.012027, 45.497534 ], [ -123.013814, 45.496702 ], [ -123.016116, 45.496445 ], [ -123.016227, 45.495081 ], [ -123.017905, 45.493897 ], [ -123.020136, 45.49432 ], [ -123.021214, 45.492821 ], [ -123.019701, 45.492232 ], [ -123.021363, 45.491057 ], [ -123.022735, 45.492933 ], [ -123.025708, 45.492014 ], [ -123.027135, 45.492766 ], [ -123.031605, 45.493768 ], [ -123.037261, 45.494594 ], [ -123.037323, 45.496197 ], [ -123.035349, 45.496148 ], [ -123.034045, 45.498326 ], [ -123.035323, 45.500293 ], [ -123.036852, 45.500526 ], [ -123.036081, 45.499059 ], [ -123.037345, 45.498154 ], [ -123.038851, 45.499067 ], [ -123.037711, 45.500215 ], [ -123.037921, 45.501597 ], [ -123.036594, 45.502768 ], [ -123.03539, 45.506004 ], [ -123.037787, 45.505598 ], [ -123.039922, 45.507599 ], [ -123.044677, 45.505857 ], [ -123.047626, 45.506359 ], [ -123.044605, 45.509952 ], [ -123.047587, 45.509888 ], [ -123.048211, 45.51095 ], [ -123.051489, 45.509661 ], [ -123.051799, 45.51261 ], [ -123.05476, 45.510923 ], [ -123.052862, 45.509958 ], [ -123.05333, 45.509129 ], [ -123.052472, 45.507185 ], [ -123.053979, 45.504637 ], [ -123.056117, 45.503547 ], [ -123.056164, 45.502204 ], [ -123.058635, 45.502248 ], [ -123.060027, 45.506069 ], [ -123.060433, 45.507697 ], [ -123.060567, 45.508163 ], [ -123.060478, 45.510762 ] ] ] ] } },
{ "type": "Feature", "properties": { "GEOID": "41067033000", "average_size": 2.568663594470046 }, "geometry": { "type": "MultiPolygon", "coordinates": [ [ [ [ -123.200608, 45.438372 ], [ -123.197973, 45.437873 ], [ -123.195491, 45.438129 ], [ -123.192763, 45.439512 ], [ -123.191117, 45.441741 ], [ -123.185283, 45.443809 ], [ -123.182142, 45.444473 ], [ -123.180809, 45.446744 ], [ -123.177563, 45.448522 ], [ -123.170462, 45.447997 ], [ -123.16725, 45.447415 ], [ -123.160099, 45.444034 ], [ -123.157941, 45.443549 ], [ -123.15388, 45.444749 ], [ -123.15213, 45.446702 ], [ -123.151322, 45.44937 ], [ -123.151815, 45.452031 ], [ -123.153668, 45.454395 ], [ -123.154977, 45.456794 ], [ -123.156201, 45.461016 ], [ -123.155999, 45.461429 ], [ -123.150328, 45.464815 ], [ -123.147241, 45.468394 ], [ -123.143011, 45.470115 ], [ -123.141136, 45.472239 ], [ -123.137407, 45.478186 ], [ -123.135683, 45.480124 ], [ -123.131406, 45.482601 ], [ -123.129369, 45.480548 ], [ -123.12908, 45.480254 ], [ -123.128293, 45.479451 ], [ -123.125131, 45.474795 ], [ -123.122065, 45.476559 ], [ -123.122432, 45.477324 ], [ -123.119321, 45.478282 ], [ -123.116101, 45.479207 ], [ -123.117107, 45.479526 ], [ -123.116781, 45.481151 ], [ -123.119114, 45.482004 ], [ -123.118859, 45.484875 ], [ -123.117012, 45.486655 ], [ -123.114173, 45.486374 ], [ -123.112638, 45.48805 ], [ -123.11278, 45.49053 ], [ -123.108435, 45.491061 ], [ -123.107444, 45.490346 ], [ -123.105884, 45.491126 ], [ -123.10536, 45.489695 ], [ -123.101351, 45.490095 ], [ -123.099417, 45.491474 ], [ -123.096383, 45.491963 ], [ -123.097109, 45.493101 ], [ -123.095346, 45.493386 ], [ -123.093036, 45.492546 ], [ -123.092319, 45.493015 ], [ -123.093755, 45.494931 ], [ -123.095917, 45.49654 ], [ -123.094357, 45.496897 ], [ -123.090986, 45.496148 ], [ -123.089855, 45.496712 ], [ -123.08899, 45.4988 ], [ -123.089302, 45.499975 ], [ -123.088562, 45.501834 ], [ -123.08576, 45.501314 ], [ -123.084552, 45.502049 ], [ -123.085003, 45.500298 ], [ -123.082709, 45.499431 ], [ -123.082038, 45.498441 ], [ -123.083473, 45.496226 ], [ -123.080538, 45.494792 ], [ -123.077878, 45.495181 ], [ -123.076372, 45.493949 ], [ -123.07638, 45.49592 ], [ -123.074586, 45.495805 ], [ -123.075233, 45.494607 ], [ -123.074585, 45.494058 ], [ -123.073385, 45.494296 ], [ -123.070012, 45.495599 ], [ -123.070794, 45.492162 ], [ -123.068179, 45.492676 ], [ -123.065551, 45.4914 ], [ -123.065052, 45.493619 ], [ -123.062289, 45.492676 ], [ -123.059746, 45.49355 ], [ -123.055042, 45.493385 ], [ -123.056984, 45.495441 ], [ -123.056407, 45.497516 ], [ -123.054355, 45.498093 ], [ -123.053855, 45.501474 ], [ -123.056164, 45.502204 ], [ -123.056117, 45.503547 ], [ -123.053979, 45.504637 ], [ -123.052472, 45.507185 ], [ -123.05333, 45.509129 ], [ -123.052862, 45.509958 ], [ -123.05476, 45.510923 ], [ -123.051799, 45.51261 ], [ -123.051489, 45.509661 ], [ -123.048211, 45.51095 ], [ -123.047587, 45.509888 ], [ -123.044605, 45.509952 ], [ -123.047626, 45.506359 ], [ -123.044677, 45.505857 ], [ -123.039922, 45.507599 ], [ -123.037787, 45.505598 ], [ -123.03539, 45.506004 ], [ -123.036594, 45.502768 ], [ -123.037921, 45.501597 ], [ -123.037711, 45.500215 ], [ -123.038851, 45.499067 ], [ -123.037345, 45.498154 ], [ -123.036081, 45.499059 ], [ -123.036852, 45.500526 ], [ -123.035323, 45.500293 ], [ -123.034045, 45.498326 ], [ -123.035349, 45.496148 ], [ -123.037323, 45.496197 ], [ -123.037261, 45.494594 ], [ -123.031605, 45.493768 ], [ -123.027135, 45.492766 ], [ -123.025708, 45.492014 ], [ -123.022735, 45.492933 ], [ -123.021363, 45.491057 ], [ -123.019701, 45.492232 ], [ -123.021214, 45.492821 ], [ -123.020136, 45.49432 ], [ -123.017905, 45.493897 ], [ -123.016227, 45.495081 ], [ -123.016116, 45.496445 ], [ -123.013814, 45.496702 ], [ -123.012027, 45.497534 ], [ -123.009187, 45.497607 ], [ -123.005685, 45.496239 ], [ -123.003989, 45.498449 ], [ -123.003061, 45.49866 ], [ -123.000329, 45.496919 ], [ -122.997836, 45.499839 ], [ -122.995723, 45.50155 ], [ -122.995623, 45.500627 ], [ -122.991296, 45.500186 ], [ -122.99063, 45.49978 ], [ -122.987678, 45.497351 ], [ -122.986137, 45.49955 ], [ -122.984314, 45.498212 ], [ -122.982148, 45.498699 ], [ -122.980418, 45.499009 ], [ -122.981985, 45.497045 ], [ -122.982165, 45.495579 ], [ -122.983929, 45.493696 ], [ -122.982184, 45.492431 ], [ -122.982301, 45.490613 ], [ -122.983573, 45.492573 ], [ -122.986081, 45.492517 ], [ -122.986911, 45.491659 ], [ -122.987466, 45.488721 ], [ -122.987229, 45.486057 ], [ -122.985466, 45.487078 ], [ -122.984674, 45.485841 ], [ -122.982204, 45.484896 ], [ -122.978451, 45.484177 ], [ -122.977769, 45.482546 ], [ -122.974919, 45.480639 ], [ -122.973518, 45.480804 ], [ -122.973802, 45.482321 ], [ -122.971362, 45.481198 ], [ -122.968733, 45.480647 ], [ -122.969121, 45.479136 ], [ -122.967428, 45.478243 ], [ -122.966424, 45.47865 ], [ -122.966275, 45.480122 ], [ -122.965003, 45.478041 ], [ -122.962696, 45.47809 ], [ -122.964514, 45.479348 ], [ -122.962522, 45.480304 ], [ -122.960905, 45.479681 ], [ -122.959739, 45.480767 ], [ -122.960633, 45.481706 ], [ -122.959238, 45.482182 ], [ -122.959186, 45.483738 ], [ -122.960204, 45.484492 ], [ -122.959519, 45.486598 ], [ -122.959788, 45.488127 ], [ -122.958141, 45.488293 ], [ -122.954744, 45.489493 ], [ -122.954066, 45.489767 ], [ -122.946555, 45.490706 ], [ -122.944437, 45.490828 ], [ -122.943095, 45.490802 ], [ -122.941462, 45.488987 ], [ -122.941971, 45.487879 ], [ -122.942564, 45.485718 ], [ -122.94162, 45.48423 ], [ -122.940454, 45.483999 ], [ -122.938273, 45.48505 ], [ -122.938618, 45.48165 ], [ -122.941337, 45.481008 ], [ -122.942197, 45.482024 ], [ -122.94241, 45.480287 ], [ -122.941616, 45.47791 ], [ -122.940708, 45.477589 ], [ -122.940219, 45.479659 ], [ -122.939032, 45.480768 ], [ -122.937591, 45.480764 ], [ -122.935204, 45.47733 ], [ -122.937451, 45.475616 ], [ -122.935781, 45.475084 ], [ -122.934444, 45.472005 ], [ -122.933845, 45.469098 ], [ -122.934267, 45.467246 ], [ -122.935223, 45.466843 ], [ -122.937122, 45.467617 ], [ -122.937831, 45.469682 ], [ -122.938857, 45.470424 ], [ -122.941942, 45.468725 ], [ -122.943845, 45.4688 ], [ -122.944124, 45.465131 ], [ -122.943302, 45.461725 ], [ -122.945389, 45.45993 ], [ -122.946574, 45.45746 ], [ -122.947264, 45.453139 ], [ -122.956758, 45.44289 ], [ -122.957748, 45.440711 ], [ -122.9573, 45.438956 ], [ -122.95608, 45.438021 ], [ -122.953985, 45.43754 ], [ -122.956274, 45.434979 ], [ -122.958112, 45.43372 ], [ -122.959876, 45.434054 ], [ -122.960279, 45.432774 ], [ -122.957532, 45.430356 ], [ -122.959776, 45.426283 ], [ -122.960407, 45.425388 ], [ -122.960776, 45.418535 ], [ -122.991294, 45.418699 ], [ -122.991394, 45.405605 ], [ -122.992554, 45.402872 ], [ -122.991512, 45.401859 ], [ -122.993911, 45.402055 ], [ -122.994084, 45.398683 ], [ -122.995123, 45.39631 ], [ -122.998766, 45.39586 ], [ -123.000263, 45.3946 ], [ -122.996324, 45.394431 ], [ -122.994866, 45.393312 ], [ -122.9955, 45.392439 ], [ -122.997395, 45.392523 ], [ -122.995747, 45.391047 ], [ -123.001188, 45.390963 ], [ -123.002244, 45.390256 ], [ -123.003572, 45.386842 ], [ -123.008304, 45.383253 ], [ -123.011645, 45.382183 ], [ -123.01129, 45.390905 ], [ -123.014476, 45.390993 ], [ -123.027879, 45.390902 ], [ -123.032294, 45.390891 ], [ -123.032161, 45.404962 ], [ -123.05267, 45.404727 ], [ -123.062894, 45.404898 ], [ -123.063593, 45.404896 ], [ -123.072998, 45.405082 ], [ -123.083758, 45.404517 ], [ -123.103125, 45.404421 ], [ -123.112032, 45.404393 ], [ -123.114641, 45.404383 ], [ -123.114696, 45.418957 ], [ -123.134658, 45.418937 ], [ -123.135231, 45.424348 ], [ -123.135427, 45.433459 ], [ -123.137607, 45.433468 ], [ -123.138987, 45.433473 ], [ -123.142683, 45.433489 ], [ -123.151954, 45.433528 ], [ -123.156018, 45.433541 ], [ -123.176888, 45.433584 ], [ -123.180951, 45.433599 ], [ -123.196977, 45.433667 ], [ -123.209265, 45.433707 ], [ -123.200608, 45.438372 ] ] ] ] } },
{ "type": "Feature", "properties": { "GEOID": "41067033101", "average_size": 2.373217115689382 }, "geometry": { "type": "MultiPolygon", "coordinates": [ [ [ [ -123.150407, 45.510903 ], [ -123.141575, 45.511626 ], [ -123.137105, 45.513744 ], [ -123.131385, 45.516951 ], [ -123.129969, 45.518693 ], [ -123.129671, 45.519722 ], [ -123.1286, 45.520128 ], [ -123.127074, 45.520153 ], [ -123.121102, 45.519926 ], [ -123.119862, 45.519725 ], [ -123.112052, 45.51966 ], [ -123.10658, 45.519639 ], [ -123.099237, 45.51963 ], [ -123.099445, 45.509365 ], [ -123.101687, 45.509082 ], [ -123.10511, 45.508874 ], [ -123.105575, 45.508784 ], [ -123.107032, 45.508351 ], [ -123.107811, 45.508001 ], [ -123.115419, 45.502652 ], [ -123.116025, 45.502164 ], [ -123.117864, 45.500441 ], [ -123.119862, 45.497634 ], [ -123.123864, 45.490282 ], [ -123.126345, 45.489835 ], [ -123.128913, 45.492591 ], [ -123.129341, 45.493101 ], [ -123.130288, 45.496809 ], [ -123.132385, 45.505327 ], [ -123.141572, 45.505279 ], [ -123.145877, 45.506302 ], [ -123.148556, 45.508158 ], [ -123.150407, 45.510903 ] ] ] ] } },
{ "type": "Feature", "properties": { "GEOID": "41067033102", "average_size": 2.8149417409184374 }, "geometry": { "type": "MultiPolygon", "coordinates": [ [ [ [ -123.130608, 45.483243 ], [ -123.126534, 45.485556 ], [ -123.126379, 45.48583 ], [ -123.123864, 45.490282 ], [ -123.119862, 45.497634 ], [ -123.117864, 45.500441 ], [ -123.116025, 45.502164 ], [ -123.115419, 45.502652 ], [ -123.107811, 45.508001 ], [ -123.107032, 45.508351 ], [ -123.105575, 45.508784 ], [ -123.10511, 45.508874 ], [ -123.101687, 45.509082 ], [ -123.099445, 45.509365 ], [ -123.099237, 45.51963 ], [ -123.096786, 45.520194 ], [ -123.091197, 45.520157 ], [ -123.088001, 45.520143 ], [ -123.084189, 45.520226 ], [ -123.070712, 45.520133 ], [ -123.070716, 45.51909 ], [ -123.07253, 45.518799 ], [ -123.075833, 45.518002 ], [ -123.07874, 45.517093 ], [ -123.091287, 45.512013 ], [ -123.091314, 45.509615 ], [ -123.091352, 45.505926 ], [ -123.089701, 45.502331 ], [ -123.089618, 45.501977 ], [ -123.08497, 45.502495 ], [ -123.083512, 45.501801 ], [ -123.070642, 45.501648 ], [ -123.070695, 45.497638 ], [ -123.073385, 45.494296 ], [ -123.074585, 45.494058 ], [ -123.075233, 45.494607 ], [ -123.074586, 45.495805 ], [ -123.07638, 45.49592 ], [ -123.076372, 45.493949 ], [ -123.077878, 45.495181 ], [ -123.080538, 45.494792 ], [ -123.083473, 45.496226 ], [ -123.082038, 45.498441 ], [ -123.082709, 45.499431 ], [ -123.085003, 45.500298 ], [ -123.084552, 45.502049 ], [ -123.08576, 45.501314 ], [ -123.088562, 45.501834 ], [ -123.089302, 45.499975 ], [ -123.08899, 45.4988 ], [ -123.089855, 45.496712 ], [ -123.090986, 45.496148 ], [ -123.094357, 45.496897 ], [ -123.095917, 45.49654 ], [ -123.093755, 45.494931 ], [ -123.092319, 45.493015 ], [ -123.093036, 45.492546 ], [ -123.095346, 45.493386 ], [ -123.097109, 45.493101 ], [ -123.096383, 45.491963 ], [ -123.099417, 45.491474 ], [ -123.101351, 45.490095 ], [ -123.10536, 45.489695 ], [ -123.105884, 45.491126 ], [ -123.107444, 45.490346 ], [ -123.108435, 45.491061 ], [ -123.11278, 45.49053 ], [ -123.112638, 45.48805 ], [ -123.114173, 45.486374 ], [ -123.117012, 45.486655 ], [ -123.118859, 45.484875 ], [ -123.119114, 45.482004 ], [ -123.116781, 45.481151 ], [ -123.117107, 45.479526 ], [ -123.116101, 45.479207 ], [ -123.119321, 45.478282 ], [ -123.122432, 45.477324 ], [ -123.122065, 45.476559 ], [ -123.125131, 45.474795 ], [ -123.128293, 45.479451 ], [ -123.12908, 45.480254 ], [ -123.129369, 45.480548 ], [ -123.131406, 45.482601 ], [ -123.130608, 45.483243 ] ] ] ] } },
{ "type": "Feature", "properties": { "GEOID": "41067033201", "average_size": 2.0972488803582854 }, "geometry": { "type": "MultiPolygon", "coordinates": [ [ [ [ -123.106573, 45.520224 ], [ -123.104711, 45.520922 ], [ -123.09916, 45.523537 ], [ -123.095276, 45.523933 ], [ -123.08802, 45.523915 ], [ -123.084065, 45.523948 ], [ -123.084135, 45.526242 ], [ -123.083415, 45.526229 ], [ -123.082718, 45.527621 ], [ -123.079697, 45.528361 ], [ -123.07709, 45.527896 ], [ -123.075108, 45.52991 ], [ -123.07163, 45.528874 ], [ -123.067026, 45.530308 ], [ -123.06657, 45.531089 ], [ -123.064599, 45.530822 ], [ -123.064665, 45.528394 ], [ -123.064718, 45.526833 ], [ -123.066654, 45.526696 ], [ -123.066677, 45.523998 ], [ -123.070573, 45.523986 ], [ -123.070712, 45.520133 ], [ -123.084189, 45.520226 ], [ -123.088001, 45.520143 ], [ -123.091197, 45.520157 ], [ -123.096786, 45.520194 ], [ -123.099237, 45.51963 ], [ -123.10658, 45.519639 ], [ -123.106573, 45.520224 ] ] ] ] } },
{ "type": "Feature", "properties": { "GEOID": "41067033202", "average_size": 3.0113100848256362 }, "geometry": { "type": "MultiPolygon", "coordinates": [ [ [ [ -123.112002, 45.523856 ], [ -123.111827, 45.530624 ], [ -123.107527, 45.530615 ], [ -123.107684, 45.531563 ], [ -123.107651, 45.537341 ], [ -123.10761, 45.537501 ], [ -123.107601, 45.539067 ], [ -123.106113, 45.54479 ], [ -123.1061, 45.547825 ], [ -123.096216, 45.547695 ], [ -123.093387, 45.54818 ], [ -123.089037, 45.548989 ], [ -123.086201, 45.549534 ], [ -123.085303, 45.549703 ], [ -123.083683, 45.549974 ], [ -123.082513, 45.550209 ], [ -123.080311, 45.550609 ], [ -123.07558, 45.55142 ], [ -123.073467, 45.551474 ], [ -123.073368, 45.548921 ], [ -123.073375, 45.546918 ], [ -123.07327, 45.54182 ], [ -123.075152, 45.538463 ], [ -123.07864, 45.535731 ], [ -123.082781, 45.527675 ], [ -123.082718, 45.527621 ], [ -123.083415, 45.526229 ], [ -123.084135, 45.526242 ], [ -123.084065, 45.523948 ], [ -123.08802, 45.523915 ], [ -123.095276, 45.523933 ], [ -123.09916, 45.523537 ], [ -123.104711, 45.520922 ], [ -123.106573, 45.520224 ], [ -123.10658, 45.519639 ], [ -123.112052, 45.51966 ], [ -123.112002, 45.523856 ] ] ] ] } },
{ "type": "Feature", "properties": { "GEOID": "41067033301", "average_size": 2.7687861271676302 }, "geometry": { "type": "MultiPolygon", "coordinates": [ [ [ [ -123.132646, 45.539304 ], [ -123.131689, 45.539247 ], [ -123.124078, 45.53925 ], [ -123.10773, 45.539068 ], [ -123.107601, 45.539067 ], [ -123.10761, 45.537501 ], [ -123.107651, 45.537341 ], [ -123.107684, 45.531563 ], [ -123.107527, 45.530615 ], [ -123.111827, 45.530624 ], [ -123.112002, 45.523856 ], [ -123.112052, 45.51966 ], [ -123.119862, 45.519725 ], [ -123.121102, 45.519926 ], [ -123.121556, 45.520397 ], [ -123.121551, 45.523919 ], [ -123.121073, 45.526937 ], [ -123.123837, 45.52921 ], [ -123.125047, 45.529631 ], [ -123.131621, 45.534835 ], [ -123.131873, 45.535162 ], [ -123.132646, 45.539304 ] ] ] ] } },
{ "type": "Feature", "properties": { "GEOID": "41067033302", "average_size": 2.7348976535197203 }, "geometry": { "type": "MultiPolygon", "coordinates": [ [ [ [ -123.243434, 45.611929 ], [ -123.239703, 45.609992 ], [ -123.236262, 45.609205 ], [ -123.233999, 45.609286 ], [ -123.23185, 45.609925 ], [ -123.229972, 45.611182 ], [ -123.223856, 45.617851 ], [ -123.221259, 45.619554 ], [ -123.218522, 45.620333 ], [ -123.21031, 45.619965 ], [ -123.206963, 45.62021 ], [ -123.203824, 45.619506 ], [ -123.198958, 45.616444 ], [ -123.197386, 45.616168 ], [ -123.176054, 45.614723 ], [ -123.167458, 45.614113 ], [ -123.165853, 45.613747 ], [ -123.165295, 45.613568 ], [ -123.161701, 45.61197 ], [ -123.160959, 45.611723 ], [ -123.159156, 45.611349 ], [ -123.157858, 45.611232 ], [ -123.146323, 45.611059 ], [ -123.131154, 45.610764 ], [ -123.114358, 45.609154 ], [ -123.114249, 45.582941 ], [ -123.113706, 45.581749 ], [ -123.109838, 45.575852 ], [ -123.109433, 45.574974 ], [ -123.109324, 45.57016 ], [ -123.106117, 45.56621 ], [ -123.10579, 45.563803 ], [ -123.105748, 45.562938 ], [ -123.105528, 45.557688 ], [ -123.1061, 45.547825 ], [ -123.106113, 45.54479 ], [ -123.107601, 45.539067 ], [ -123.10773, 45.539068 ], [ -123.124078, 45.53925 ], [ -123.131689, 45.539247 ], [ -123.132646, 45.539304 ], [ -123.131873, 45.535162 ], [ -123.131621, 45.534835 ], [ -123.125047, 45.529631 ], [ -123.123837, 45.52921 ], [ -123.121073, 45.526937 ], [ -123.121551, 45.523919 ], [ -123.121556, 45.520397 ], [ -123.121102, 45.519926 ], [ -123.127074, 45.520153 ], [ -123.1286, 45.520128 ], [ -123.129671, 45.519722 ], [ -123.129969, 45.518693 ], [ -123.131385, 45.516951 ], [ -123.137105, 45.513744 ], [ -123.141575, 45.511626 ], [ -123.150407, 45.510903 ], [ -123.153775, 45.516143 ], [ -123.158122, 45.516543 ], [ -123.158693, 45.51717 ], [ -123.164122, 45.525394 ], [ -123.166358, 45.526241 ], [ -123.172018, 45.531141 ], [ -123.17171, 45.531569 ], [ -123.170126, 45.533019 ], [ -123.171008, 45.535218 ], [ -123.170822, 45.538355 ], [ -123.168257, 45.541624 ], [ -123.172923, 45.546023 ], [ -123.176012, 45.547288 ], [ -123.178548, 45.549899 ], [ -123.181947, 45.551764 ], [ -123.185995, 45.555412 ], [ -123.189242, 45.559432 ], [ -123.190976, 45.563084 ], [ -123.193005, 45.564151 ], [ -123.198904, 45.570008 ], [ -123.199152, 45.57202 ], [ -123.200086, 45.573367 ], [ -123.202712, 45.575125 ], [ -123.207164, 45.57984 ], [ -123.211084, 45.582808 ], [ -123.213929, 45.585704 ], [ -123.215081, 45.587899 ], [ -123.21504, 45.591481 ], [ -123.218294, 45.596911 ], [ -123.220402, 45.598251 ], [ -123.226822, 45.601679 ], [ -123.230385, 45.604848 ], [ -123.231995, 45.605796 ], [ -123.237739, 45.607166 ], [ -123.240413, 45.608781 ], [ -123.243402, 45.611326 ], [ -123.244751, 45.613103 ], [ -123.243434, 45.611929 ] ] ] ] } },
{ "type": "Feature", "properties": { "GEOID": "41067033400", "average_size": 2.7033096926713949 }, "geometry": { "type": "MultiPolygon", "coordinates": [ [ [ [ -123.34041, 45.779849 ], [ -123.215543, 45.77994 ], [ -123.195899, 45.779909 ], [ -123.122083, 45.780154 ], [ -123.121411, 45.778718 ], [ -123.122523, 45.776093 ], [ -123.123677, 45.775819 ], [ -123.125964, 45.773984 ], [ -123.127442, 45.771362 ], [ -123.127539, 45.769416 ], [ -123.126658, 45.768368 ], [ -123.127365, 45.764196 ], [ -123.125961, 45.762894 ], [ -123.122592, 45.761869 ], [ -123.120914, 45.757751 ], [ -123.12109, 45.755251 ], [ -123.118518, 45.751527 ], [ -123.114608, 45.750358 ], [ -123.109601, 45.748086 ], [ -123.105673, 45.747412 ], [ -123.09989, 45.747375 ], [ -123.09759, 45.745301 ], [ -123.093507, 45.746228 ], [ -123.092105, 45.745869 ], [ -123.09106, 45.744894 ], [ -123.090899, 45.742965 ], [ -123.091579, 45.740575 ], [ -123.089968, 45.74064 ], [ -123.088531, 45.737932 ], [ -123.085246, 45.737178 ], [ -123.082751, 45.735654 ], [ -123.079985, 45.734484 ], [ -123.080897, 45.732765 ], [ -123.081196, 45.729563 ], [ -123.07913, 45.72713 ], [ -123.077159, 45.726184 ], [ -123.07454, 45.7239 ], [ -123.07071, 45.72253 ], [ -123.070441, 45.720903 ], [ -123.068747, 45.718566 ], [ -123.064513, 45.714657 ], [ -123.062619, 45.712068 ], [ -123.062771, 45.709261 ], [ -123.063835, 45.708132 ], [ -123.063175, 45.704001 ], [ -123.064303, 45.702229 ], [ -123.064788, 45.699904 ], [ -123.065691, 45.699051 ], [ -123.065131, 45.697035 ], [ -123.065624, 45.695173 ], [ -123.066728, 45.69387 ], [ -123.067922, 45.686023 ], [ -123.068253, 45.677833 ], [ -123.067181, 45.676486 ], [ -123.06491, 45.675455 ], [ -123.061473, 45.671936 ], [ -123.057712, 45.669232 ], [ -123.054968, 45.666256 ], [ -123.054912, 45.664855 ], [ -123.052527, 45.662118 ], [ -123.052548, 45.656444 ], [ -123.050918, 45.6541 ], [ -123.046492, 45.64652 ], [ -123.046222, 45.644753 ], [ -123.044416, 45.639609 ], [ -123.044211, 45.635536 ], [ -123.040631, 45.633119 ], [ -123.038966, 45.633812 ], [ -123.036359, 45.63236 ], [ -123.033939, 45.632981 ], [ -123.031282, 45.629188 ], [ -123.032096, 45.628423 ], [ -123.030727, 45.627933 ], [ -123.031807, 45.626897 ], [ -123.030345, 45.626196 ], [ -123.030456, 45.624522 ], [ -123.028506, 45.62323 ], [ -123.028698, 45.621633 ], [ -123.030238, 45.620962 ], [ -123.028958, 45.618455 ], [ -123.029847, 45.617711 ], [ -123.032285, 45.615754 ], [ -123.036205, 45.614893 ], [ -123.038809, 45.612291 ], [ -123.040063, 45.612534 ], [ -123.043893, 45.60958 ], [ -123.044179, 45.608409 ], [ -123.054408, 45.612263 ], [ -123.063944, 45.615786 ], [ -123.07779, 45.621011 ], [ -123.094592, 45.630229 ], [ -123.114377, 45.637336 ], [ -123.13077, 45.643273 ], [ -123.137876, 45.646046 ], [ -123.143759, 45.650648 ], [ -123.152509, 45.656258 ], [ -123.160782, 45.660464 ], [ -123.164365, 45.664242 ], [ -123.168451, 45.667843 ], [ -123.171166, 45.669396 ], [ -123.210249, 45.6897 ], [ -123.211749, 45.691401 ], [ -123.213986, 45.696062 ], [ -123.220151, 45.701797 ], [ -123.223628, 45.703589 ], [ -123.226386, 45.703969 ], [ -123.229433, 45.705211 ], [ -123.231098, 45.707756 ], [ -123.232642, 45.709171 ], [ -123.237118, 45.712045 ], [ -123.238277, 45.71338 ], [ -123.238932, 45.715753 ], [ -123.23822, 45.721272 ], [ -123.239774, 45.724133 ], [ -123.246209, 45.72706 ], [ -123.249519, 45.729206 ], [ -123.254823, 45.732186 ], [ -123.2581, 45.735502 ], [ -123.259294, 45.736284 ], [ -123.271645, 45.7426 ], [ -123.272849, 45.743678 ], [ -123.276753, 45.748114 ], [ -123.278819, 45.75203 ], [ -123.279925, 45.753223 ], [ -123.289071, 45.757383 ], [ -123.292025, 45.758079 ], [ -123.310471, 45.761762 ], [ -123.31234, 45.762454 ], [ -123.314654, 45.763863 ], [ -123.320398, 45.770043 ], [ -123.323188, 45.772407 ], [ -123.328127, 45.775206 ], [ -123.336238, 45.77859 ], [ -123.34041, 45.779849 ] ] ] ] } },
{ "type": "Feature", "properties": { "GEOID": "41067033500", "average_size": 2.4798177083333335 }, "geometry": { "type": "MultiPolygon", "coordinates": [ [ [ [ -123.484725, 45.694472 ], [ -123.484726, 45.708764 ], [ -123.361028, 45.708696 ], [ -123.36141, 45.737128 ], [ -123.361046, 45.743418 ], [ -123.361657, 45.757741 ], [ -123.361225, 45.76493 ], [ -123.361622, 45.779579 ], [ -123.34041, 45.779849 ], [ -123.336238, 45.77859 ], [ -123.328127, 45.775206 ], [ -123.323188, 45.772407 ], [ -123.320398, 45.770043 ], [ -123.314654, 45.763863 ], [ -123.31234, 45.762454 ], [ -123.310471, 45.761762 ], [ -123.292025, 45.758079 ], [ -123.289071, 45.757383 ], [ -123.279925, 45.753223 ], [ -123.278819, 45.75203 ], [ -123.276753, 45.748114 ], [ -123.272849, 45.743678 ], [ -123.271645, 45.7426 ], [ -123.259294, 45.736284 ], [ -123.2581, 45.735502 ], [ -123.254823, 45.732186 ], [ -123.249519, 45.729206 ], [ -123.246209, 45.72706 ], [ -123.239774, 45.724133 ], [ -123.23822, 45.721272 ], [ -123.238932, 45.715753 ], [ -123.238277, 45.71338 ], [ -123.237118, 45.712045 ], [ -123.232642, 45.709171 ], [ -123.231098, 45.707756 ], [ -123.229433, 45.705211 ], [ -123.226386, 45.703969 ], [ -123.223628, 45.703589 ], [ -123.220151, 45.701797 ], [ -123.213986, 45.696062 ], [ -123.211749, 45.691401 ], [ -123.210249, 45.6897 ], [ -123.171166, 45.669396 ], [ -123.168451, 45.667843 ], [ -123.164365, 45.664242 ], [ -123.160782, 45.660464 ], [ -123.152509, 45.656258 ], [ -123.143759, 45.650648 ], [ -123.137876, 45.646046 ], [ -123.13077, 45.643273 ], [ -123.114377, 45.637336 ], [ -123.094592, 45.630229 ], [ -123.07779, 45.621011 ], [ -123.063944, 45.615786 ], [ -123.067715, 45.615994 ], [ -123.100039, 45.609217 ], [ -123.104189, 45.608634 ], [ -123.107295, 45.608561 ], [ -123.114358, 45.609154 ], [ -123.131154, 45.610764 ], [ -123.146323, 45.611059 ], [ -123.157858, 45.611232 ], [ -123.159156, 45.611349 ], [ -123.160959, 45.611723 ], [ -123.161701, 45.61197 ], [ -123.165295, 45.613568 ], [ -123.165853, 45.613747 ], [ -123.167458, 45.614113 ], [ -123.176054, 45.614723 ], [ -123.197386, 45.616168 ], [ -123.198958, 45.616444 ], [ -123.203824, 45.619506 ], [ -123.206963, 45.62021 ], [ -123.21031, 45.619965 ], [ -123.218522, 45.620333 ], [ -123.221259, 45.619554 ], [ -123.223856, 45.617851 ], [ -123.229972, 45.611182 ], [ -123.23185, 45.609925 ], [ -123.233999, 45.609286 ], [ -123.236262, 45.609205 ], [ -123.239703, 45.609992 ], [ -123.243434, 45.611929 ], [ -123.244751, 45.613103 ], [ -123.247428, 45.615824 ], [ -123.249975, 45.617294 ], [ -123.253844, 45.618406 ], [ -123.257006, 45.62009 ], [ -123.267722, 45.627918 ], [ -123.268449, 45.629166 ], [ -123.267829, 45.631866 ], [ -123.267747, 45.634662 ], [ -123.266744, 45.637258 ], [ -123.266603, 45.638999 ], [ -123.268788, 45.643276 ], [ -123.269263, 45.646419 ], [ -123.271146, 45.647929 ], [ -123.275888, 45.650546 ], [ -123.302658, 45.654334 ], [ -123.306047, 45.654729 ], [ -123.308369, 45.65401 ], [ -123.313015, 45.651296 ], [ -123.315964, 45.650302 ], [ -123.324543, 45.64905 ], [ -123.327142, 45.649079 ], [ -123.330808, 45.648331 ], [ -123.333884, 45.649153 ], [ -123.340484, 45.648788 ], [ -123.342279, 45.648465 ], [ -123.343785, 45.647646 ], [ -123.346031, 45.64534 ], [ -123.348826, 45.644681 ], [ -123.352554, 45.64217 ], [ -123.355355, 45.640893 ], [ -123.355799, 45.639532 ], [ -123.358397, 45.636393 ], [ -123.359591, 45.634198 ], [ -123.363569, 45.631687 ], [ -123.366792, 45.631318 ], [ -123.368346, 45.630558 ], [ -123.369338, 45.627241 ], [ -123.370107, 45.626506 ], [ -123.37533, 45.623964 ], [ -123.376916, 45.622077 ], [ -123.380663, 45.621985 ], [ -123.380216, 45.635752 ], [ -123.400895, 45.636083 ], [ -123.423273, 45.636176 ], [ -123.423002, 45.65062 ], [ -123.443849, 45.650678 ], [ -123.443752, 45.665126 ], [ -123.464087, 45.66514 ], [ -123.464329, 45.669573 ], [ -123.464357, 45.679274 ], [ -123.485124, 45.67925 ], [ -123.484725, 45.694472 ] ] ] ] } },
{ "type": "Feature", "properties": { "GEOID": "41067033600", "average_size": 2.870049504950495 }, "geometry": { "type": "MultiPolygon", "coordinates": [ [ [ [ -123.485441, 45.447136 ], [ -123.463883, 45.44726 ], [ -123.461962, 45.462109 ], [ -123.461849, 45.466555 ], [ -123.461575, 45.47729 ], [ -123.461181, 45.49156 ], [ -123.441119, 45.491273 ], [ -123.440737, 45.50533 ], [ -123.442721, 45.521115 ], [ -123.421968, 45.521408 ], [ -123.421935, 45.535376 ], [ -123.402146, 45.535646 ], [ -123.40205, 45.550068 ], [ -123.361147, 45.549902 ], [ -123.361194, 45.558462 ], [ -123.361131, 45.578779 ], [ -123.319997, 45.578684 ], [ -123.320211, 45.592984 ], [ -123.299258, 45.593017 ], [ -123.299438, 45.607247 ], [ -123.340332, 45.607455 ], [ -123.340499, 45.622201 ], [ -123.360373, 45.622502 ], [ -123.376916, 45.622077 ], [ -123.37533, 45.623964 ], [ -123.370107, 45.626506 ], [ -123.369338, 45.627241 ], [ -123.368346, 45.630558 ], [ -123.366792, 45.631318 ], [ -123.363569, 45.631687 ], [ -123.359591, 45.634198 ], [ -123.358397, 45.636393 ], [ -123.355799, 45.639532 ], [ -123.355355, 45.640893 ], [ -123.352554, 45.64217 ], [ -123.348826, 45.644681 ], [ -123.346031, 45.64534 ], [ -123.343785, 45.647646 ], [ -123.342279, 45.648465 ], [ -123.340484, 45.648788 ], [ -123.333884, 45.649153 ], [ -123.330808, 45.648331 ], [ -123.327142, 45.649079 ], [ -123.324543, 45.64905 ], [ -123.315964, 45.650302 ], [ -123.313015, 45.651296 ], [ -123.308369, 45.65401 ], [ -123.306047, 45.654729 ], [ -123.302658, 45.654334 ], [ -123.275888, 45.650546 ], [ -123.271146, 45.647929 ], [ -123.269263, 45.646419 ], [ -123.268788, 45.643276 ], [ -123.266603, 45.638999 ], [ -123.266744, 45.637258 ], [ -123.267747, 45.634662 ], [ -123.267829, 45.631866 ], [ -123.268449, 45.629166 ], [ -123.267722, 45.627918 ], [ -123.257006, 45.62009 ], [ -123.253844, 45.618406 ], [ -123.249975, 45.617294 ], [ -123.247428, 45.615824 ], [ -123.244751, 45.613103 ], [ -123.243402, 45.611326 ], [ -123.240413, 45.608781 ], [ -123.237739, 45.607166 ], [ -123.231995, 45.605796 ], [ -123.230385, 45.604848 ], [ -123.226822, 45.601679 ], [ -123.220402, 45.598251 ], [ -123.218294, 45.596911 ], [ -123.21504, 45.591481 ], [ -123.215081, 45.587899 ], [ -123.213929, 45.585704 ], [ -123.211084, 45.582808 ], [ -123.207164, 45.57984 ], [ -123.202712, 45.575125 ], [ -123.200086, 45.573367 ], [ -123.199152, 45.57202 ], [ -123.198904, 45.570008 ], [ -123.193005, 45.564151 ], [ -123.190976, 45.563084 ], [ -123.189242, 45.559432 ], [ -123.185995, 45.555412 ], [ -123.181947, 45.551764 ], [ -123.178548, 45.549899 ], [ -123.176012, 45.547288 ], [ -123.172923, 45.546023 ], [ -123.168257, 45.541624 ], [ -123.170822, 45.538355 ], [ -123.171008, 45.535218 ], [ -123.170126, 45.533019 ], [ -123.17171, 45.531569 ], [ -123.172018, 45.531141 ], [ -123.166358, 45.526241 ], [ -123.164122, 45.525394 ], [ -123.158693, 45.51717 ], [ -123.158122, 45.516543 ], [ -123.153775, 45.516143 ], [ -123.150407, 45.510903 ], [ -123.148556, 45.508158 ], [ -123.145877, 45.506302 ], [ -123.141572, 45.505279 ], [ -123.132385, 45.505327 ], [ -123.130288, 45.496809 ], [ -123.129341, 45.493101 ], [ -123.128913, 45.492591 ], [ -123.126345, 45.489835 ], [ -123.123864, 45.490282 ], [ -123.126379, 45.48583 ], [ -123.126534, 45.485556 ], [ -123.130608, 45.483243 ], [ -123.131406, 45.482601 ], [ -123.135683, 45.480124 ], [ -123.137407, 45.478186 ], [ -123.141136, 45.472239 ], [ -123.143011, 45.470115 ], [ -123.147241, 45.468394 ], [ -123.150328, 45.464815 ], [ -123.155999, 45.461429 ], [ -123.156201, 45.461016 ], [ -123.154977, 45.456794 ], [ -123.153668, 45.454395 ], [ -123.151815, 45.452031 ], [ -123.151322, 45.44937 ], [ -123.15213, 45.446702 ], [ -123.15388, 45.444749 ], [ -123.157941, 45.443549 ], [ -123.160099, 45.444034 ], [ -123.16725, 45.447415 ], [ -123.170462, 45.447997 ], [ -123.177563, 45.448522 ], [ -123.180809, 45.446744 ], [ -123.182142, 45.444473 ], [ -123.185283, 45.443809 ], [ -123.191117, 45.441741 ], [ -123.192763, 45.439512 ], [ -123.195491, 45.438129 ], [ -123.197973, 45.437873 ], [ -123.200608, 45.438372 ], [ -123.209265, 45.433707 ], [ -123.46488, 45.433332 ], [ -123.48608, 45.433199 ], [ -123.485441, 45.447136 ] ] ] ] } }
]
}
